# File generated by ImageToStl.com - Free Image and 3D model conversion tools

mtllib axe_-_low_poly_weapon.mtl

o obj1
v -0.14073921 -0.20565221 0.00907328
v -0.14585009 -0.20177392 0.00641578
v -0.14796709 -0.20016748 -0
v -0.14585009 -0.20177392 -0.00641578
v -0.14073921 -0.20565221 -0.00907328
v -0.13562833 -0.20953049 -0.00641578
v -0.13351134 -0.21113694 -0
v -0.13562834 -0.20953049 0.00641578
v -0.02974251 -0.0738541 -0.00875029
v -0.0268552 -0.07604508 -0
v -0.03270858 -0.07867376 -0
v -0.03487869 -0.07702701 -0.00657676
v -0.03671309 -0.06856462 -0.01237478
v -0.02974251 -0.0738541 -0.00875029
v -0.03487869 -0.07702701 -0.00657676
v -0.0401178 -0.07305142 -0.00930094
v -0.04368367 -0.06327514 -0.00875029
v -0.04535692 -0.06907582 -0.00657676
v -0.04657097 -0.06108417 -0
v -0.04752703 -0.06742908 -0
v -0.04368366 -0.06327514 0.00875029
v -0.04535692 -0.06907582 0.00657675
v -0.03671309 -0.06856462 0.01237477
v -0.0401178 -0.07305142 0.00930093
v -0.02974251 -0.0738541 0.00875029
v -0.03487869 -0.07702701 0.00657675
v -0.02906488 -0.06925147 -0.00650784
v -0.02691751 -0.07088096 -0
v -0.0342491 -0.06531753 -0.00920348
v -0.02906488 -0.06925147 -0.00650784
v -0.03943332 -0.06138359 -0.00650784
v -0.04158069 -0.0597541 -0
v -0.03943332 -0.06138359 0.00650784
v -0.0342491 -0.06531753 0.00920348
v -0.02906488 -0.06925147 0.00650784
v -0.10328786 -0.17380204 -0
v -0.10400205 -0.17762216 -0
v -0.10687688 -0.17544066 -0.00871247
v -0.10575664 -0.17192866 -0.00748189
v -0.10575664 -0.17192865 0.00748188
v -0.10687688 -0.17544066 0.00871247
v -0.11171679 -0.16740591 0.01058098
v -0.11381733 -0.17017404 0.01232129
v -0.11767694 -0.16288317 0.00748188
v -0.12075777 -0.16490742 0.00871247
v -0.12014572 -0.16100979 -0
v -0.1236326 -0.16272592 -0
v -0.11767694 -0.16288317 -0.00748189
v -0.12075778 -0.16490742 -0.00871247
v -0.11171679 -0.16740591 -0.01058099
v -0.11381733 -0.17017404 -0.01232129
v -0.12916519 -0.21078262 -0
v -0.13204002 -0.20860111 -0.00871247
v -0.13204002 -0.20860111 0.00871246
v -0.13898046 -0.20333449 0.01232129
v -0.14592091 -0.19806788 0.00871246
v -0.14879574 -0.19588637 -0
v -0.14592091 -0.19806788 -0.00871247
v -0.13898046 -0.20333449 -0.01232129
v 0.12216875 0.03781256 0.00493926
v 0.12597395 0.03941482 0.00493926
v 0.1238847 0.03972836 0.00493926
v 0.13243062 0.04470058 0.00493926
v 0.12903284 0.04554725 0.00493926
v 0.13840116 0.05106023 0.00493926
v 0.13368387 0.05135432 0.00493926
v 0.145878 0.05973694 0.00493926
v 0.13827431 0.05790345 0.00493926
v 0.15219595 0.07296986 0.00493926
v 0.14196851 0.06676427 0.00493927
v 0.15574584 0.08636231 0.00493926
v 0.14387738 0.07650514 0.00493926
v 0.15380508 0.09874493 0.00493926
v 0.13970052 0.08285412 0.00493927
v 0.13970052 0.08285412 0.00493927
v 0.15380508 0.09874493 0.00493926
v 0.14576869 0.10056965 0.00493926
v 0.13504744 0.08811971 0.00493927
v 0.13871047 0.10422709 0.00493926
v 0.13013594 0.09306561 0.00493927
v 0.13871047 0.10422709 0.00493926
v 0.13230048 0.10821729 0.00493926
v 0.1251415 0.09772338 0.00493927
v 0.13013594 0.09306561 0.00493927
v 0.12879197 0.11044092 0.00493926
v 0.1214114 0.10011005 0.00493927
v 0.12839636 0.11246754 0.00690827
v 0.11927312 0.09969739 0.00690828
v 0.1243635 0.09644042 0.00690828
v 0.12905534 0.09195632 0.00690828
v 0.12905534 0.09195632 0.00690828
v 0.13386202 0.08718243 0.00690829
v 0.138576 0.08185664 0.00690829
v 0.138576 0.08185664 0.00690829
v 0.14218963 0.07623271 0.00690828
v 0.14054587 0.06724045 0.00690828
v 0.13691336 0.05857518 0.00690828
v 0.13248311 0.05225458 0.00690828
v 0.12788504 0.04651363 0.00690828
v 0.1227643 0.04072572 0.00690828
v 0.11659528 0.03383819 0.00690828
v 0.12675615 0.03811663 0.00690828
v 0.1334569 0.04360221 0.00690827
v 0.13951663 0.05005685 0.00690828
v 0.14714523 0.05890969 0.00690827
v 0.15360996 0.07245005 0.00690827
v 0.15727662 0.08628295 0.00690827
v 0.15511077 0.10010135 0.00690827
v 0.15511077 0.10010135 0.00690827
v 0.14628034 0.10201973 0.00690827
v 0.13956619 0.10546091 0.00690827
v 0.13956619 0.10546091 0.00690827
v 0.1331585 0.10944936 0.00690827
v 0.12216875 0.03781256 -0.0049393
v 0.1238847 0.03972836 -0.0049393
v 0.12597395 0.03941482 -0.0049393
v 0.12903284 0.04554725 -0.00493931
v 0.13243062 0.04470058 -0.0049393
v 0.13368387 0.05135432 -0.00493931
v 0.13840116 0.05106023 -0.00493931
v 0.13827431 0.05790345 -0.00493931
v 0.145878 0.05973694 -0.00493931
v 0.14196851 0.06676427 -0.00493932
v 0.15219595 0.07296986 -0.00493931
v 0.14387738 0.07650514 -0.00493932
v 0.15574584 0.08636231 -0.00493931
v 0.13970051 0.08285412 -0.00493932
v 0.15380508 0.09874493 -0.00493932
v 0.13970051 0.08285412 -0.00493932
v 0.13504743 0.08811972 -0.00493932
v 0.14576868 0.10056965 -0.00493931
v 0.15380508 0.09874493 -0.00493932
v 0.13013594 0.09306561 -0.00493932
v 0.13871044 0.10422706 -0.00493931
v 0.13871044 0.10422706 -0.00493931
v 0.13013594 0.09306561 -0.00493932
v 0.1251415 0.09772338 -0.00493932
v 0.13230048 0.10821729 -0.00493931
v 0.1214114 0.10011005 -0.00493931
v 0.12879197 0.11044092 -0.00493931
v 0.12839636 0.11246754 -0.00690833
v 0.11927312 0.09969739 -0.00690833
v 0.1243635 0.09644043 -0.00690834
v 0.12905534 0.09195632 -0.00690834
v 0.12905534 0.09195632 -0.00690834
v 0.13386202 0.08718243 -0.00690834
v 0.13857597 0.08185661 -0.00690834
v 0.13857597 0.08185661 -0.00690834
v 0.14218963 0.07623271 -0.00690834
v 0.14054587 0.06724045 -0.00690834
v 0.13691336 0.05857518 -0.00690833
v 0.13248311 0.05225458 -0.00690833
v 0.12788504 0.04651363 -0.00690833
v 0.1227643 0.04072572 -0.00690832
v 0.11659528 0.03383819 -0.00690832
v 0.12675615 0.03811663 -0.00690832
v 0.1334569 0.04360221 -0.00690832
v 0.13951663 0.05005685 -0.00690833
v 0.14714523 0.05890969 -0.00690833
v 0.15360996 0.07245005 -0.00690833
v 0.15727662 0.08628295 -0.00690833
v 0.15511077 0.10010135 -0.00690833
v 0.15511077 0.10010135 -0.00690833
v 0.14628034 0.10201973 -0.00690833
v 0.13956618 0.10546091 -0.00690833
v 0.13956618 0.10546091 -0.00690833
v 0.1331585 0.10944936 -0.00690833
v 0.06282364 0.13643518 0.00493927
v 0.06842793 0.14614705 0.00493927
v 0.04435524 0.16147289 0.00493927
v 0.03074412 0.14381071 0.00493927
v 0.06282364 0.13643518 0.00493927
v 0.05697033 0.12678305 0.00493927
v 0.07511711 0.1190953 0.00493927
v 0.07996086 0.12571296 0.00493927
v 0.06842793 0.14614705 0.00493927
v 0.08458997 0.13211116 0.00493927
v 0.0901237 0.13901606 0.00493928
v 0.07477113 0.15713939 0.00493928
v 0.08228092 0.16534418 0.00493928
v 0.07388352 0.18971559 0.00493928
v 0.05761092 0.17590547 0.00493928
v 0.07477113 0.15713939 0.00493928
v 0.04982413 0.11499892 0.00493926
v 0.05697033 0.12678305 0.00493927
v 0.02100573 0.12673759 0.00493927
v 0.01314886 0.1082239 0.00493926
v 0.04982413 0.11499892 0.00493926
v 0.04323835 0.10454217 0.00493926
v 0.06311593 0.0995959 0.00493926
v 0.06828327 0.10907484 0.00493926
v 0.09575652 0.14426557 0.00493928
v 0.08228092 0.16534418 0.00493928
v 0.04323835 0.10454217 0.00493926
v 0.00994656 0.09634231 0.00493926
v 0.09898498 0.14385698 0.0069083
v 0.0845476 0.16644002 0.0069083
v 0.0845476 0.16644002 0.0069083
v 0.07505533 0.19398903 0.0069083
v 0.0558748 0.17771103 0.0069083
v 0.04244094 0.16308445 0.00690829
v 0.02865828 0.14519967 0.00690829
v 0.0187616 0.12784904 0.00690828
v 0.01077998 0.1090414 0.00690828
v 0.00642998 0.09290145 0.00690827
v 0.04323527 0.10196668 0.00690828
v 0.04323527 0.10196668 0.00690828
v 0.0643865 0.09670349 0.00690828
v 0.07041876 0.10776902 0.00690828
v 0.07715907 0.11765233 0.00690829
v 0.08198228 0.12424195 0.00690829
v 0.08657932 0.1305958 0.00690829
v 0.09196098 0.13731096 0.00690829
v 0.06282364 0.13643518 -0.00493924
v 0.03074412 0.14381071 -0.00493925
v 0.04435524 0.16147289 -0.00493924
v 0.06842793 0.14614705 -0.00493924
v 0.06282364 0.13643518 -0.00493924
v 0.07996086 0.12571296 -0.00493924
v 0.07511711 0.1190953 -0.00493924
v 0.05697033 0.12678305 -0.00493924
v 0.06842793 0.14614705 -0.00493924
v 0.07477113 0.15713939 -0.00493924
v 0.0901237 0.13901606 -0.00493924
v 0.08458997 0.13211116 -0.00493924
v 0.08228092 0.16534418 -0.00493924
v 0.07477113 0.15713939 -0.00493924
v 0.05761092 0.17590547 -0.00493924
v 0.07388352 0.18971559 -0.00493924
v 0.04982413 0.11499892 -0.00493924
v 0.01314886 0.1082239 -0.00493925
v 0.02100573 0.12673759 -0.00493925
v 0.05697033 0.12678305 -0.00493924
v 0.04982413 0.11499892 -0.00493924
v 0.06828327 0.10907484 -0.00493924
v 0.06311593 0.0995959 -0.00493924
v 0.04323835 0.10454217 -0.00493924
v 0.08228092 0.16534418 -0.00493924
v 0.09575652 0.14426557 -0.00493924
v 0.04323835 0.10454217 -0.00493924
v 0.00994656 0.09634231 -0.00493925
v 0.09898498 0.14385698 -0.00690826
v 0.0845476 0.16644002 -0.00690826
v 0.0845476 0.16644002 -0.00690826
v 0.07505533 0.19398903 -0.00690826
v 0.0558748 0.17771104 -0.00690826
v 0.04244094 0.16308445 -0.00690826
v 0.02865828 0.14519967 -0.00690827
v 0.01876162 0.12784906 -0.00690827
v 0.01077998 0.1090414 -0.00690827
v 0.00642998 0.09290145 -0.00690827
v 0.04323527 0.10196668 -0.00690826
v 0.04323527 0.10196668 -0.00690826
v 0.0643865 0.09670349 -0.00690826
v 0.07041876 0.10776902 -0.00690826
v 0.07715907 0.11765233 -0.00690826
v 0.08198228 0.12424195 -0.00690826
v 0.08657932 0.1305958 -0.00690826
v 0.09196098 0.13731096 -0.00690826
v -0.1403062 -0.17113368 -0.01333728
v -0.11909212 -0.17712525 -0.01333728
v -0.13523533 -0.19839909 -0.01333728
v -0.14671614 -0.17958081 -0.01333728
v -0.13523534 -0.19839909 0.01333727
v -0.11909212 -0.17712526 0.01333727
v -0.1403062 -0.17113368 0.01333727
v -0.14671614 -0.17958082 0.01333728
v -0.10761131 -0.19594353 -0.01333728
v -0.11402125 -0.20439066 -0.01333728
v -0.11402125 -0.20439067 0.01333728
v -0.10761131 -0.19594353 0.01333727
v -0.14832955 -0.17984081 -0.01575108
v -0.14049009 -0.16950983 -0.01575108
v -0.11830938 -0.17609374 -0.01575108
v -0.1059979 -0.19568353 -0.01575108
v -0.11383735 -0.20601451 -0.01575108
v -0.13601807 -0.1994306 -0.01575108
v -0.14832955 -0.17984082 0.01575108
v -0.13601808 -0.1994306 0.01575108
v -0.11383736 -0.20601452 0.01575108
v -0.1059979 -0.19568353 0.01575108
v -0.11830938 -0.17609375 0.01575107
v -0.14049009 -0.16950983 0.01575108
vn 0 0 -1
vn 0.82495 0.34171 -0.45021
vn 0.82495 0.34171 -0.45021
vn 0.82495 0.34171 -0.45021
vn 0.82495 0.34171 -0.45021
vn 0.82495 0.34171 -0.45021
vn 0.82495 0.34171 -0.45021
vn 0.34171 0.82495 -0.45022
vn 0.34171 0.82495 -0.45022
vn 0.34171 0.82495 -0.45022
vn 0.34171 0.82495 -0.45022
vn 0.34171 0.82495 -0.45022
vn 0.34171 0.82495 -0.45022
vn -0.34171 0.82495 -0.45022
vn -0.34171 0.82495 -0.45022
vn -0.34171 0.82495 -0.45022
vn -0.34171 0.82495 -0.45022
vn -0.34171 0.82495 -0.45022
vn -0.34171 0.82495 -0.45021
vn -0.82495 0.34171 -0.45021
vn -0.82495 0.34171 -0.45021
vn -0.82495 0.34171 -0.45021
vn -0.82495 0.34171 -0.45021
vn -0.82495 0.34171 -0.45021
vn -0.82495 -0.34171 -0.45021
vn -0.82495 -0.34171 -0.45021
vn -0.82495 -0.34171 -0.45021
vn -0.82495 -0.34171 -0.45021
vn -0.82495 -0.34171 -0.45021
vn -0.82495 -0.34171 -0.45021
vn -0.34171 -0.82495 -0.45021
vn -0.34171 -0.82495 -0.45021
vn -0.34171 -0.82495 -0.45021
vn -0.34171 -0.82495 -0.45021
vn -0.34171 -0.82495 -0.45021
vn -0.34171 -0.82495 -0.45021
vn 0.34171 -0.82495 -0.45021
vn 0.34171 -0.82495 -0.45021
vn 0.34171 -0.82495 -0.45021
vn 0.34171 -0.82495 -0.45021
vn 0.34171 -0.82495 -0.45021
vn 0.34171 -0.82495 -0.45021
vn 0.82495 -0.34171 -0.45021
vn 0.82495 -0.34171 -0.45021
vn 0.82495 -0.34171 -0.45021
vn 0.82495 -0.34171 -0.45021
vn 0.82495 -0.34171 -0.45021
vn 0.75019 0.31074 0.58366
vn 0.75019 0.31074 0.58366
vn 0.75019 0.31074 0.58366
vn 0.75019 0.31074 0.58366
vn 0.31074 0.75019 0.58366
vn 0.31074 0.75019 0.58366
vn 0.31074 0.75019 0.58366
vn 0.31074 0.75019 0.58366
vn 0.31074 0.75019 0.58366
vn -0.31074 0.75019 0.58366
vn -0.31074 0.75019 0.58366
vn -0.31074 0.75019 0.58366
vn -0.31074 0.75019 0.58366
vn -0.31074 0.75019 0.58366
vn -0.75019 0.31074 0.58366
vn -0.75019 0.31074 0.58366
vn -0.75019 0.31074 0.58366
vn -0.75019 0.31074 0.58366
vn -0.75019 0.31074 0.58366
vn -0.75019 -0.31074 0.58366
vn -0.75019 -0.31074 0.58366
vn -0.75019 -0.31074 0.58366
vn -0.75019 -0.31074 0.58366
vn -0.75019 -0.31074 0.58366
vn -0.31074 -0.75019 0.58366
vn -0.31074 -0.75019 0.58366
vn -0.31074 -0.75019 0.58366
vn -0.31074 -0.75019 0.58366
vn -0.31074 -0.75019 0.58366
vn -0.31074 -0.75019 0.58366
vn 0.31074 -0.75019 0.58366
vn 0.31074 -0.75019 0.58366
vn 0.31074 -0.75019 0.58366
vn 0.75019 -0.31074 0.58366
vn 0.75019 -0.31074 0.58366
vn 0.75019 -0.31074 0.58366
vn 0.75019 -0.31074 0.58366
vn 0.83847 0.34731 0.41993
vn 0.83847 0.34731 0.41993
vn 0.83847 0.34731 0.41993
vn 0.83847 0.34731 0.41993
vn 0.83847 0.34731 0.41993
vn 0.83847 0.34731 0.41993
vn 0.83847 -0.34731 0.41993
vn 0.83847 -0.34731 0.41993
vn 0.83847 -0.34731 0.41993
vn 0.83847 -0.34731 0.41993
vn 0.34731 -0.83847 0.41993
vn 0.34731 -0.83847 0.41993
vn 0.34731 -0.83847 0.41993
vn 0.34731 -0.83847 0.41993
vn 0.34731 -0.83847 0.41993
vn -0.34731 -0.83847 0.41993
vn -0.34731 -0.83847 0.41993
vn -0.34731 -0.83847 0.41993
vn -0.34731 -0.83847 0.41993
vn -0.34731 -0.83847 0.41993
vn -0.34731 -0.83847 0.41993
vn -0.83847 -0.34731 0.41993
vn -0.83847 -0.34731 0.41993
vn -0.83847 -0.34731 0.41993
vn -0.83847 -0.34731 0.41993
vn -0.83847 -0.34731 0.41993
vn -0.83847 -0.34731 0.41993
vn -0.83847 0.34731 0.41993
vn -0.83847 0.34731 0.41993
vn -0.83847 0.34731 0.41993
vn -0.83847 0.34731 0.41993
vn -0.83847 0.34731 0.41993
vn -0.34731 0.83847 0.41993
vn -0.34731 0.83847 0.41993
vn -0.34731 0.83847 0.41993
vn -0.34731 0.83847 0.41993
vn -0.34731 0.83847 0.41993
vn 0.34731 0.83847 0.41993
vn 0.34731 0.83847 0.41993
vn 0.34731 0.83847 0.41993
vn 0.34731 0.83847 0.41993
vn 0.34731 0.83847 0.41993
vn 0.92388 0.38268 -0
vn 0.92388 0.38268 -0
vn 0.92388 0.38268 0
vn 0.92388 0.38268 0
vn 0.92388 -0.38268 -0
vn 0.92388 -0.38268 -0
vn 0.92388 -0.38268 -0
vn 0.92388 -0.38268 -0
vn 0.92388 -0.38268 -0
vn 0.38268 -0.92388 -0
vn 0.38268 -0.92388 -0
vn 0.38268 -0.92388 -0
vn 0.38268 -0.92388 -0
vn 0.38268 -0.92388 -0
vn 0.38268 -0.92388 -0
vn -0.38268 -0.92388 0
vn -0.38268 -0.92388 0
vn -0.38268 -0.92388 0
vn -0.38268 -0.92388 -0
vn -0.38268 -0.92388 -0
vn -0.38268 -0.92388 -0
vn -0.92388 -0.38268 -0
vn -0.92388 -0.38268 -0
vn -0.92388 -0.38268 -0
vn -0.92388 -0.38268 -0
vn -0.92388 0.38268 0
vn -0.92388 0.38268 0
vn -0.92388 0.38268 0
vn -0.92388 0.38268 -0
vn -0.92388 0.38268 -0
vn -0.38268 0.92388 -0
vn -0.38268 0.92388 -0
vn -0.38268 0.92388 -0
vn -0.38268 0.92388 -0
vn -0.38268 0.92388 -0
vn 0.38268 0.92388 0
vn 0.38268 0.92388 0
vn 0.38268 0.92388 0
vn 0.38268 0.92388 -0
vn 0.38268 0.92388 -0
vn 0.38268 0.92388 -0
vn 0.64311 0.26639 -0.71794
vn 0.64311 0.26639 -0.71794
vn 0.64311 0.26639 -0.71794
vn 0.64311 0.26639 -0.71794
vn 0.64311 -0.26639 -0.71794
vn 0.64311 -0.26639 -0.71794
vn 0.64311 -0.26639 -0.71794
vn 0.64311 -0.26639 -0.71794
vn 0.26639 -0.64311 -0.71794
vn 0.26639 -0.64311 -0.71794
vn 0.26639 -0.64311 -0.71794
vn 0.26639 -0.64311 -0.71794
vn 0.26639 -0.64311 -0.71794
vn -0.26639 -0.64311 -0.71794
vn -0.26639 -0.64311 -0.71794
vn -0.26639 -0.64311 -0.71794
vn -0.64311 -0.26639 -0.71794
vn -0.64311 -0.26639 -0.71794
vn -0.64311 -0.26639 -0.71794
vn -0.64311 -0.26639 -0.71794
vn -0.64311 0.26639 -0.71794
vn -0.64311 0.26639 -0.71794
vn -0.64311 0.26639 -0.71794
vn -0.64311 0.26639 -0.71794
vn -0.64311 0.26639 -0.71794
vn -0.26639 0.64311 -0.71794
vn -0.26639 0.64311 -0.71794
vn -0.26639 0.64311 -0.71794
vn -0.26639 0.64311 -0.71794
vn -0.26639 0.64311 -0.71794
vn 0.26639 0.64311 -0.71794
vn 0.26639 0.64311 -0.71794
vn 0.26639 0.64311 -0.71794
vn 0.26639 0.64311 -0.71794
vn 0 -1 -0
vn 0 -1 -0
vn 0 -1 -0
vn 0 -1 0
vn 0 -1 0
vn 0 -1 0
vn 0 -1 -0
vn 0 -1 -0
vn 0 -1 -0
vn 0 -1 0
vn 0 -1 0
vn 0 -1 0
vn 0 -1 0
vn 0 -1 0
vn 0 -1 0
vn 0 -1 0
vn 0 -1 -0
vn 0 -1 -0
vn 0 -1 -0
vn 0 -1 0
vn 0 -1 0
vn 0 -1 0
vn 0 -1 0
vn 0 -1 0
vn 0 -1 0
vn 0 -1 0
vn 0 -1 0
vn 0 -1 0
vn -0 -1 0
vn 0 -1 0
vn 0 -1 0
vn 0 -1 0
vn 0 -1 0
vn 0 -1 0
vn -0 -1 0
vn -0 -1 0
vn -0 -1 0
vn -0 -1 0
vn -0 -1 0
vn 0 -1 0
vn 0 -1 0
vn 0 -1 0
vn -0 -1 0
vn -0 -1 0
vn -0 -1 0
vn -0 -1 0
vn -0 -1 0
vn 0.79514 -0.60599 0.0229
vn 0.79514 -0.60599 0.0229
vn 0.79514 -0.60599 0.0229
vn 0.79514 -0.60599 0.0229
vn 0.79514 -0.60599 0.0229
vn -0.06352 -0.60599 0.79293
vn -0.06352 -0.60599 0.79293
vn -0.06352 -0.60599 0.79293
vn -0.06351 -0.606 0.79293
vn -0.06351 -0.606 0.79293
vn 0.08913 -0.61818 0.78096
vn 0.08913 -0.61818 0.78096
vn 0.08913 -0.61818 0.78096
vn 0.08114 -0.59794 0.79742
vn 0.08114 -0.59794 0.79742
vn 0.10536 -0.60609 0.78839
vn 0.10536 -0.60609 0.78839
vn 0.1095 -0.61815 0.7784
vn 0.1095 -0.61815 0.7784
vn 0.15568 -0.6068 0.77946
vn 0.15568 -0.6068 0.77946
vn 0.15568 -0.6068 0.77946
vn 0.15609 -0.60827 0.77823
vn 0.15609 -0.60827 0.77823
vn 0.2687 -0.62274 0.73484
vn 0.2687 -0.62274 0.73484
vn 0.2687 -0.62274 0.73484
vn 0.26591 -0.60283 0.75226
vn 0.26591 -0.60283 0.75226
vn 0.26591 -0.60283 0.75226
vn 0.71241 -0.60216 0.36038
vn 0.71241 -0.60216 0.36038
vn 0.69625 -0.63155 0.34116
vn 0.69625 -0.63155 0.34116
vn 0.76752 -0.60976 0.19776
vn 0.76752 -0.60976 0.19776
vn 0.77062 -0.60505 0.20016
vn 0.77062 -0.60505 0.20016
vn 0.77062 -0.60505 0.20016
vn 0.7949 -0.60599 0.03005
vn 0.7949 -0.60599 0.03005
vn 0.7949 -0.60599 0.03005
vn 0.7949 -0.60599 0.03005
vn 0.7949 -0.60599 0.03005
vn 0.7952 -0.60599 -0.02082
vn 0.7952 -0.60599 -0.02082
vn 0.7952 -0.60599 -0.02082
vn 0.7952 -0.60599 -0.02082
vn 0.79322 -0.60599 -0.05975
vn 0.79322 -0.60599 -0.05975
vn 0.79322 -0.60599 -0.05975
vn 0.79322 -0.60599 -0.05975
vn 0.79322 -0.60599 -0.05975
vn 0.79322 -0.60599 -0.05975
vn 0.79284 -0.60599 -0.0646
vn 0.79285 -0.60599 -0.0646
vn -0.68908 -0.60599 0.39741
vn -0.68908 -0.60599 0.39741
vn -0.68908 -0.60599 0.39741
vn -0.68909 -0.60599 0.39741
vn -0.68909 -0.60599 0.39741
vn -0.68909 -0.60599 0.39741
vn -0.77349 -0.60599 0.18573
vn -0.77349 -0.60599 0.18573
vn -0.77348 -0.60599 0.18573
vn -0.77348 -0.60599 0.18573
vn -0.77348 -0.60599 0.18573
vn -0.79111 -0.60599 0.08315
vn -0.79111 -0.60599 0.08315
vn -0.79111 -0.60599 0.08315
vn -0.79111 -0.60599 0.08315
vn -0.79394 -0.60599 0.04939
vn -0.79394 -0.60599 0.04939
vn -0.79394 -0.60599 0.04939
vn -0.79394 -0.60599 0.04939
vn -0.79394 -0.60599 0.04939
vn -0.79394 -0.60599 0.04939
vn -0.77903 -0.60599 -0.16091
vn -0.77903 -0.60599 -0.16091
vn -0.77903 -0.60599 -0.16091
vn -0.77903 -0.60599 -0.16091
vn -0.77903 -0.60599 -0.16091
vn -0.73573 -0.60599 -0.30244
vn -0.73573 -0.60599 -0.30244
vn -0.73573 -0.60599 -0.30244
vn -0.73573 -0.60599 -0.30244
vn -0.55158 -0.60599 -0.57318
vn -0.55158 -0.60599 -0.57318
vn -0.55158 -0.606 -0.57317
vn 0.33326 -0.61249 -0.7168
vn 0.33326 -0.61249 -0.7168
vn 0.33326 -0.61249 -0.7168
vn 0.31965 -0.63344 -0.70468
vn 0.31965 -0.63344 -0.70468
vn 0.1393 -0.60299 -0.78549
vn 0.1393 -0.60299 -0.78549
vn 0.13464 -0.61179 -0.77947
vn 0.13464 -0.61179 -0.77947
vn 0.07338 -0.60584 -0.7922
vn 0.07338 -0.60584 -0.7922
vn 0.07338 -0.60584 -0.7922
vn 0.07335 -0.60591 -0.79215
vn 0.07335 -0.60591 -0.79215
vn 0.07335 -0.60591 -0.79215
vn 0.06693 -0.60599 -0.79265
vn 0.06693 -0.60599 -0.79265
vn 0.06693 -0.60599 -0.79265
vn 0.06693 -0.60599 -0.79265
vn 0 1 -0
vn 0 1 -0
vn 0 1 -0
vn 0 1 -0
vn 0 1 -0
vn 0 1 -0
vn 0 1 -0
vn 0 1 -0
vn 0 1 -0
vn 0 1 -0
vn 0 1 -0
vn 0 1 -0
vn 0 1 -0
vn 0 1 -0
vn 0 1 -0
vn 0 1 -0
vn 0 1 -0
vn 0 1 -0
vn 0 1 -0
vn 0 1 0
vn 0 1 0
vn 0 1 0
vn 0 1 -0
vn 0 1 -0
vn 0 1 0
vn 0 1 0
vn 0 1 0
vn -0 1 0
vn -0 1 0
vn -0 1 0
vn -0 1 0
vn -0 1 0
vn -0 1 0
vn -0 1 0
vn -0 1 0
vn -0 1 0
vn -0 1 0
vn -0 1 0
vn -0 1 0
vn -0 1 0
vn -0 1 0
vn -0 1 0
vn -0 1 0
vn -0 1 0
vn -0 1 0
vn -0 1 0
vn 0.79514 0.60599 0.0229
vn 0.79514 0.60599 0.0229
vn 0.79514 0.60599 0.0229
vn 0.79514 0.60599 0.0229
vn 0.79514 0.60599 0.0229
vn 0.79514 0.60599 0.0229
vn -0.06351 0.606 0.79293
vn -0.06351 0.606 0.79293
vn -0.06352 0.60599 0.79293
vn -0.06352 0.60599 0.79293
vn -0.06352 0.60599 0.79293
vn 0.08114 0.59794 0.79742
vn 0.08114 0.59794 0.79742
vn 0.08913 0.61818 0.78096
vn 0.08913 0.61818 0.78096
vn 0.08913 0.61818 0.78096
vn 0.1095 0.61815 0.7784
vn 0.1095 0.61815 0.7784
vn 0.1095 0.61815 0.7784
vn 0.10536 0.60609 0.78839
vn 0.10536 0.60609 0.78839
vn 0.10536 0.60609 0.78839
vn 0.15609 0.60827 0.77823
vn 0.15609 0.60827 0.77823
vn 0.15568 0.60681 0.77945
vn 0.15568 0.60681 0.77945
vn 0.26591 0.60283 0.75225
vn 0.26591 0.60283 0.75225
vn 0.26591 0.60283 0.75225
vn 0.26869 0.62274 0.73484
vn 0.26869 0.62274 0.73484
vn 0.26869 0.62274 0.73484
vn 0.69625 0.63155 0.34116
vn 0.69625 0.63155 0.34116
vn 0.69625 0.63155 0.34116
vn 0.71241 0.60215 0.36038
vn 0.71241 0.60215 0.36038
vn 0.71241 0.60215 0.36038
vn 0.77062 0.60505 0.20016
vn 0.77062 0.60505 0.20016
vn 0.77062 0.60505 0.20016
vn 0.76752 0.60976 0.19776
vn 0.76752 0.60976 0.19776
vn 0.7949 0.60599 0.03005
vn 0.7949 0.60599 0.03005
vn 0.7949 0.60599 0.03005
vn 0.7949 0.60599 0.03005
vn 0.7952 0.60599 -0.02082
vn 0.7952 0.60599 -0.02082
vn 0.7952 0.60599 -0.02082
vn 0.7952 0.60599 -0.02082
vn 0.7952 0.60599 -0.02082
vn 0.79322 0.60599 -0.05975
vn 0.79322 0.60599 -0.05975
vn 0.79322 0.60599 -0.05975
vn 0.79322 0.60599 -0.05975
vn 0.79322 0.60599 -0.05975
vn 0.79322 0.60599 -0.05975
vn 0.79285 0.60599 -0.0646
vn 0.79285 0.60599 -0.0646
vn 0.79284 0.60599 -0.0646
vn 0.79284 0.60599 -0.0646
vn 0.79284 0.60599 -0.0646
vn -0.68909 0.60599 0.39741
vn -0.68909 0.60599 0.39741
vn -0.68908 0.60599 0.39741
vn -0.68908 0.60599 0.39741
vn -0.68908 0.60599 0.39741
vn -0.77348 0.60599 0.18573
vn -0.77348 0.60599 0.18573
vn -0.77348 0.60599 0.18573
vn -0.77349 0.60599 0.18573
vn -0.77349 0.60599 0.18573
vn -0.77349 0.60599 0.18573
vn -0.79111 0.60599 0.08315
vn -0.79111 0.60599 0.08315
vn -0.79111 0.60599 0.08315
vn -0.79111 0.60599 0.08315
vn -0.79111 0.60599 0.08315
vn -0.79111 0.60599 0.08315
vn -0.79394 0.60599 0.04939
vn -0.79394 0.60599 0.04939
vn -0.79394 0.60599 0.04939
vn -0.79394 0.60599 0.04939
vn -0.77903 0.60599 -0.16091
vn -0.77903 0.60599 -0.16091
vn -0.77903 0.60599 -0.16091
vn -0.77903 0.60599 -0.16091
vn -0.73573 0.60599 -0.30244
vn -0.73573 0.60599 -0.30244
vn -0.73573 0.60599 -0.30244
vn -0.55158 0.606 -0.57317
vn -0.55158 0.60599 -0.57318
vn -0.55158 0.60599 -0.57318
vn 0.31965 0.63344 -0.70468
vn 0.31965 0.63344 -0.70468
vn 0.33326 0.61249 -0.7168
vn 0.33326 0.61249 -0.7168
vn 0.13464 0.61179 -0.77947
vn 0.13464 0.61179 -0.77947
vn 0.13929 0.603 -0.78549
vn 0.07334 0.60592 -0.79214
vn 0.07334 0.60592 -0.79214
vn 0.07338 0.60584 -0.7922
vn 0.07338 0.60584 -0.7922
vn 0.06693 0.60599 -0.79265
vn 0.06693 0.60599 -0.79265
vn 0.06693 0.60599 -0.79265
vn 0.06693 0.60599 -0.79265
vn 0.06693 0.60599 -0.79265
vn 0.06693 0.60599 -0.79265
vn 0 -1 -0
vn 0 -1 -0
vn 0 -1 -0
vn 0 -1 -0
vn 0 -1 -0
vn 0 -1 -0
vn 0 -1 -0
vn 0 -1 -0
vn 0 -1 -0
vn 0 -1 -0
vn 0 -1 -0
vn -0 -1 -0
vn -0 -1 -0
vn -0 -1 -0
vn -0 -1 -0
vn -0 -1 -0
vn -0 -1 -0
vn -0 -1 -0
vn -0 -1 -0
vn 0 -1 -0
vn 0 -1 -0
vn 0 -1 -0
vn 0 -1 -0
vn 0 -1 -0
vn 0 -1 -0
vn 0 -1 -0
vn -0 -1 -0
vn -0 -1 -0
vn -0 -1 -0
vn -0 -1 -0
vn -0 -1 -0
vn -0 -1 -0
vn -0 -1 -0
vn 0 -1 -0
vn 0 -1 -0
vn 0 -1 -0
vn -0 -1 -0
vn -0 -1 -0
vn -0 -1 -0
vn 0 -1 -0
vn 0 -1 -0
vn 0 -1 -0
vn 0 -1 -0
vn 0 -1 -0
vn 0 -1 -0
vn 0 -1 -0
vn 0 -1 -0
vn 0 -1 -0
vn 0 -1 -0
vn 0 -1 -0
vn 0 -1 -0
vn 0 -1 -0
vn 0 -1 -0
vn 0 -1 -0
vn -0.21382 -0.7856 -0.58062
vn -0.21382 -0.7856 -0.58062
vn -0.21382 -0.7856 -0.58062
vn -0.21382 -0.7856 -0.58062
vn -0.21382 -0.7856 -0.58062
vn -0.21382 -0.7856 -0.58062
vn -0.34416 -0.7856 -0.51419
vn -0.34416 -0.7856 -0.51419
vn -0.34416 -0.7856 -0.51419
vn -0.34416 -0.7856 -0.51419
vn -0.34416 -0.7856 -0.51419
vn -0.34416 -0.7856 -0.51419
vn 0.6041 -0.7856 -0.13379
vn 0.6041 -0.7856 -0.13379
vn 0.6041 -0.7856 -0.13379
vn 0.6041 -0.7856 -0.13379
vn 0.6041 -0.7856 -0.13379
vn 0.6041 -0.7856 -0.13379
vn 0.61602 -0.7856 -0.05795
vn 0.61602 -0.7856 -0.05795
vn 0.61602 -0.7856 -0.05795
vn 0.61602 -0.7856 -0.05795
vn 0.61602 -0.7856 -0.05795
vn 0.61602 -0.7856 -0.05795
vn 0.61872 -0.7856 -0.00461
vn 0.61872 -0.7856 -0.00461
vn 0.61872 -0.7856 -0.00461
vn 0.61872 -0.7856 -0.00461
vn 0.61346 -0.7856 0.08068
vn 0.61346 -0.7856 0.08068
vn 0.61346 -0.7856 0.08068
vn 0.61346 -0.7856 0.08068
vn 0.59984 -0.7856 0.15175
vn 0.59984 -0.7856 0.15175
vn 0.59984 -0.7856 0.15175
vn 0.59984 -0.7856 0.15175
vn 0.59984 -0.7856 0.15175
vn 0.57325 -0.7856 0.23287
vn 0.57325 -0.7856 0.23287
vn 0.57325 -0.7856 0.23287
vn 0.57325 -0.7856 0.23287
vn -0.48105 -0.7856 0.38914
vn -0.48105 -0.7856 0.38914
vn -0.48105 -0.7856 0.38914
vn -0.48105 -0.7856 0.38914
vn -0.48105 -0.7856 0.38914
vn -0.48105 -0.7856 0.38914
vn -0.24393 -0.7856 0.56862
vn -0.24393 -0.7856 0.56862
vn -0.24393 -0.7856 0.56862
vn -0.24393 -0.7856 0.56862
vn -0.24393 -0.7856 0.56862
vn -0.24393 -0.7856 0.56862
vn -0.61179 -0.7856 -0.09248
vn -0.61179 -0.7856 -0.09248
vn -0.61179 -0.7856 -0.09248
vn -0.61179 -0.7856 -0.09248
vn -0.61179 -0.7856 -0.09248
vn -0.61179 -0.7856 -0.09248
vn -0.61795 -0.7856 -0.03129
vn -0.61795 -0.7856 -0.03129
vn -0.61795 -0.7856 -0.03129
vn -0.61795 -0.7856 -0.03129
vn -0.61795 -0.7856 -0.03129
vn -0.61865 -0.7856 -0.01069
vn -0.61865 -0.7856 -0.01069
vn -0.61865 -0.7856 -0.01069
vn -0.61865 -0.7856 -0.01069
vn -0.61865 -0.7856 -0.01069
vn -0.61865 -0.7856 -0.01069
vn -0.61858 -0.7856 -0.01411
vn -0.61858 -0.7856 -0.01411
vn -0.61858 -0.7856 -0.01411
vn -0.61858 -0.7856 -0.01411
vn -0.61858 -0.7856 -0.01411
vn -0.61852 -0.7856 0.01638
vn -0.61852 -0.7856 0.01638
vn -0.61852 -0.7856 0.01638
vn -0.61852 -0.7856 0.01638
vn -0.61852 -0.7856 0.01638
vn -0.61852 -0.7856 0.01638
vn -0.60967 -0.7856 0.10558
vn -0.60967 -0.7856 0.10558
vn -0.60967 -0.7856 0.10558
vn -0.60967 -0.7856 0.10558
vn 0 1 0
vn 0 1 0
vn 0 1 0
vn 0 1 0
vn 0 1 -0
vn 0 1 -0
vn 0 1 -0
vn -0 1 -0
vn -0 1 -0
vn -0 1 0
vn -0 1 0
vn -0 1 0
vn -0 1 0
vn -0 1 0
vn -0 1 0
vn -0 1 0
vn -0 1 0
vn 0 1 0
vn 0 1 0
vn 0 1 0
vn 0 1 0
vn 0 1 0
vn 0 1 0
vn 0 1 0
vn 0 1 0
vn 0 1 0
vn -0 1 0
vn -0 1 0
vn -0 1 0
vn -0 1 0
vn 0 1 0
vn 0 1 0
vn 0 1 0
vn -0 1 0
vn -0 1 0
vn -0 1 0
vn -0 1 0
vn -0 1 0
vn -0 1 0
vn 0 1 0
vn 0 1 0
vn 0 1 0
vn 0 1 0
vn 0 1 0
vn 0 1 0
vn 0 1 0
vn 0 1 0
vn 0 1 -0
vn 0 1 -0
vn 0 1 0
vn 0 1 0
vn 0 1 0
vn 0 1 0
vn 0 1 0
vn -0.21382 0.7856 -0.58062
vn -0.21382 0.7856 -0.58062
vn -0.21382 0.7856 -0.58062
vn -0.21382 0.7856 -0.58062
vn -0.34416 0.7856 -0.51419
vn -0.34416 0.7856 -0.51419
vn -0.34416 0.7856 -0.51419
vn 0.6041 0.7856 -0.13379
vn 0.6041 0.7856 -0.13379
vn 0.6041 0.7856 -0.13379
vn 0.6041 0.7856 -0.13379
vn 0.61602 0.7856 -0.05795
vn 0.61602 0.7856 -0.05795
vn 0.61602 0.7856 -0.05795
vn 0.61602 0.7856 -0.05795
vn 0.61602 0.7856 -0.05795
vn 0.61602 0.7856 -0.05795
vn 0.61872 0.7856 -0.00461
vn 0.61872 0.7856 -0.00461
vn 0.61872 0.7856 -0.00461
vn 0.61872 0.7856 -0.00461
vn 0.61872 0.7856 -0.00461
vn 0.61346 0.7856 0.08068
vn 0.61346 0.7856 0.08068
vn 0.61346 0.7856 0.08068
vn 0.61346 0.7856 0.08068
vn 0.61346 0.78559 0.08068
vn 0.59984 0.78559 0.15175
vn 0.59984 0.78559 0.15175
vn 0.59984 0.78559 0.15175
vn 0.59984 0.7856 0.15175
vn 0.59984 0.7856 0.15175
vn 0.57325 0.7856 0.23287
vn 0.57325 0.7856 0.23287
vn 0.57325 0.7856 0.23287
vn 0.57325 0.7856 0.23287
vn 0.57325 0.7856 0.23287
vn -0.48105 0.7856 0.38914
vn -0.48105 0.7856 0.38914
vn -0.48105 0.7856 0.38914
vn -0.48105 0.7856 0.38914
vn -0.48105 0.7856 0.38914
vn -0.24393 0.7856 0.56862
vn -0.24393 0.7856 0.56862
vn -0.24393 0.7856 0.56862
vn -0.24393 0.7856 0.56863
vn -0.24393 0.7856 0.56863
vn -0.24393 0.7856 0.56863
vn -0.61179 0.7856 -0.09248
vn -0.61179 0.7856 -0.09248
vn -0.61179 0.7856 -0.09248
vn -0.61179 0.7856 -0.09248
vn -0.61179 0.7856 -0.09248
vn -0.61179 0.7856 -0.09248
vn -0.61795 0.7856 -0.03129
vn -0.61795 0.7856 -0.03129
vn -0.61795 0.7856 -0.03129
vn -0.61795 0.7856 -0.03129
vn -0.61795 0.7856 -0.03129
vn -0.61865 0.7856 -0.01069
vn -0.61865 0.7856 -0.01069
vn -0.61865 0.7856 -0.01069
vn -0.61865 0.7856 -0.01069
vn -0.61865 0.7856 -0.01069
vn -0.61858 0.7856 -0.01411
vn -0.61858 0.7856 -0.01411
vn -0.61858 0.7856 -0.01411
vn -0.61858 0.7856 -0.01411
vn -0.61852 0.7856 0.01638
vn -0.61852 0.7856 0.01638
vn -0.61852 0.7856 0.01638
vn -0.61852 0.7856 0.01638
vn -0.60967 0.7856 0.10558
vn -0.60967 0.7856 0.10558
vn -0.60967 0.7856 0.10558
vn -0.60967 0.7856 0.10558
vn -0.60967 0.7856 0.10558
vn -0 1 -0
vn -0 1 -0
vn 0 1 0
vn 0 1 0
vn 0 -1 0
vn 0 -1 0
vn 0 -1 0
vn 0 -1 0
vn 0 -1 0
vn -0 1 0
vn -0 1 0
vn 0 1 0
vn 0 1 0
vn -0 -1 0
vn -0 -1 0
vn -0 -1 0
vn -0 -1 0
vn -0 -1 0
vn -0 -1 0
vn 0.90595 0.42339 0
vn 0.90595 0.42339 0
vn 0.90595 0.42339 0
vn 0.90595 0.42339 0
vn 0.90595 0.42339 0
vn 0.31532 0.44861 -0.83626
vn 0.31532 0.44861 -0.83626
vn 0.30946 0.53103 -0.78882
vn 0.30947 0.53103 -0.78882
vn 0.30947 0.53103 -0.78882
vn -0.29943 0.52893 -0.79409
vn -0.29943 0.52893 -0.79409
vn -0.32674 0.44678 -0.83285
vn -0.32674 0.44678 -0.83285
vn -0.90595 0.42339 0
vn -0.90595 0.42339 0
vn -0.90595 0.42339 0
vn -0.90595 0.42339 0
vn -0.31532 0.44861 0.83626
vn -0.31532 0.44861 0.83626
vn -0.31532 0.44861 0.83626
vn -0.30947 0.53103 0.78882
vn -0.30947 0.53103 0.78882
vn 0.29943 0.52893 0.79409
vn 0.29943 0.52893 0.79409
vn 0.29943 0.52893 0.79409
vn 0.32674 0.44678 0.83285
vn 0.32674 0.44678 0.83285
vn 0.31532 -0.44861 0.83626
vn 0.31532 -0.44861 0.83626
vn 0.31532 -0.44861 0.83626
vn 0.30947 -0.53104 0.78882
vn 0.30947 -0.53104 0.78882
vn 0.30947 -0.53104 0.78882
vn -0.29943 -0.52893 0.79409
vn -0.29943 -0.52893 0.79409
vn -0.32674 -0.44678 0.83285
vn -0.32674 -0.44678 0.83285
vn -0.32674 -0.44678 0.83285
vn -0.90595 -0.42339 0
vn -0.90595 -0.42339 0
vn -0.90595 -0.4234 0
vn -0.90595 -0.4234 0
vn -0.90595 -0.4234 0
vn -0.31532 -0.44861 -0.83626
vn -0.31532 -0.44861 -0.83626
vn -0.30946 -0.53104 -0.78882
vn -0.30946 -0.53104 -0.78882
vn -0.30946 -0.53104 -0.78882
vn 0.29943 -0.52893 -0.79409
vn 0.29943 -0.52893 -0.79409
vn 0.32674 -0.44678 -0.83285
vn 0.32674 -0.44678 -0.83285
vn 0.32674 -0.44678 -0.83285
vn 0.90595 -0.4234 0
vn 0.90595 -0.4234 0
vn 0.90595 -0.4234 0
vn 0.90595 -0.42339 0
vn 0.90595 -0.42339 0
vn 0.90595 -0.42339 0
vt 0.5 1
vt 0.375 1
vt 0.25 1
vt 0.125 1
vt 0 1
vt -0.125 1
vt 0.11612 1
vt 0.625 1
vt 0.875 0.50064
vt 0.75 0.50064
vt 0.75 0.52177
vt 0.875 0.52177
vt 0 0.50064
vt -0.125 0.50064
vt -0.125 0.52177
vt 0 0.52177
vt 0.125 0.50064
vt 0.125 0.52177
vt 0.25 0.50064
vt 0.25 0.52177
vt 0.375 0.50064
vt 0.375 0.52177
vt 0.5 0.50064
vt 0.5 0.52177
vt 0.625 0.50064
vt 0.625 0.52177
vt 0.875 0.48536
vt 0.75 0.48536
vt 0 0.48536
vt -0.125 0.48536
vt 0.125 0.48536
vt 0.25 0.48536
vt 0.375 0.48536
vt 0.5 0.48536
vt 0.625 0.48536
vt 0.57104 0
vt 0.53328 0
vt 0.67966 0
vt 0.51078 0
vt 0.66547 0
vt 0.47972 0
vt 0.63507 0
vt 0.47141 0
vt 0.61451 0
vt 0.44737 0
vt 0.63754 0
vt 0.39758 0
vt 0.59983 0
vt 0.31219 0
vt 0.70794 0
vt 0 0.70794
vt 0 0.31219
vt 0.54306 0.25852
vt 0.54306 0.66833
vt 1 0.20862
vt 1 0.58105
vt 0.79138 0
vt 0.80454 0
vt 0.40507 0
vt 0.41895 0
vt 0.80596 0
vt 0.42798 0
vt 0 0.43498
vt 0 0.34364
vt 0.44203 0.34364
vt 0.44203 0.43498
vt 0.56502 1
vt 0.45047 1
vt 0.65636 1
vt 0.75974 1
vt 0 0.12328
vt 0.44203 0.12328
vt 0.44203 0.24026
vt 0 0.24026
vt 0 0.68938
vt 0 0.54953
vt 0.44203 0.54953
vt 0.44203 0.68938
vt 0.31062 1
vt 0.18916 1
vt 0.31062 1
vt 0.87672 1
vt 0 0.81084
vt 0.44203 0.81084
vt 1 0
vt 0.5 0
vt 1 1
vt 0 0
vt 0 1
usemtl mat0
f 1/1/1 2/2/1 3/3/1
f 3/3/1 4/4/1 5/5/1
f 5/5/1 6/6/1 7/7/1
f 3/3/1 5/5/1 7/7/1
f 1/1/1 3/3/1 7/7/1
f 8/8/1 1/1/1 7/7/1
f 9/9/2 10/10/3 11/11/4
f 11/11/5 12/12/6 9/9/7
f 13/13/8 14/14/9 15/15/10
f 15/15/11 16/16/12 13/13/13
f 17/17/14 13/13/15 16/16/16
f 16/16/17 18/18/18 17/17/19
f 19/19/20 17/17/21 18/18/22
f 18/18/23 20/20/21 19/19/24
f 21/21/25 19/19/26 20/20/27
f 20/20/28 22/22/29 21/21/30
f 23/23/31 21/21/32 22/22/33
f 22/22/34 24/24/35 23/23/36
f 25/25/37 23/23/38 24/24/39
f 24/24/40 26/26/41 25/25/42
f 10/10/43 25/25/44 26/26/44
f 26/26/45 11/11/46 10/10/47
f 27/27/48 28/28/49 10/10/50
f 10/10/51 9/9/51 27/27/51
f 29/29/52 30/30/53 14/14/54
f 14/14/55 13/13/56 29/29/56
f 31/31/57 29/29/58 13/13/59
f 13/13/59 17/17/60 31/31/61
f 32/32/62 31/31/63 17/17/63
f 17/17/64 19/19/65 32/32/66
f 33/33/67 32/32/68 19/19/69
f 19/19/70 21/21/71 33/33/70
f 34/34/72 33/33/73 21/21/74
f 21/21/75 23/23/76 34/34/77
f 35/35/78 34/34/79 23/23/78
f 23/23/80 25/25/80 35/35/80
f 28/28/81 35/35/82 25/25/83
f 25/25/84 10/10/84 28/28/81
f 36/7/85 37/7/86 38/6/87
f 38/6/88 39/6/89 36/7/90
f 40/8/91 41/8/92 37/7/92
f 37/7/93 36/7/93 40/8/94
f 42/1/95 43/1/96 41/8/97
f 41/8/98 40/8/99 42/1/99
f 44/2/100 45/2/101 43/1/102
f 43/1/103 42/1/104 44/2/105
f 46/3/106 47/3/107 45/2/108
f 45/2/109 44/2/110 46/3/111
f 48/4/112 49/4/113 47/3/113
f 47/3/114 46/3/115 48/4/116
f 50/5/117 51/5/118 49/4/119
f 49/4/120 48/4/121 50/5/121
f 39/6/122 38/6/122 51/5/123
f 51/5/124 50/5/125 39/6/126
f 52/7/127 53/6/127 38/6/128
f 38/6/129 37/7/129 52/7/130
f 54/8/131 52/7/132 37/7/132
f 37/7/133 41/8/134 54/8/135
f 55/1/136 54/8/137 41/8/138
f 41/8/139 43/1/140 55/1/141
f 56/2/142 55/1/143 43/1/144
f 43/1/145 45/2/146 56/2/147
f 57/3/148 56/2/149 45/2/148
f 45/2/150 47/3/151 57/3/151
f 58/4/152 57/3/153 47/3/154
f 47/3/155 49/4/155 58/4/156
f 59/5/157 58/4/158 49/4/158
f 49/4/159 51/5/160 59/5/161
f 53/6/162 59/5/163 51/5/164
f 51/5/165 38/6/166 53/6/167
f 53/6/168 52/7/169 7/7/169
f 7/7/170 6/6/170 53/6/171
f 52/7/172 54/8/173 8/8/173
f 8/8/174 7/7/175 52/7/175
f 54/8/176 55/1/177 1/1/178
f 1/1/179 8/8/180 54/8/180
f 55/1/181 56/2/182 2/2/181
f 2/2/181 1/1/183 55/1/181
f 56/2/184 57/3/184 3/3/185
f 3/3/186 2/2/186 56/2/187
f 57/3/188 58/4/189 4/4/189
f 4/4/190 3/3/191 57/3/192
f 58/4/193 59/5/194 5/5/195
f 5/5/196 4/4/197 58/4/196
f 59/5/198 53/6/198 6/6/199
f 6/6/200 5/5/201 59/5/200
f 60/36/202 61/37/202 62/38/203
f 61/37/204 63/39/204 64/40/204
f 64/40/205 62/38/206 61/37/207
f 63/39/208 65/41/209 66/42/209
f 66/42/210 64/40/210 63/39/210
f 65/41/211 67/43/212 68/44/213
f 68/44/214 66/42/214 65/41/215
f 67/43/216 69/45/216 70/46/217
f 70/46/218 68/44/219 67/43/220
f 69/45/221 71/47/222 72/48/222
f 72/48/223 70/46/224 69/45/225
f 71/47/226 73/49/227 74/50/227
f 74/50/228 72/48/229 71/47/228
f 75/51/230 76/52/230 77/53/230
f 77/53/231 78/54/232 75/51/231
f 77/53/233 79/55/234 80/56/235
f 80/56/236 78/54/237 77/53/238
f 81/57/239 82/58/240 83/59/240
f 83/59/241 84/60/242 81/57/243
f 83/59/244 82/58/245 85/61/246
f 85/61/247 86/62/248 83/59/247
f 87/61/249 88/62/250 86/62/251
f 86/62/252 85/61/252 87/61/253
f 88/62/254 89/59/255 83/59/256
f 83/59/257 86/62/258 88/62/257
f 89/59/259 90/60/260 84/60/261
f 84/60/262 83/59/263 89/59/263
f 91/56/264 92/54/265 78/54/264
f 78/54/266 80/56/267 91/56/267
f 92/54/268 93/51/269 75/51/270
f 75/51/271 78/54/272 92/54/271
f 94/50/273 95/48/274 72/48/275
f 72/48/276 74/50/277 94/50/278
f 95/48/279 96/46/280 70/46/279
f 70/46/281 72/48/281 95/48/282
f 96/46/283 97/44/283 68/44/284
f 68/44/285 70/46/286 96/46/287
f 97/44/288 98/42/289 66/42/290
f 66/42/291 68/44/292 97/44/291
f 98/42/293 99/40/294 64/40/293
f 64/40/295 66/42/296 98/42/296
f 99/40/297 100/38/298 62/38/299
f 62/38/300 64/40/301 99/40/302
f 100/38/303 101/36/303 60/36/303
f 60/36/304 62/38/304 100/38/304
f 101/36/305 102/37/306 61/37/307
f 61/37/308 60/36/309 101/36/310
f 102/37/311 103/39/312 63/39/311
f 63/39/313 61/37/314 102/37/315
f 103/39/316 104/41/317 65/41/317
f 65/41/318 63/39/318 103/39/319
f 104/41/320 105/43/321 67/43/322
f 67/43/323 65/41/324 104/41/325
f 105/43/326 106/45/327 69/45/326
f 69/45/328 67/43/329 105/43/330
f 106/45/331 107/47/332 71/47/331
f 71/47/333 69/45/334 106/45/334
f 107/47/335 108/49/335 73/49/336
f 73/49/337 71/47/337 107/47/337
f 109/52/338 110/53/339 77/53/340
f 77/53/341 76/52/342 109/52/341
f 110/53/343 111/55/344 79/55/343
f 79/55/345 77/53/345 110/53/346
f 112/57/347 113/58/348 82/58/349
f 82/58/350 81/57/351 112/57/352
f 113/58/353 87/61/354 85/61/353
f 85/61/355 82/58/356 113/58/355
f 114/36/357 115/38/357 116/37/358
f 116/37/359 115/38/359 117/40/360
f 117/40/361 118/39/362 116/37/362
f 118/39/363 117/40/363 119/42/364
f 119/42/365 120/41/366 118/39/367
f 120/41/368 119/42/369 121/44/370
f 121/44/371 122/43/372 120/41/372
f 122/43/373 121/44/373 123/46/373
f 123/46/374 124/45/375 122/43/375
f 124/45/376 123/46/377 125/48/377
f 125/48/378 126/47/378 124/45/378
f 126/47/379 125/48/380 127/50/380
f 127/50/381 128/49/382 126/47/383
f 129/51/384 130/54/385 131/53/384
f 131/53/386 132/52/387 129/51/388
f 131/53/389 130/54/390 133/56/389
f 133/56/391 134/55/392 131/53/393
f 135/57/394 136/60/395 137/59/396
f 137/59/397 138/58/397 135/57/397
f 137/59/398 139/62/399 140/61/400
f 140/61/401 138/58/401 137/59/402
f 141/61/403 140/61/404 139/62/405
f 139/62/406 142/62/407 141/61/408
f 142/62/409 139/62/410 137/59/410
f 137/59/411 143/59/412 142/62/413
f 143/59/414 137/59/415 136/60/414
f 136/60/416 144/60/417 143/59/418
f 145/56/419 133/56/420 130/54/421
f 130/54/422 146/54/423 145/56/424
f 146/54/425 130/54/426 129/51/425
f 129/51/427 147/51/427 146/54/428
f 148/50/429 127/50/430 125/48/431
f 125/48/432 149/48/433 148/50/434
f 149/48/435 125/48/436 123/46/437
f 123/46/438 150/46/439 149/48/440
f 150/46/441 123/46/442 121/44/443
f 121/44/444 151/44/445 150/46/444
f 151/44/446 121/44/447 119/42/446
f 119/42/448 152/42/449 151/44/449
f 152/42/450 119/42/451 117/40/451
f 117/40/452 153/40/453 152/42/454
f 153/40/455 117/40/456 115/38/457
f 115/38/458 154/38/459 153/40/460
f 154/38/461 115/38/462 114/36/461
f 114/36/463 155/36/464 154/38/465
f 155/36/466 114/36/467 116/37/467
f 116/37/468 156/37/469 155/36/470
f 156/37/471 116/37/472 118/39/473
f 118/39/474 157/39/475 156/37/476
f 157/39/477 118/39/478 120/41/479
f 120/41/480 158/41/481 157/39/482
f 158/41/483 120/41/483 122/43/484
f 122/43/485 159/43/486 158/41/486
f 159/43/487 122/43/487 124/45/488
f 124/45/489 160/45/490 159/43/489
f 160/45/491 124/45/491 126/47/491
f 126/47/492 161/47/493 160/45/492
f 161/47/494 126/47/494 128/49/494
f 128/49/495 162/49/496 161/47/495
f 163/52/497 132/52/497 131/53/498
f 131/53/499 164/53/500 163/52/499
f 164/53/501 131/53/502 134/55/502
f 134/55/503 165/55/503 164/53/503
f 166/57/504 135/57/504 138/58/505
f 138/58/506 167/58/507 166/57/507
f 167/58/508 138/58/509 140/61/510
f 140/61/511 141/61/512 167/58/513
f 168/63/514 169/64/515 170/65/516
f 170/65/517 171/66/518 168/63/519
f 172/67/520 173/68/520 174/68/521
f 174/68/522 175/67/523 172/67/524
f 176/69/525 177/69/526 178/70/527
f 178/70/528 179/70/528 176/69/529
f 180/71/530 181/72/530 182/73/530
f 182/73/531 183/74/532 180/71/531
f 184/75/533 185/76/533 186/77/534
f 186/77/535 187/78/536 184/75/535
f 188/79/537 189/80/538 190/80/537
f 190/80/539 191/81/539 188/79/539
f 179/70/540 178/70/540 192/82/540
f 192/82/541 193/82/542 179/70/543
f 183/74/544 182/73/545 170/65/546
f 170/65/547 169/64/548 183/74/549
f 172/67/550 175/67/551 177/69/551
f 177/69/552 176/69/552 172/67/552
f 173/68/553 188/79/553 191/81/553
f 191/81/554 174/68/555 173/68/556
f 185/76/557 168/63/558 171/66/557
f 171/66/559 186/77/560 185/76/561
f 194/83/562 184/75/563 187/78/564
f 187/78/565 195/84/566 194/83/567
f 196/82/568 197/82/569 193/82/570
f 193/82/571 192/82/572 196/82/573
f 198/71/574 199/72/575 181/72/576
f 181/72/577 180/71/578 198/71/579
f 199/72/580 200/73/581 182/73/582
f 182/73/583 181/72/584 199/72/585
f 200/73/586 201/65/587 170/65/588
f 170/65/589 182/73/590 200/73/591
f 201/65/592 202/66/592 171/66/592
f 171/66/593 170/65/594 201/65/595
f 202/66/596 203/77/596 186/77/597
f 186/77/598 171/66/598 202/66/599
f 203/77/600 204/78/601 187/78/602
f 187/78/603 186/77/604 203/77/603
f 204/78/605 205/84/606 195/84/606
f 195/84/607 187/78/608 204/78/607
f 205/84/609 206/83/610 194/83/611
f 194/83/612 195/84/613 205/84/614
f 207/80/615 208/80/616 190/80/617
f 190/80/618 189/80/619 207/80/620
f 208/80/621 209/81/622 191/81/623
f 191/81/624 190/80/625 208/80/626
f 209/81/627 210/68/627 174/68/628
f 174/68/629 191/81/630 209/81/631
f 210/68/632 211/67/633 175/67/634
f 175/67/635 174/68/636 210/68/637
f 211/67/638 212/69/639 177/69/640
f 177/69/641 175/67/642 211/67/642
f 212/69/643 213/70/644 178/70/645
f 178/70/646 177/69/647 212/69/648
f 213/70/649 196/82/650 192/82/651
f 192/82/652 178/70/652 213/70/652
f 214/63/653 215/66/653 216/65/653
f 216/65/654 217/64/655 214/63/656
f 218/67/657 219/67/658 220/68/658
f 220/68/659 221/68/659 218/67/659
f 222/69/660 223/70/661 224/70/660
f 224/70/662 225/69/663 222/69/664
f 226/71/665 227/74/666 228/73/667
f 228/73/668 229/72/669 226/71/668
f 230/75/670 231/78/670 232/77/670
f 232/77/671 233/76/672 230/75/673
f 234/79/674 235/81/675 236/80/676
f 236/80/677 237/80/678 234/79/677
f 223/70/679 238/82/680 239/82/681
f 239/82/682 224/70/682 223/70/682
f 227/74/683 217/64/684 216/65/685
f 216/65/686 228/73/687 227/74/688
f 218/67/689 222/69/690 225/69/691
f 225/69/692 219/67/692 218/67/693
f 221/68/694 220/68/695 235/81/694
f 235/81/696 234/79/696 221/68/697
f 233/76/698 232/77/699 215/66/699
f 215/66/700 214/63/701 233/76/700
f 240/83/702 241/84/703 231/78/704
f 231/78/705 230/75/706 240/83/705
f 242/82/707 239/82/707 238/82/707
f 238/82/708 243/82/709 242/82/710
f 244/71/711 226/71/711 229/72/711
f 229/72/712 245/72/713 244/71/712
f 245/72/714 229/72/715 228/73/716
f 228/73/717 246/73/717 245/72/717
f 246/73/718 228/73/719 216/65/720
f 216/65/721 247/65/722 246/73/723
f 247/65/724 216/65/725 215/66/726
f 215/66/727 248/66/728 247/65/728
f 248/66/729 215/66/730 232/77/730
f 232/77/731 249/77/732 248/66/733
f 249/77/734 232/77/735 231/78/736
f 231/78/737 250/78/738 249/77/738
f 250/78/739 231/78/740 241/84/741
f 241/84/742 251/84/743 250/78/743
f 251/84/744 241/84/745 240/83/744
f 240/83/746 252/83/747 251/84/748
f 253/80/749 237/80/750 236/80/751
f 236/80/752 254/80/753 253/80/754
f 254/80/755 236/80/756 235/81/757
f 235/81/758 255/81/759 254/80/760
f 255/81/761 235/81/762 220/68/762
f 220/68/763 256/68/764 255/81/765
f 256/68/766 220/68/767 219/67/768
f 219/67/769 257/67/769 256/68/770
f 257/67/771 219/67/771 225/69/772
f 225/69/773 258/69/773 257/67/774
f 258/69/775 225/69/776 224/70/775
f 224/70/777 259/70/777 258/69/778
f 259/70/779 224/70/780 239/82/780
f 239/82/781 242/82/782 259/70/783
f 260/85/784 261/86/784 262/1/785
f 262/1/786 263/87/787 260/85/787
f 264/1/788 265/86/789 266/88/790
f 266/88/791 267/89/792 264/1/791
f 268/88/793 269/89/794 262/1/793
f 262/1/795 261/86/796 268/88/795
f 270/87/797 271/85/798 265/86/799
f 265/86/800 264/1/801 270/87/802
f 272/87/803 273/85/804 260/85/804
f 260/85/805 263/87/806 272/87/807
f 273/85/808 274/86/808 261/86/809
f 261/86/810 260/85/811 273/85/812
f 274/86/813 275/88/813 268/88/814
f 268/88/815 261/86/816 274/86/815
f 275/88/817 276/89/818 269/89/818
f 269/89/819 268/88/820 275/88/819
f 276/89/821 277/1/822 262/1/823
f 262/1/824 269/89/825 276/89/824
f 277/1/826 272/87/827 263/87/828
f 263/87/829 262/1/830 277/1/829
f 278/89/831 279/1/832 264/1/833
f 264/1/834 267/89/835 278/89/836
f 279/1/837 280/87/837 270/87/838
f 270/87/839 264/1/840 279/1/841
f 280/87/842 281/85/842 271/85/843
f 271/85/844 270/87/845 280/87/846
f 281/85/847 282/86/848 265/86/848
f 265/86/849 271/85/850 281/85/851
f 282/86/852 283/88/853 266/88/852
f 266/88/854 265/86/855 282/86/856
f 283/88/857 278/89/858 267/89/859
f 267/89/860 266/88/861 283/88/862
# Vertices: 283, normals: 862, texture coordinates: 89, faces: 364

o obj2
v -0.10575664 -0.17192866 -0.00748189
v -0.03487869 -0.07702701 -0.00657676
v -0.03270858 -0.07867376 -0
v -0.10328786 -0.17380204 -0
v -0.11171679 -0.16740591 -0.01058099
v -0.0401178 -0.07305142 -0.00930094
v -0.03487869 -0.07702701 -0.00657676
v -0.10575664 -0.17192866 -0.00748189
v -0.11767694 -0.16288317 -0.00748189
v -0.04535692 -0.06907582 -0.00657676
v -0.12014572 -0.16100979 -0
v -0.04752703 -0.06742908 -0
v -0.11767694 -0.16288317 0.00748188
v -0.04535692 -0.06907582 0.00657675
v -0.11171679 -0.16740591 0.01058098
v -0.0401178 -0.07305142 0.00930093
v -0.10575664 -0.17192865 0.00748188
v -0.03487869 -0.07702701 0.00657675
vn 0.92383 0.38266 0.00998
vn 0.92383 0.38266 0.00998
vn 0.92383 0.38266 0.00998
vn 0.92383 0.38266 0.00998
vn 0.92383 0.38266 0.00998
vn 0.38266 0.92383 0.00998
vn 0.38266 0.92383 0.00998
vn 0.38266 0.92383 0.00998
vn 0.38266 0.92383 0.00998
vn 0.38266 0.92383 0.00998
vn -0.38266 0.92383 0.00998
vn -0.38266 0.92383 0.00998
vn -0.38266 0.92383 0.00998
vn -0.38266 0.92383 0.00998
vn -0.38266 0.92383 0.00998
vn -0.38266 0.92383 0.00998
vn -0.92383 0.38266 0.00998
vn -0.92383 0.38266 0.00998
vn -0.92383 0.38266 0.00998
vn -0.92383 0.38266 0.00998
vn -0.92383 0.38266 0.00998
vn -0.92383 0.38266 0.00998
vn -0.92383 -0.38266 0.00998
vn -0.92383 -0.38266 0.00998
vn -0.92383 -0.38266 0.00998
vn -0.92383 -0.38266 0.00998
vn -0.92383 -0.38266 0.00998
vn -0.38266 -0.92383 0.00998
vn -0.38266 -0.92383 0.00998
vn -0.38266 -0.92383 0.00998
vn -0.38266 -0.92383 0.00998
vn -0.38266 -0.92383 0.00998
vn 0.38266 -0.92383 0.00998
vn 0.38266 -0.92383 0.00998
vn 0.38266 -0.92383 0.00998
vn 0.38266 -0.92383 0.00998
vn 0.38266 -0.92383 0.00998
vn 0.38266 -0.92383 0.00998
vn 0.92383 -0.38266 0.00998
vn 0.92383 -0.38266 0.00998
vn 0.92383 -0.38266 0.00998
vn 0.92383 -0.38266 0.00998
vt 0.875 1
vt 0.875 0.52177
vt 0.75 0.52177
vt 0.75 1
vt 0 1
vt 0 0.52177
vt -0.125 0.52177
vt -0.125 1
vt 0.125 1
vt 0.125 0.52177
vt 0.25 1
vt 0.25 0.52177
vt 0.375 1
vt 0.375 0.52177
vt 0.5 1
vt 0.5 0.52177
vt 0.625 1
vt 0.625 0.52177
usemtl mat1
f 284/90/863 285/91/864 286/92/863
f 286/92/865 287/93/866 284/90/867
f 288/94/868 289/95/869 290/96/868
f 290/96/870 291/97/871 288/94/872
f 292/98/873 293/99/874 289/95/875
f 289/95/876 288/94/877 292/98/878
f 294/100/879 295/101/880 293/99/881
f 293/99/882 292/98/883 294/100/884
f 296/102/885 297/103/886 295/101/887
f 295/101/888 294/100/889 296/102/888
f 298/104/890 299/105/891 297/103/891
f 297/103/892 296/102/893 298/104/894
f 300/106/895 301/107/896 299/105/897
f 299/105/898 298/104/899 300/106/900
f 287/93/901 286/92/901 301/107/902
f 301/107/903 300/106/904 287/93/904
# Vertices: 18, normals: 42, texture coordinates: 18, faces: 16

o obj3
v 0.04843561 0.03439978 -0.00558923
v 0.0514775 0.03572474 -0.00721151
v 0.05385707 0.03391906 0
v 0.05027987 0.0330003 -0
v 0.04398317 0.03777842 -0.00790437
v 0.04573274 0.04008404 -0.01019861
v 0.03953072 0.04115707 -0.00558923
v 0.03998797 0.04444334 -0.00721151
v 0.03768646 0.04255655 0
v 0.03760841 0.04624902 0
v 0.03953072 0.04115707 0.00558923
v 0.03998797 0.04444334 0.00721151
v 0.04398317 0.03777842 0.00790437
v 0.04573274 0.04008404 0.01019861
v 0.04843561 0.03439978 0.00558923
v 0.0514775 0.03572474 0.00721151
v 0.05392376 0.03780228 0
v 0.0520795 0.03920176 -0.00558923
v 0.07521941 0.059319 -0.01186203
v 0.07913349 0.05634888 0
v 0.04762705 0.04258041 -0.00790437
v 0.06576998 0.0664895 -0.01677544
v 0.04317461 0.04595905 -0.00558923
v 0.05632056 0.07366 -0.01186203
v 0.04133035 0.04735854 0
v 0.05240648 0.07663012 1E-08
v 0.04317461 0.04595905 0.00558923
v 0.05632056 0.07366 0.01186203
v 0.04762706 0.04258041 0.00790437
v 0.06576998 0.0664895 0.01677544
v 0.0520795 0.03920176 0.00558923
v 0.07521941 0.059319 0.01186203
v 0.07592967 0.06629858 -0.00820873
v 0.07863828 0.06424321 0
v 0.06939051 0.07126069 -0.0116089
v 0.06285134 0.07622281 -0.00820873
v 0.06014273 0.07827818 0
v 0.06285134 0.07622281 0.00820873
v 0.06939051 0.07126069 0.0116089
v 0.07592967 0.06629858 0.00820873
v 0.13687311 0.14940331 1E-08
v 0.13535167 0.15055783 -0.0046109
v 0.14380016 0.15128585 -0.01090097
v 0.14739712 0.14855637 1E-08
v 0.13167857 0.15334508 -0.00652079
v 0.13511632 0.15787541 -0.0154163
v 0.12800548 0.15613234 -0.0046109
v 0.12643248 0.16446496 -0.01090097
v 0.12648403 0.15728685 1E-08
v 0.12283552 0.16719444 1E-08
v 0.12800548 0.15613234 0.0046109
v 0.12643248 0.16446496 0.01090097
v 0.13167857 0.15334508 0.0065208
v 0.13511632 0.15787541 0.01541631
v 0.13535167 0.15055783 0.0046109
v 0.14380016 0.15128585 0.01090097
v 0.16016698 0.19088764 1E-08
v 0.16016698 0.19088764 1E-08
v 0.15511077 0.10010135 0.00690827
v 0.16815427 0.11449373 0.00690826
v 0.15261882 0.11035974 0.00690826
v 0.14628034 0.10201973 0.00690827
v 0.14212356 0.11311478 0.00690827
v 0.13746195 0.11581471 0.00690827
v 0.1331585 0.10944936 0.00690827
v 0.13956619 0.10546091 0.00690827
v 0.15511077 0.10010135 0.00690827
v 0.15727662 0.08628295 0.00690827
v 0.16774821 0.09370748 0.00690826
v 0.13951663 0.05005685 0.00690828
v 0.1334569 0.04360221 0.00690827
v 0.14020165 0.03985882 0.00690825
v 0.14651902 0.04770534 0.00690825
v 0.11107168 0.02482811 0.00690825
v 0.10645556 0.0323492 0.0069083
v 0.09524342 0.02498598 0.0069083
v 0.10320916 0.0228392 0.00690825
v 0.12132412 0.02810799 0.00690825
v 0.13263058 0.03327153 0.00690825
v 0.12675615 0.03811663 0.00690828
v 0.11659528 0.03383819 0.00690828
v 0.15546102 0.05940211 0.00690825
v 0.16392846 0.07702824 0.00690826
v 0.15360996 0.07245005 0.00690827
v 0.14714523 0.05890969 0.00690827
v 0.13956619 0.10546091 0.00690827
v 0.10104758 0.08488325 0.00690829
v 0.10894309 0.08523806 0.0069083
v 0.11927312 0.09969739 0.00690828
v 0.12472773 0.1299154 0.00690827
v 0.08855281 0.0822434 0.00690829
v 0.12961881 0.12326863 0.00690827
v 0.13307998 0.11902338 0.00690827
v 0.12839636 0.11246754 0.00690827
v 0.12664953 0.13254946 -3E-08
v 0.08691971 0.08011534 -2E-08
v 0.11544524 0.08324919 0.0069083
v 0.1243635 0.09644042 0.00690828
v 0.12034828 0.07937289 0.0069083
v 0.12905534 0.09195632 0.00690828
v 0.12034828 0.07937289 0.0069083
v 0.12405493 0.07518243 0.0069083
v 0.13386202 0.08718243 0.00690829
v 0.12905534 0.09195632 0.00690828
v 0.12637369 0.06839245 0.0069083
v 0.138576 0.08185664 0.00690829
v 0.12637369 0.06839245 0.0069083
v 0.12626898 0.06473959 0.0069083
v 0.14218963 0.07623271 0.00690828
v 0.138576 0.08185664 0.00690829
v 0.12583079 0.06163806 0.0069083
v 0.14054587 0.06724045 0.00690828
v 0.1252783 0.0580564 0.0069083
v 0.13691336 0.05857518 0.00690828
v 0.12441762 0.0548687 0.0069083
v 0.13248311 0.05225458 0.00690828
v 0.1216936 0.04985897 0.0069083
v 0.12788504 0.04651363 0.00690828
v 0.11811419 0.04423901 0.0069083
v 0.1227643 0.04072572 0.00690828
v 0.11304298 0.03814267 0.0069083
v 0.15511077 0.10010135 -0.00690833
v 0.14628034 0.10201973 -0.00690833
v 0.15261882 0.11035974 -0.00690833
v 0.16815427 0.11449373 -0.00690833
v 0.14212354 0.11311475 -0.00690833
v 0.13956618 0.10546091 -0.00690833
v 0.1331585 0.10944936 -0.00690833
v 0.13746195 0.11581471 -0.00690833
v 0.15511077 0.10010135 -0.00690833
v 0.1677482 0.09370748 -0.00690832
v 0.15727662 0.08628295 -0.00690833
v 0.13951663 0.05005685 -0.00690833
v 0.14651902 0.04770534 -0.00690831
v 0.14020165 0.03985882 -0.0069083
v 0.1334569 0.04360221 -0.00690832
v 0.11107168 0.02482811 -0.00690829
v 0.10320916 0.0228392 -0.00690828
v 0.09524342 0.02498598 -0.00690833
v 0.10645556 0.0323492 -0.00690833
v 0.12132412 0.02810799 -0.00690829
v 0.11659528 0.03383819 -0.00690832
v 0.12675615 0.03811663 -0.00690832
v 0.13263056 0.0332715 -0.00690829
v 0.15546102 0.05940211 -0.00690831
v 0.14714523 0.05890969 -0.00690833
v 0.15360996 0.07245005 -0.00690833
v 0.16392846 0.07702824 -0.00690832
v 0.13956618 0.10546091 -0.00690833
v 0.10104758 0.08488325 -0.00690834
v 0.11927312 0.09969739 -0.00690833
v 0.10894309 0.08523806 -0.00690834
v 0.12472773 0.1299154 -0.00690833
v 0.12961881 0.12326863 -0.00690832
v 0.08855279 0.08224338 -0.00690833
v 0.13307998 0.11902338 -0.00690832
v 0.12839636 0.11246754 -0.00690833
v 0.1243635 0.09644043 -0.00690834
v 0.11544524 0.08324919 -0.00690834
v 0.12905534 0.09195632 -0.00690834
v 0.12034828 0.07937289 -0.00690834
v 0.12034828 0.07937289 -0.00690834
v 0.12905534 0.09195632 -0.00690834
v 0.13386202 0.08718243 -0.00690834
v 0.12405493 0.07518243 -0.00690835
v 0.13857597 0.08185661 -0.00690834
v 0.12637369 0.06839245 -0.00690835
v 0.12637369 0.06839245 -0.00690835
v 0.13857597 0.08185661 -0.00690834
v 0.14218963 0.07623271 -0.00690834
v 0.12626898 0.06473959 -0.00690834
v 0.14054587 0.06724045 -0.00690834
v 0.12583078 0.06163806 -0.00690835
v 0.13691336 0.05857518 -0.00690833
v 0.1252783 0.0580564 -0.00690835
v 0.13248311 0.05225458 -0.00690833
v 0.12441762 0.0548687 -0.00690834
v 0.12788504 0.04651363 -0.00690833
v 0.1216936 0.04985898 -0.00690834
v 0.1227643 0.04072572 -0.00690832
v 0.11811418 0.04423901 -0.00690834
v 0.11304298 0.03814267 -0.00690833
v 0.01582823 0.08748393 0.00690827
v 0.00642998 0.09290145 0.00690827
v -0.01279523 0.08824612 0.00690827
v -0.01381164 0.06764164 0.00690827
v 0.0845476 0.16644002 0.0069083
v 0.09898498 0.14385698 0.0069083
v 0.09693709 0.15283626 0.0069083
v 0.09078847 0.17041373 0.0069083
v 0.09078847 0.17041373 0.0069083
v 0.0850762 0.19298624 0.0069083
v 0.07505533 0.19398903 0.0069083
v 0.0845476 0.16644002 0.0069083
v 0.04323527 0.10196668 0.00690828
v 0.040838 0.09449507 0.00690827
v 0.0552667 0.09460772 0.00690827
v 0.0643865 0.09670349 0.00690828
v 0.04323527 0.10196668 0.00690828
v 0.03220367 0.17287913 0.00690829
v 0.01844661 0.15382627 0.00690829
v 0.02865828 0.14519967 0.00690829
v 0.04244094 0.16308445 0.00690829
v 0.06768347 0.20567493 0.0069083
v 0.04880947 0.18896539 0.0069083
v 0.0558748 0.17771103 0.0069083
v 0.00408449 0.13028568 0.00690828
v -0.00655216 0.10588431 0.00690828
v 0.01077998 0.1090414 0.00690828
v 0.0187616 0.12784904 0.00690828
v 0.08700592 0.21723109 0.0069083
v 0.10582614 0.12916948 0.0069083
v 0.11015032 0.13486797 0.0069083
v 0.09092388 0.10982205 0.00690829
v 0.09489263 0.11476109 0.00690829
v 0.08198228 0.12424195 0.00690829
v 0.07715907 0.11765233 0.00690829
v 0.08657932 0.1305958 0.00690829
v 0.0980966 0.11898334 0.00690829
v 0.10172299 0.12376227 0.00690829
v 0.09196098 0.13731096 0.00690829
v 0.08187023 0.09855493 0.00690828
v 0.08607851 0.10379207 0.00690828
v 0.07041876 0.10776902 0.00690828
v 0.07531629 0.09039867 0.00690827
v 0.01582824 0.08748394 -0.00690827
v -0.01381164 0.06764164 -0.00690827
v -0.01279523 0.08824612 -0.00690828
v 0.00642998 0.09290145 -0.00690827
v 0.0845476 0.16644002 -0.00690826
v 0.09078847 0.17041373 -0.00690826
v 0.09693709 0.15283626 -0.00690826
v 0.09898498 0.14385698 -0.00690826
v 0.09078847 0.17041373 -0.00690826
v 0.0845476 0.16644002 -0.00690826
v 0.07505533 0.19398903 -0.00690826
v 0.0850762 0.19298624 -0.00690826
v 0.04323527 0.10196668 -0.00690826
v 0.0643865 0.09670349 -0.00690826
v 0.0552667 0.09460772 -0.00690826
v 0.040838 0.09449507 -0.00690826
v 0.04323527 0.10196668 -0.00690826
v 0.03220367 0.17287913 -0.00690826
v 0.04244094 0.16308445 -0.00690826
v 0.02865828 0.14519967 -0.00690827
v 0.01844661 0.15382627 -0.00690827
v 0.0558748 0.17771104 -0.00690826
v 0.04880947 0.18896539 -0.00690826
v 0.06768347 0.20567493 -0.00690825
v 0.00408449 0.13028568 -0.00690827
v 0.01876162 0.12784906 -0.00690827
v 0.01077998 0.1090414 -0.00690827
v -0.00655216 0.10588431 -0.00690827
v 0.08700592 0.21723109 -0.00690825
v 0.11015032 0.13486797 -0.00690827
v 0.10582614 0.12916948 -0.00690826
v 0.0909239 0.10982208 -0.00690826
v 0.07715907 0.11765233 -0.00690826
v 0.08198228 0.12424195 -0.00690826
v 0.09489263 0.11476109 -0.00690826
v 0.08657932 0.1305958 -0.00690826
v 0.09196098 0.13731096 -0.00690826
v 0.10172299 0.12376227 -0.00690826
v 0.0980966 0.11898334 -0.00690826
v 0.08187023 0.09855493 -0.00690826
v 0.07041876 0.10776902 -0.00690826
v 0.08607851 0.10379207 -0.00690826
v 0.07531629 0.09039867 -0.00690826
v -0.13795618 -0.20198468 -0.01575108
v -0.13795619 -0.20198468 0.01575108
v -0.15197369 -0.17968029 0.01575107
v -0.15197369 -0.17968029 -0.01575108
v -0.11270183 -0.20948094 -0.01575108
v -0.10235375 -0.19584405 -0.01575108
v -0.10235376 -0.19584406 0.01575108
v -0.11270183 -0.20948095 0.01575107
v -0.11637126 -0.17353966 -0.01575108
v -0.11637126 -0.17353967 0.01575107
v -0.10235376 -0.19584406 0.01575108
v -0.10235375 -0.19584405 -0.01575108
v -0.14162561 -0.1660434 -0.01575108
v -0.15197369 -0.17968029 -0.01575108
v -0.15197369 -0.17968029 0.01575107
v -0.14162562 -0.1660434 0.01575108
v -0.11270183 -0.20948094 -0.01575108
v -0.11270183 -0.20948095 0.01575107
v -0.14162561 -0.1660434 -0.01575108
v -0.14162562 -0.1660434 0.01575108
v -0.14162561 -0.1660434 -0.01575108
v -0.14049009 -0.16950983 -0.01575108
v -0.14832955 -0.17984081 -0.01575108
v -0.11637126 -0.17353966 -0.01575108
v -0.11830938 -0.17609374 -0.01575108
v -0.10235375 -0.19584405 -0.01575108
v -0.1059979 -0.19568353 -0.01575108
v -0.11383735 -0.20601451 -0.01575108
v -0.13601807 -0.1994306 -0.01575108
v -0.15197369 -0.17968029 0.01575107
v -0.13795619 -0.20198468 0.01575108
v -0.13601808 -0.1994306 0.01575108
v -0.14832955 -0.17984082 0.01575108
v -0.11270183 -0.20948095 0.01575107
v -0.11383736 -0.20601452 0.01575108
v -0.1059979 -0.19568353 0.01575108
v -0.11830938 -0.17609375 0.01575107
v -0.14049009 -0.16950983 0.01575108
vn 0.74537 0.30874 -0.59084
vn 0.74537 0.30874 -0.59084
vn 0.74537 0.30874 -0.59084
vn 0.74537 0.30874 -0.59084
vn 0.30874 0.74537 -0.59084
vn 0.30874 0.74537 -0.59084
vn 0.30874 0.74537 -0.59084
vn 0.30874 0.74537 -0.59084
vn 0.30874 0.74537 -0.59084
vn 0.30874 0.74537 -0.59084
vn -0.30874 0.74537 -0.59084
vn -0.30874 0.74537 -0.59084
vn -0.30874 0.74537 -0.59084
vn -0.30874 0.74537 -0.59084
vn -0.74537 0.30874 -0.59084
vn -0.74537 0.30874 -0.59084
vn -0.74537 0.30874 -0.59084
vn -0.74537 0.30874 -0.59084
vn -0.74537 0.30874 -0.59084
vn -0.74537 -0.30874 -0.59084
vn -0.74537 -0.30874 -0.59084
vn -0.74537 -0.30874 -0.59084
vn -0.74537 -0.30874 -0.59084
vn -0.74537 -0.30874 -0.59084
vn -0.74537 -0.30874 -0.59084
vn -0.30874 -0.74537 -0.59084
vn -0.30874 -0.74537 -0.59084
vn -0.30874 -0.74537 -0.59084
vn -0.30874 -0.74537 -0.59084
vn -0.30874 -0.74537 -0.59084
vn 0.30874 -0.74537 -0.59084
vn 0.30874 -0.74537 -0.59084
vn 0.30874 -0.74537 -0.59084
vn 0.74537 -0.30874 -0.59084
vn 0.74537 -0.30874 -0.59084
vn 0.74537 -0.30874 -0.59084
vn 0.74537 -0.30874 -0.59084
vn 0.74537 -0.30874 -0.59084
vn 0.89125 0.36917 -0.26343
vn 0.89125 0.36917 -0.26343
vn 0.89125 0.36917 -0.26343
vn 0.89125 0.36917 -0.26343
vn 0.89125 0.36917 -0.26343
vn 0.36917 0.89125 -0.26343
vn 0.36917 0.89125 -0.26343
vn 0.36917 0.89125 -0.26343
vn 0.36917 0.89125 -0.26343
vn -0.36917 0.89125 -0.26343
vn -0.36917 0.89125 -0.26343
vn -0.36917 0.89125 -0.26343
vn -0.36917 0.89125 -0.26343
vn -0.36917 0.89125 -0.26343
vn -0.36917 0.89125 -0.26343
vn -0.89125 0.36917 -0.26343
vn -0.89125 0.36917 -0.26343
vn -0.89125 0.36917 -0.26343
vn -0.89125 0.36917 -0.26343
vn -0.89125 0.36917 -0.26343
vn -0.89125 -0.36917 -0.26343
vn -0.89125 -0.36917 -0.26343
vn -0.89125 -0.36917 -0.26343
vn -0.89125 -0.36917 -0.26343
vn -0.89125 -0.36917 -0.26343
vn -0.36917 -0.89125 -0.26343
vn -0.36917 -0.89125 -0.26343
vn -0.36917 -0.89125 -0.26343
vn -0.36917 -0.89125 -0.26343
vn -0.36917 -0.89125 -0.26343
vn 0.36917 -0.89125 -0.26343
vn 0.36917 -0.89125 -0.26343
vn 0.36917 -0.89125 -0.26343
vn 0.36917 -0.89125 -0.26343
vn 0.36917 -0.89125 -0.26343
vn 0.89125 -0.36917 -0.26343
vn 0.89125 -0.36917 -0.26343
vn 0.89125 -0.36917 -0.26343
vn 0.89125 -0.36917 -0.26343
vn 0.76527 0.31698 0.56026
vn 0.76527 0.31698 0.56026
vn 0.76527 0.31698 0.56026
vn 0.76527 0.31698 0.56026
vn 0.31698 0.76527 0.56026
vn 0.31698 0.76527 0.56026
vn 0.31698 0.76527 0.56026
vn 0.31698 0.76527 0.56026
vn 0.31698 0.76527 0.56026
vn 0.31698 0.76527 0.56026
vn -0.31698 0.76527 0.56026
vn -0.31698 0.76527 0.56026
vn -0.31698 0.76527 0.56026
vn -0.31698 0.76527 0.56026
vn -0.76527 0.31698 0.56026
vn -0.76527 0.31698 0.56026
vn -0.76527 0.31698 0.56026
vn -0.76527 0.31698 0.56026
vn -0.76527 0.31698 0.56026
vn -0.76527 -0.31698 0.56026
vn -0.76526 -0.31698 0.56026
vn -0.76526 -0.31698 0.56026
vn -0.76527 -0.31698 0.56026
vn -0.76527 -0.31698 0.56026
vn -0.31698 -0.76527 0.56026
vn -0.31698 -0.76527 0.56026
vn -0.31698 -0.76527 0.56026
vn -0.31698 -0.76527 0.56026
vn -0.31698 -0.76527 0.56026
vn 0.31698 -0.76527 0.56026
vn 0.31698 -0.76527 0.56026
vn 0.31698 -0.76527 0.56026
vn 0.76527 -0.31698 0.56026
vn 0.76527 -0.31698 0.56026
vn 0.76527 -0.31698 0.56026
vn 0.76526 -0.31698 0.56026
vn 0.76526 -0.31698 0.56026
vn 0.7225 0.29927 0.62324
vn 0.7225 0.29927 0.62324
vn 0.7225 0.29927 0.62324
vn 0.7225 0.29927 0.62324
vn 0.29927 0.7225 0.62324
vn 0.29927 0.7225 0.62324
vn 0.29927 0.7225 0.62324
vn 0.29927 0.7225 0.62324
vn 0.29927 0.7225 0.62324
vn 0.29927 0.7225 0.62324
vn -0.29927 0.7225 0.62324
vn -0.29927 0.7225 0.62324
vn -0.29927 0.7225 0.62324
vn -0.29927 0.7225 0.62324
vn -0.29927 0.7225 0.62324
vn -0.7225 0.29927 0.62324
vn -0.7225 0.29927 0.62324
vn -0.7225 -0.29927 0.62324
vn -0.7225 -0.29927 0.62324
vn -0.7225 -0.29927 0.62324
vn -0.7225 -0.29927 0.62324
vn -0.7225 -0.29927 0.62324
vn -0.29927 -0.7225 0.62324
vn -0.29927 -0.7225 0.62324
vn -0.29927 -0.7225 0.62324
vn -0.29927 -0.7225 0.62324
vn 0.29927 -0.7225 0.62324
vn 0.29927 -0.7225 0.62324
vn 0.29927 -0.7225 0.62324
vn 0.7225 -0.29927 0.62324
vn 0.7225 -0.29927 0.62324
vn 0.7225 -0.29927 0.62324
vn 0.52572 0.21776 -0.82232
vn 0.52572 0.21776 -0.82232
vn 0.52572 0.21776 -0.82232
vn 0.52572 0.21776 -0.82232
vn 0.52572 0.21776 -0.82232
vn 0.21776 0.52572 -0.82232
vn 0.21776 0.52572 -0.82232
vn 0.21776 0.52572 -0.82232
vn 0.21776 0.52572 -0.82232
vn -0.21776 0.52572 -0.82232
vn -0.21776 0.52572 -0.82232
vn -0.21776 0.52572 -0.82232
vn -0.21776 0.52572 -0.82232
vn -0.21776 0.52572 -0.82232
vn -0.52572 0.21776 -0.82232
vn -0.52572 0.21776 -0.82232
vn -0.52572 0.21776 -0.82232
vn -0.52572 0.21776 -0.82232
vn -0.52572 0.21776 -0.82232
vn -0.52572 -0.21776 -0.82232
vn -0.52572 -0.21776 -0.82232
vn -0.52572 -0.21776 -0.82232
vn -0.52572 -0.21776 -0.82232
vn -0.52572 -0.21776 -0.82232
vn -0.21776 -0.52572 -0.82232
vn -0.21776 -0.52572 -0.82232
vn -0.21776 -0.52572 -0.82232
vn -0.21776 -0.52572 -0.82232
vn -0.21776 -0.52572 -0.82232
vn 0.21776 -0.52572 -0.82232
vn 0.21776 -0.52572 -0.82232
vn 0.21776 -0.52572 -0.82232
vn 0.21776 -0.52572 -0.82232
vn 0.52572 -0.21776 -0.82232
vn 0.52572 -0.21776 -0.82232
vn 0.52572 -0.21776 -0.82232
vn 0.52572 -0.21776 -0.82232
vn 0.87372 0.36191 0.32503
vn 0.87372 0.36191 0.32503
vn 0.87372 0.36191 0.32503
vn 0.3619 0.87372 0.32503
vn 0.3619 0.87372 0.32503
vn 0.3619 0.87372 0.32503
vn -0.3619 0.87372 0.32503
vn -0.3619 0.87372 0.32503
vn -0.3619 0.87372 0.32503
vn -0.87372 0.36191 0.32503
vn -0.87372 0.36191 0.32503
vn -0.87372 0.36191 0.32503
vn -0.87372 -0.36191 0.32503
vn -0.87372 -0.36191 0.32503
vn -0.87372 -0.36191 0.32503
vn -0.36191 -0.87372 0.32503
vn -0.36191 -0.87372 0.32503
vn 0.36191 -0.87372 0.32503
vn 0.36191 -0.87372 0.32503
vn 0.36191 -0.87372 0.32503
vn 0.87372 -0.36191 0.32503
vn 0.87372 -0.36191 0.32503
vn 0.87372 -0.36191 0.32503
vn -0 -1 0
vn -0 -1 0
vn -0 -1 0
vn -0 -1 0
vn -0 -1 0
vn -0 -1 0
vn -0 -1 0
vn -0 -1 0
vn -0 -1 0
vn -0 -1 0
vn 0 -1 0
vn 0 -1 0
vn 0 -1 0
vn 0 -1 -0
vn 0 -1 -0
vn 0 -1 -0
vn 0 -1 -0
vn 0 -1 -0
vn 0 -1 -0
vn 1E-05 -1 -1E-05
vn 1E-05 -1 -1E-05
vn 1E-05 -1 -1E-05
vn 0 -1 -0
vn 0 -1 -0
vn 0 -1 -0
vn 0 -1 -0
vn 0 -1 -0
vn 0 -1 0
vn 0 -1 0
vn 0 -1 0
vn -0 -1 0
vn -0 -1 0
vn -0 -1 0
vn -0 -1 0
vn -0 -1 0
vn -0 -1 0
vn -0 -1 0
vn -0 -1 0
vn -0 -1 0
vn -0 -1 0
vn 0 -1 0
vn 0 -1 0
vn 0 -1 0
vn 0 -1 0
vn 0 -1 0
vn -0 -1 0
vn -0 -1 0
vn 0 -1 0
vn 0 -1 0
vn 0 -1 0
vn 0 -1 0
vn 0 -1 0
vn 0 -1 -0
vn 0 -1 -0
vn 0 -1 -0
vn 0 -1 -0
vn 0 -1 -0
vn 0 -1 -0
vn 0 -1 -0
vn 0 -1 -0
vn 0 -1 -0
vn 0 -1 -0
vn -0.99996 -0.00888 0
vn -1 -0.00238 -0.00071
vn -1 -0.00238 -0.00071
vn -1 -0.00238 -0.00071
vn -0 -1 0
vn -0 -1 0
vn -0 -1 0
vn 0 -1 0
vn 0 -1 0
vn 0 -1 0
vn 0 -1 0
vn 0 -1 0
vn 0 -1 0
vn -0 -1 0
vn -0 -1 0
vn -0 -1 0
vn -0 -1 0
vn -0 -1 0
vn -0 -1 0
vn 0 -1 0
vn 0 -1 0
vn -0 -1 0
vn 0 -1 0
vn 0 -1 0
vn 0 -1 0
vn 0 -1 0
vn 0 -1 0
vn 0 -1 0
vn 0 -1 0
vn 0 -1 0
vn 0 -1 0
vn 0 -1 0
vn 0 -1 0
vn 0 -1 0
vn 0 -1 0
vn 0 -1 0
vn 0 -1 0
vn 0 -1 0
vn 0 -1 -0
vn 0 -1 0
vn 0 -1 0
vn 0 -1 -0
vn 0 -1 -0
vn 0 -1 -0
vn 0 -1 -0
vn 0 -1 -0
vn 0 -1 -0
vn 0 -1 -0
vn 0 -1 0
vn 0 -1 0
vn 0 -1 0
vn 0 -1 0
vn 0 -1 0
vn -0 -1 0
vn 0 -1 -0
vn 0 -1 -0
vn 0 -1 -0
vn 0 -1 -0
vn -0 1 0
vn -0 1 0
vn -0 1 0
vn -0 1 0
vn -0 1 0
vn -0 1 0
vn -0 1 0
vn -0 1 0
vn -0 1 0
vn -0 1 0
vn -0 1 0
vn -0 1 0
vn 0 1 0
vn 0 1 0
vn 0 1 0
vn 0 1 -0
vn 0 1 -0
vn 0 1 -0
vn 0 1 -0
vn 1E-05 1 -1E-05
vn 0 1 -0
vn 0 1 -0
vn 0 1 -0
vn 0 1 -0
vn 0 1 -0
vn 0 1 -0
vn 0 1 -0
vn 0 1 0
vn 0 1 0
vn 0 1 0
vn 0 1 0
vn -0 1 0
vn -0 1 0
vn -0 1 0
vn -0 1 0
vn -0 1 0
vn -0 1 0
vn 0 1 0
vn 0 1 0
vn 0 1 0
vn -0 1 0
vn -0 1 0
vn -0 1 0
vn -0 1 0
vn -0 1 0
vn -0 1 0
vn 0 1 0
vn 0 1 0
vn 0 1 0
vn 0 1 0
vn 0 1 0
vn 0 1 -0
vn 0 1 -0
vn 0 1 -0
vn 0 1 -0
vn 0 1 -0
vn 0 1 -0
vn 0 1 -0
vn 0 1 -0
vn 0 1 -0
vn -1 0.00238 -0.00071
vn -1 0.00238 -0.00071
vn -0.99996 0.00888 0
vn -0.99996 0.00888 0
vn -0 1 0
vn -0 1 0
vn -0 1 0
vn -0 1 0
vn -0 1 0
vn -0 1 0
vn -0 1 0
vn -0 1 0
vn -0 1 0
vn -0 1 0
vn -0 1 0
vn -0 1 0
vn -0 1 0
vn -0 1 0
vn -0 1 0
vn -0 1 0
vn -0 1 0
vn 0 1 0
vn 0 1 0
vn 0 1 0
vn 0 1 0
vn 0 1 0
vn 0 1 0
vn 0 1 0
vn 0 1 -0
vn 0 1 0
vn 0 1 0
vn 0 1 0
vn 0 1 -0
vn 0 1 -0
vn 0 1 0
vn 0 1 0
vn 0 1 0
vn 0 1 -0
vn 0 1 -0
vn 0 1 -0
vn 0 1 -0
vn 0 1 -0
vn 0 1 -0
vn 0 1 -0
vn 0 1 0
vn 0 1 0
vn 0 1 0
vn 0 1 -0
vn 0 1 -0
vn -0 1 0
vn -0 1 0
vn -0 1 0
vn -0 1 0
vn 0 1 0
vn 0 1 0
vn 0 1 0
vn 0 1 -0
vn 0 1 -0
vn 0 1 -0
vn 0 1 -0
vn 0 1 -0
vn 0 -1 -0
vn 0 -1 -0
vn 0 -1 -0
vn 0 -1 -0
vn -0 -1 -0
vn -0 -1 -0
vn -0 -1 -0
vn -0 -1 -0
vn -0 -1 -0
vn -0 -1 -0
vn -0 -1 -0
vn -0 -1 -0
vn -0 -1 -0
vn -0 -1 -0
vn 0 -1 -0
vn 0 -1 -0
vn 0 -1 -0
vn 0 -1 -0
vn 0 -1 -0
vn 0 -1 -0
vn 0 -1 -0
vn 0 -1 -0
vn 0 -1 -0
vn 0 -1 -0
vn 0 -1 -0
vn 0 -1 -0
vn 0 -1 -0
vn 0 -1 -0
vn -0 -1 -0
vn -0 -1 -0
vn 0 -1 -0
vn 0 -1 -0
vn 0 -1 -0
vn 0 -1 -0
vn 0 -1 -0
vn 0 -1 -0
vn -0 -1 -0
vn -0 -1 -0
vn -0 -1 -0
vn 0 -1 -0
vn -0 -1 -0
vn -0 -1 -0
vn 0 -1 -0
vn 0 -1 -0
vn 0 -1 -0
vn 0 -1 -0
vn 0 -1 -0
vn 0 -1 -0
vn -0 -1 -0
vn -0 -1 -0
vn -0 -1 -0
vn -0 -1 -0
vn -0 -1 -0
vn -0 -1 -0
vn 0 -1 -0
vn 0 -1 -0
vn 0 -1 -0
vn 0 -1 -0
vn -0 -1 -0
vn -0 -1 -0
vn -0 -1 -0
vn 0 -1 -0
vn 0 -1 -0
vn 0 -1 -0
vn 0 -1 -0
vn 0 -1 -0
vn -0 -1 -0
vn -0 -1 -0
vn -0 -1 -0
vn -0 -1 -0
vn -0 -1 -0
vn 0 -1 -0
vn 0 -1 -0
vn 0 -1 -0
vn -0 -1 -0
vn 0 -1 -0
vn 0 -1 -0
vn 0 -1 -0
vn 0 -1 -0
vn 0 -1 -0
vn 0 -1 -0
vn 0 -1 -0
vn 0 -1 -0
vn 0 -1 -0
vn 0 1 0
vn 0 1 0
vn 0 1 -0
vn -0 1 -0
vn -0 1 -0
vn -0 1 -0
vn -0 1 -0
vn -0 1 -0
vn -0 1 -0
vn -0 1 -0
vn -0 1 -0
vn -0 1 0
vn -0 1 0
vn -0 1 0
vn 0 1 -0
vn 0 1 -0
vn 0 1 -0
vn 0 1 -0
vn 0 1 -0
vn 0 1 -0
vn 0 1 -0
vn 0 1 -0
vn 0 1 -0
vn 0 1 0
vn 0 1 0
vn 0 1 0
vn -0 1 0
vn -0 1 0
vn 0 1 0
vn -0 1 0
vn -0 1 0
vn 0 1 0
vn 0 1 0
vn 0 1 0
vn 0 1 0
vn 0 1 0
vn -0 1 -0
vn -0 1 -0
vn -0 1 -0
vn -0 1 0
vn -0 1 0
vn 0 1 0
vn 0 1 0
vn 0 1 0
vn 0 1 0
vn 0 1 0
vn -0 1 0
vn -0 1 0
vn -0 1 0
vn 0 1 0
vn 0 1 0
vn 0 1 0
vn 0 1 0
vn 0 1 0
vn 0 1 0
vn -0 1 -0
vn -0 1 -0
vn -0 1 -0
vn -0 1 -0
vn 0 1 -0
vn 0 1 -0
vn 0 1 -0
vn -0 1 0
vn -0 1 0
vn -0 1 0
vn -0 1 -0
vn -0 1 -0
vn 0 1 0
vn 0 1 0
vn 0 1 -0
vn 0 1 -0
vn -0 1 0
vn -0 1 0
vn -0 1 -0
vn -0 1 -0
vn 0 1 0
vn 0 1 0
vn 0 1 0
vn 0 1 0
vn 0 1 -0
vn 0 1 -0
vn 0 1 -0
vn 0 1 -0
vn 0 1 -0
vn 0 1 -0
vn 0 1 -0
vn 0 1 -0
vn -0.35282 0 -0.93569
vn -0.35282 0 -0.93569
vn -0.35282 0 -0.93569
vn -0.35282 0 -0.93569
vn -0.35282 0 -0.93569
vn -0.35282 0 -0.93569
vn 1 0 0
vn 0.35282 -0 0.93569
vn 0.35282 -0 0.93569
vn 0.35282 -0 0.93569
vn 0.35282 -0 0.93569
vn 0.35282 -0 0.93569
vn -1 0 0
vn 0.35282 0 -0.93569
vn 0.35282 0 -0.93569
vn 0.35282 0 -0.93569
vn 0.35282 0 -0.93569
vn 0.35282 0 -0.93569
vn -0.35282 -0 0.93569
vn -0.35282 -0 0.93569
vn -0.35282 -0 0.93569
vn -0.35282 -0 0.93569
vn -0.35282 -0 0.93569
vn -0.35282 -0 0.93569
vn 0 1 0
vn 0 1 0
vn -0 1 0
vn -0 1 0
vn -0 1 0
vn -0 1 0
vn -0 1 0
vn -0 1 -0
vn -0 1 -0
vn 0 1 -0
vn 0 1 -0
vn 0 1 -0
vn 0 1 0
vn 0 1 0
vn 0 1 0
vn 0 1 0
vn 0 1 0
vn -0 1 0
vn -0 1 0
vn -0 1 -0
vn -0 1 -0
vn -0 1 -0
vn -0 1 -0
vn -0 1 -0
vn 0 1 -0
vn 0 1 -0
vn 0 1 -0
vn 0 1 0
vn 0 1 0
vn 0 1 0
vn -0 -1 0
vn -0 -1 0
vn -0 -1 0
vn -0 -1 -0
vn -0 -1 -0
vn -0 -1 -0
vn 0 -1 -0
vn 0 -1 0
vn -0 -1 -0
vn -0 -1 -0
vn -0 -1 -0
vn 0 -1 0
vn 0 -1 0
vn 0 -1 0
vn -0 -1 0
vn -0 -1 0
vn -0 -1 0
vn -0 -1 -0
vn -0 -1 -0
vn -0 -1 -0
vn 0 -1 -0
vn 0 -1 -0
vn 0 -1 -0
vn 0 -1 -0
vn 0 -1 -0
vn -0 -1 -0
vn -0 -1 -0
vn 0 -1 0
vn 0 -1 0
vt 0.875 0
vt 0.75 0
vt 0.78033 0
vt 0.52145 0
vt 0.25 0
vt 0.125 0
vt 0.21967 0
vt 0.625 0
vt 0.47411 0
vt 0.65089 0
vt 0 0.31219
vt 0 0
vt 0.54306 0
vt 0.54306 0.25852
vt 1 0
vt 0.80454 0
vt 0.79138 0
vt 0.31219 0
vt 0.39758 0
vt 0.47972 0
vt 0.51078 0
vt 0.53328 0
vt 0.57104 0
vt 0.44737 0
vt 0.47141 0
vt 1 0.20862
vt 0.42798 0
vt 0.80596 0
vt 1 0.5247
vt 0 0.5247
vt 0.40507 0
vt 0.41895 0
vt 1 1
vt 0.54306 1
vt 0.54306 0.66833
vt 1 0.58105
vt 0 1
vt 0 0.70794
vt 0.59983 0
vt 0.70794 0
vt 0.63754 0
vt 0.61451 0
vt 0.63507 0
vt 0.66547 0
vt 0.67966 0
vt 0.44203 1
vt 0.44203 0.81084
vt 1 0.81084
vt 0.87672 1
vt 0.44203 0
vt 0.44203 0.12328
vt 0 0.12328
vt 0.18916 1
vt 0 0.81084
vt 1 0.34364
vt 1 0.43498
vt 0.44203 0.43498
vt 0.44203 0.34364
vt 1 0.12328
vt 1 0.24026
vt 0.44203 0.24026
vt 1 0.54953
vt 1 0.68938
vt 0.44203 0.68938
vt 0.44203 0.54953
vt 0.45047 1
vt 0.56502 1
vt 0.65636 1
vt 0.75974 1
vt 0.31062 1
vt 0.31062 1
vt 0.5 1
vt 0.5 0
usemtl mat2
f 302/108/905 303/108/906 304/109/905
f 304/109/907 305/109/908 302/108/907
f 306/110/909 307/110/910 303/108/911
f 303/108/912 302/108/913 306/110/914
f 308/111/915 309/111/915 307/110/916
f 307/110/917 306/110/918 308/111/917
f 310/112/919 311/112/920 309/111/921
f 309/111/922 308/111/923 310/112/922
f 312/113/924 313/113/925 311/112/926
f 311/112/927 310/112/928 312/113/929
f 314/114/930 315/114/931 313/113/930
f 313/113/932 312/113/933 314/114/934
f 316/115/935 317/115/935 315/114/935
f 315/114/936 314/114/937 316/115/936
f 305/109/938 304/109/939 317/115/940
f 317/115/941 316/115/942 305/109/942
f 318/109/943 319/108/944 320/108/945
f 320/108/946 321/109/947 318/109/947
f 319/108/948 322/110/949 323/110/950
f 323/110/951 320/108/951 319/108/951
f 322/110/952 324/111/953 325/111/954
f 325/111/955 323/110/956 322/110/957
f 324/111/958 326/112/959 327/112/960
f 327/112/961 325/111/962 324/111/962
f 326/112/963 328/113/964 329/113/965
f 329/113/966 327/112/967 326/112/966
f 328/113/968 330/114/968 331/114/969
f 331/114/970 329/113/971 328/113/972
f 330/114/973 332/115/974 333/115/975
f 333/115/976 331/114/976 330/114/977
f 332/115/978 318/109/978 321/109/979
f 321/109/980 333/115/980 332/115/981
f 319/108/982 318/109/983 304/109/983
f 304/109/984 303/108/985 319/108/985
f 322/110/986 319/108/987 303/108/988
f 303/108/989 307/110/990 322/110/991
f 324/111/992 322/110/993 307/110/993
f 307/110/994 309/111/995 324/111/994
f 326/112/996 324/111/997 309/111/998
f 309/111/999 311/112/1000 326/112/999
f 328/113/1001 326/112/1002 311/112/1003
f 311/112/1004 313/113/1005 328/113/1005
f 330/114/1006 328/113/1007 313/113/1008
f 313/113/1009 315/114/1010 330/114/1009
f 332/115/1011 330/114/1012 315/114/1013
f 315/114/1011 317/115/1013 332/115/1011
f 318/109/1014 332/115/1015 317/115/1016
f 317/115/1017 304/109/1018 318/109/1017
f 321/109/1019 320/108/1020 334/108/1021
f 334/108/1022 335/109/1022 321/109/1022
f 320/108/1023 323/110/1024 336/110/1025
f 336/110/1026 334/108/1027 320/108/1028
f 323/110/1029 325/111/1030 337/111/1031
f 337/111/1032 336/110/1032 323/110/1033
f 325/111/1034 327/112/1034 338/112/1034
f 338/112/1034 337/111/1035 325/111/1034
f 327/112/1036 329/113/1037 339/113/1036
f 339/113/1038 338/112/1039 327/112/1040
f 329/113/1041 331/114/1041 340/114/1042
f 340/114/1043 339/113/1044 329/113/1043
f 331/114/1045 333/115/1046 341/115/1046
f 341/115/1047 340/114/1047 331/114/1047
f 333/115/1048 321/109/1049 335/109/1050
f 335/109/1048 341/115/1048 333/115/1048
f 342/109/1051 343/108/1052 344/108/1052
f 344/108/1053 345/109/1054 342/109/1055
f 343/108/1056 346/110/1056 347/110/1057
f 347/110/1058 344/108/1058 343/108/1059
f 346/110/1060 348/111/1061 349/111/1062
f 349/111/1063 347/110/1061 346/110/1064
f 348/111/1065 350/112/1066 351/112/1067
f 351/112/1068 349/111/1068 348/111/1069
f 350/112/1070 352/113/1071 353/113/1070
f 353/113/1072 351/112/1073 350/112/1074
f 352/113/1075 354/114/1076 355/114/1077
f 355/114/1078 353/113/1079 352/113/1079
f 354/114/1080 356/115/1080 357/115/1080
f 357/115/1081 355/114/1082 354/114/1083
f 356/115/1084 342/109/1085 345/109/1086
f 345/109/1087 357/115/1087 356/115/1087
f 345/109/1088 344/108/1089 358/116/1090
f 344/108/1091 347/110/1092 358/116/1093
f 347/110/1094 349/111/1095 359/117/1096
f 349/111/1097 351/112/1098 359/117/1099
f 351/112/1100 353/113/1101 358/116/1102
f 353/113/1103 355/114/1103 358/116/1104
f 355/114/1105 357/115/1106 358/116/1107
f 357/115/1108 345/109/1109 358/116/1110
f 360/118/1111 361/119/1112 362/120/1113
f 362/120/1114 363/121/1115 360/118/1116
f 364/122/1117 365/122/1118 366/123/1118
f 366/123/1119 367/124/1120 364/122/1119
f 368/125/1121 369/126/1121 370/119/1122
f 370/119/1123 361/119/1123 368/125/1123
f 371/127/1124 372/128/1125 373/119/1126
f 373/119/1127 374/119/1127 371/127/1127
f 375/119/1128 376/122/1128 377/122/1129
f 377/122/1130 378/119/1131 375/119/1132
f 379/119/1133 380/119/1134 381/129/1133
f 381/129/1135 382/130/1136 379/119/1137
f 383/119/1138 384/119/1139 385/131/1138
f 385/131/1140 386/132/1140 383/119/1140
f 364/122/1141 387/133/1142 363/121/1142
f 363/121/1143 362/120/1144 364/122/1144
f 388/119/1145 389/119/1146 390/134/1147
f 391/122/1148 392/119/1149 388/119/1150
f 388/119/1151 393/122/1152 391/122/1151
f 394/122/1153 395/135/1154 366/123/1155
f 366/123/1156 365/122/1156 394/122/1157
f 384/119/1158 370/119/1159 369/126/1160
f 369/126/1161 385/131/1162 384/119/1162
f 374/119/1163 383/119/1164 386/132/1164
f 386/132/1165 371/127/1166 374/119/1166
f 380/119/1167 373/119/1167 372/128/1167
f 372/128/1168 381/129/1169 380/119/1168
f 375/119/1170 379/119/1171 382/130/1172
f 392/119/1173 391/122/1173 396/136/1173
f 396/136/1174 397/137/1175 392/119/1176
f 390/134/1177 389/119/1178 398/119/1177
f 398/119/1179 399/138/1179 390/134/1179
f 398/119/1180 400/119/1181 401/139/1182
f 401/139/1183 399/138/1184 398/119/1185
f 402/140/1186 403/141/1187 404/142/1188
f 404/142/1189 405/143/1190 402/140/1191
f 403/141/1192 406/144/1193 407/145/1193
f 407/145/1194 404/142/1194 403/141/1194
f 408/122/1195 409/122/1195 410/146/1195
f 410/146/1196 411/147/1196 408/122/1196
f 409/122/1197 412/122/1197 413/148/1197
f 413/148/1198 410/146/1199 409/122/1199
f 412/122/1200 414/122/1201 415/149/1200
f 415/149/1202 413/148/1203 412/122/1203
f 414/122/1204 416/122/1204 417/150/1205
f 417/150/1206 415/149/1206 414/122/1207
f 416/122/1208 418/122/1209 419/151/1210
f 419/151/1211 417/150/1211 416/122/1211
f 418/122/1212 420/122/1213 421/152/1213
f 421/152/1214 419/151/1214 418/122/1214
f 420/122/1215 422/122/1216 382/130/1217
f 382/130/1218 421/152/1219 420/122/1220
f 395/135/1221 394/122/1222 393/122/1223
f 390/134/1224 395/135/1224 393/122/1225
f 393/122/1226 388/119/1226 390/134/1226
f 382/130/1227 376/122/1227 375/119/1228
f 382/130/1229 422/122/1230 376/122/1229
f 423/118/1231 424/121/1232 425/120/1233
f 425/120/1234 426/119/1235 423/118/1236
f 427/122/1237 428/124/1238 429/123/1239
f 429/123/1240 430/122/1241 427/122/1242
f 431/125/1243 426/119/1244 432/119/1244
f 432/119/1245 433/126/1245 431/125/1245
f 434/127/1246 435/119/1246 436/119/1246
f 436/119/1247 437/128/1248 434/127/1249
f 438/119/1250 439/119/1250 440/122/1250
f 440/122/1251 441/122/1252 438/119/1251
f 442/119/1253 443/130/1254 444/129/1254
f 444/129/1255 445/119/1256 442/119/1257
f 446/119/1258 447/132/1258 448/131/1259
f 448/131/1260 449/119/1261 446/119/1260
f 427/122/1262 425/120/1263 424/121/1264
f 424/121/1265 450/133/1266 427/122/1265
f 451/119/1267 452/134/1267 453/119/1267
f 454/122/1268 455/122/1269 451/119/1270
f 451/119/1271 456/119/1272 454/122/1271
f 457/122/1273 430/122/1273 429/123/1274
f 429/123/1275 458/135/1275 457/122/1276
f 449/119/1277 448/131/1277 433/126/1278
f 433/126/1279 432/119/1280 449/119/1281
f 435/119/1282 434/127/1282 447/132/1283
f 447/132/1284 446/119/1285 435/119/1285
f 445/119/1286 444/129/1287 437/128/1288
f 437/128/1289 436/119/1289 445/119/1289
f 438/119/1290 443/130/1290 442/119/1290
f 456/119/1291 397/137/1292 396/136/1291
f 396/136/1293 454/122/1294 456/119/1293
f 452/134/1295 459/138/1295 460/119/1295
f 460/119/1296 453/119/1297 452/134/1298
f 460/119/1299 459/138/1300 461/139/1299
f 461/139/1301 462/119/1301 460/119/1302
f 463/140/1303 464/143/1303 465/142/1304
f 465/142/1305 466/141/1306 463/140/1307
f 466/141/1308 465/142/1309 467/145/1310
f 467/145/1311 468/144/1311 466/141/1311
f 469/122/1312 470/147/1312 471/146/1312
f 471/146/1313 472/122/1314 469/122/1314
f 472/122/1315 471/146/1316 473/148/1315
f 473/148/1317 474/122/1317 472/122/1318
f 474/122/1319 473/148/1319 475/149/1319
f 475/149/1320 476/122/1321 474/122/1322
f 476/122/1323 475/149/1323 477/150/1324
f 477/150/1325 478/122/1326 476/122/1327
f 478/122/1328 477/150/1328 479/151/1329
f 479/151/1330 480/122/1331 478/122/1332
f 480/122/1333 479/151/1333 481/152/1334
f 481/152/1335 482/122/1336 480/122/1337
f 482/122/1338 481/152/1338 443/130/1338
f 443/130/1339 483/122/1339 482/122/1339
f 458/135/1340 455/122/1341 457/122/1340
f 452/134/1342 451/119/1343 455/122/1343
f 455/122/1344 458/135/1345 452/134/1346
f 443/130/1347 438/119/1348 441/122/1349
f 443/130/1350 441/122/1351 483/122/1351
f 484/153/1352 485/154/1353 486/155/1353
f 486/155/1354 487/140/1355 484/153/1355
f 488/156/1356 489/156/1357 490/140/1357
f 490/140/1358 491/140/1359 488/156/1360
f 492/119/1361 493/157/1362 494/158/1361
f 494/158/1363 495/159/1364 492/119/1365
f 496/160/1366 497/144/1366 498/144/1366
f 498/144/1367 499/160/1367 496/160/1368
f 497/144/1369 500/161/1370 485/154/1370
f 485/154/1371 484/153/1371 497/144/1372
f 501/162/1373 502/163/1373 503/164/1374
f 503/164/1375 504/165/1376 501/162/1376
f 494/158/1377 505/166/1378 506/167/1379
f 506/167/1380 507/168/1381 494/158/1381
f 508/169/1382 509/170/1383 510/171/1384
f 510/171/1385 511/172/1386 508/169/1387
f 493/157/1388 512/122/1389 505/166/1388
f 505/166/1390 494/158/1390 493/157/1390
f 506/167/1391 501/162/1391 504/165/1391
f 504/165/1392 507/168/1392 506/167/1393
f 502/163/1394 508/169/1395 511/172/1394
f 511/172/1396 503/164/1396 502/163/1396
f 509/170/1397 486/155/1398 485/154/1397
f 485/154/1399 510/171/1399 509/170/1399
f 489/156/1400 513/156/1401 514/140/1402
f 514/140/1403 490/140/1404 489/156/1405
f 515/173/1406 516/174/1407 517/174/1407
f 517/174/1408 518/173/1409 515/173/1408
f 519/175/1410 520/175/1410 521/176/1410
f 521/176/1411 522/176/1412 519/175/1411
f 523/160/1413 524/177/1414 525/178/1415
f 525/178/1416 499/160/1417 523/160/1416
f 522/176/1418 521/176/1418 513/156/1419
f 513/156/1420 489/156/1421 522/176/1422
f 517/174/1423 516/174/1424 520/175/1425
f 520/175/1426 519/175/1426 517/174/1426
f 524/177/1427 515/173/1427 518/173/1427
f 518/173/1428 525/178/1429 524/177/1430
f 526/144/1431 523/160/1432 499/160/1432
f 499/160/1433 498/144/1434 526/144/1435
f 527/153/1436 528/140/1437 529/155/1437
f 529/155/1438 530/154/1438 527/153/1438
f 531/156/1439 532/140/1440 533/140/1441
f 533/140/1442 534/156/1443 531/156/1444
f 535/119/1445 536/159/1446 537/158/1445
f 537/158/1447 538/157/1448 535/119/1449
f 539/160/1450 540/160/1451 541/144/1451
f 541/144/1452 542/144/1452 539/160/1452
f 542/144/1453 527/153/1454 530/154/1455
f 530/154/1456 543/161/1457 542/144/1458
f 544/162/1459 545/165/1460 546/164/1461
f 546/164/1462 547/163/1463 544/162/1463
f 537/158/1464 548/168/1464 549/167/1464
f 549/167/1465 550/166/1466 537/158/1465
f 551/169/1467 552/172/1468 553/171/1468
f 553/171/1469 554/170/1470 551/169/1471
f 538/157/1472 537/158/1473 550/166/1474
f 550/166/1475 555/122/1476 538/157/1475
f 549/167/1477 548/168/1478 545/165/1479
f 545/165/1480 544/162/1480 549/167/1481
f 547/163/1482 546/164/1483 552/172/1484
f 552/172/1485 551/169/1485 547/163/1485
f 554/170/1486 553/171/1487 530/154/1487
f 530/154/1488 529/155/1489 554/170/1490
f 534/156/1491 533/140/1492 556/140/1491
f 556/140/1493 557/156/1494 534/156/1494
f 558/173/1495 559/173/1496 560/174/1496
f 560/174/1497 561/174/1497 558/173/1497
f 562/175/1498 563/176/1499 564/176/1500
f 564/176/1501 565/175/1502 562/175/1502
f 566/160/1503 540/160/1504 567/178/1504
f 567/178/1505 568/177/1506 566/160/1506
f 563/176/1507 534/156/1508 557/156/1507
f 557/156/1509 564/176/1510 563/176/1510
f 560/174/1511 562/175/1511 565/175/1511
f 565/175/1511 561/174/1511 560/174/1511
f 568/177/1512 567/178/1513 559/173/1514
f 559/173/1515 558/173/1516 568/177/1517
f 569/144/1518 541/144/1519 540/160/1520
f 540/160/1521 566/160/1522 569/144/1522
f 570/179/1523 571/180/1524 572/119/1525
f 572/119/1526 573/144/1527 570/179/1528
f 574/144/1529 575/140/1529 576/122/1529
f 576/122/1529 577/119/1529 574/144/1529
f 578/179/1530 579/180/1531 580/119/1532
f 580/119/1533 581/144/1534 578/179/1533
f 582/144/1535 583/140/1535 584/122/1535
f 584/122/1535 585/119/1535 582/144/1535
f 586/140/1536 587/122/1536 571/180/1537
f 571/180/1538 570/179/1539 586/140/1540
f 588/140/1541 589/122/1542 579/180/1543
f 579/180/1544 578/179/1545 588/140/1546
f 583/140/1547 590/122/1548 591/122/1547
f 591/122/1549 592/140/1550 583/140/1551
f 590/122/1552 593/180/1553 594/180/1553
f 594/180/1554 591/122/1554 590/122/1555
f 593/180/1556 595/119/1557 596/119/1558
f 596/119/1559 594/180/1559 593/180/1560
f 595/119/1561 574/144/1562 597/144/1563
f 597/144/1564 596/119/1565 595/119/1565
f 574/144/1566 570/179/1567 598/179/1568
f 598/179/1569 597/144/1569 574/144/1570
f 570/179/1571 583/140/1572 592/140/1573
f 592/140/1574 598/179/1575 570/179/1576
f 599/144/1577 600/179/1578 601/179/1579
f 601/179/1580 602/144/1581 599/144/1582
f 600/179/1583 603/140/1583 604/140/1583
f 604/140/1584 601/179/1584 600/179/1584
f 603/140/1585 576/122/1586 605/122/1587
f 605/122/1588 604/140/1589 603/140/1590
f 576/122/1591 579/180/1592 606/180/1593
f 606/180/1594 605/122/1595 576/122/1596
f 579/180/1597 585/119/1597 607/119/1598
f 607/119/1599 606/180/1600 579/180/1601
f 585/119/1602 599/144/1603 602/144/1602
f 602/144/1604 607/119/1605 585/119/1604
# Vertices: 306, normals: 701, texture coordinates: 73, faces: 318

o obj4
v 0.07863828 0.06424321 0
v 0.07592967 0.06629858 -0.00820873
v 0.07930023 0.06863826 -0.00947944
v 0.08242814 0.06626471 0
v 0.06939051 0.07126069 -0.0116089
v 0.07174881 0.07436851 -0.01340595
v 0.06285134 0.07622281 -0.00820873
v 0.06419738 0.08009875 -0.00947944
v 0.06014273 0.07827818 0
v 0.06106947 0.0824723 1E-08
v 0.06285134 0.07622281 0.00820873
v 0.06419738 0.08009875 0.00947944
v 0.06939051 0.07126069 0.0116089
v 0.07174881 0.07436851 0.01340596
v 0.07592967 0.06629858 0.00820873
v 0.07930023 0.06863826 0.00947944
v 0.12844034 0.13339602 -0.00947944
v 0.13156825 0.13102247 1E-08
v 0.12088891 0.13912626 -0.01340595
v 0.11333748 0.14485651 -0.00947944
v 0.11020958 0.14723006 1E-08
v 0.11333749 0.14485651 0.00947944
v 0.12088891 0.13912626 0.01340596
v 0.12844034 0.13339602 0.00947944
v 0.12914677 0.13738122 -0.00763316
v 0.13166547 0.13546996 1E-08
v 0.12306611 0.14199541 -0.01079492
v 0.11698544 0.1466096 -0.00763316
v 0.11446675 0.14852086 1E-08
v 0.11698544 0.1466096 0.00763317
v 0.12306611 0.14199541 0.01079494
v 0.12914677 0.13738122 0.00763317
v 0.13357706 0.13869924 -0.01036565
v 0.13699738 0.13610379 1E-08
v 0.12531966 0.14496519 -0.01465924
v 0.11706227 0.15123115 -0.01036565
v 0.11364195 0.15382659 1E-08
v 0.11706227 0.15123115 0.01036565
v 0.12531966 0.14496519 0.01465925
v 0.13357706 0.13869924 0.01036565
v 0.13535167 0.15055783 -0.0046109
v 0.13687311 0.14940331 1E-08
v 0.13167857 0.15334508 -0.00652079
v 0.12800548 0.15613234 -0.0046109
v 0.12648403 0.15728685 1E-08
v 0.12800548 0.15613234 0.0046109
v 0.13167857 0.15334508 0.0065208
v 0.13535167 0.15055783 0.0046109
vn 0.8501 0.35212 -0.39158
vn 0.8501 0.35212 -0.39158
vn 0.8501 0.35212 -0.39158
vn 0.8501 0.35212 -0.39158
vn 0.8501 0.35212 -0.39158
vn 0.8501 0.35212 -0.39158
vn 0.35212 0.8501 -0.39158
vn 0.35212 0.8501 -0.39158
vn 0.35212 0.8501 -0.39158
vn 0.35212 0.8501 -0.39158
vn 0.35212 0.8501 -0.39158
vn 0.35212 0.8501 -0.39158
vn -0.35212 0.8501 -0.39158
vn -0.35212 0.8501 -0.39158
vn -0.35212 0.8501 -0.39158
vn -0.35212 0.8501 -0.39158
vn -0.35212 0.8501 -0.39158
vn -0.8501 0.35212 -0.39158
vn -0.8501 0.35212 -0.39158
vn -0.8501 0.35212 -0.39158
vn -0.8501 0.35212 -0.39158
vn -0.8501 -0.35212 -0.39158
vn -0.8501 -0.35212 -0.39158
vn -0.8501 -0.35212 -0.39158
vn -0.8501 -0.35212 -0.39158
vn -0.8501 -0.35212 -0.39158
vn -0.8501 -0.35212 -0.39158
vn -0.35212 -0.8501 -0.39158
vn -0.35212 -0.8501 -0.39158
vn -0.35212 -0.8501 -0.39158
vn -0.35212 -0.8501 -0.39158
vn 0.35212 -0.8501 -0.39158
vn 0.35212 -0.8501 -0.39158
vn 0.35212 -0.8501 -0.39158
vn 0.35212 -0.8501 -0.39158
vn 0.35212 -0.8501 -0.39158
vn 0.8501 -0.35212 -0.39158
vn 0.8501 -0.35212 -0.39158
vn 0.8501 -0.35212 -0.39158
vn 0.92388 0.38268 0
vn 0.92388 0.38268 0
vn 0.92388 0.38268 0
vn 0.92388 0.38268 0
vn 0.92388 0.38268 0
vn 0.92388 0.38268 0
vn 0.38268 0.92388 0
vn 0.38268 0.92388 0
vn 0.38268 0.92388 0
vn 0.38268 0.92388 0
vn 0.38268 0.92388 0
vn -0.38268 0.92388 0
vn -0.38268 0.92388 0
vn -0.38268 0.92388 0
vn -0.38268 0.92388 0
vn -0.38268 0.92388 0
vn -0.92388 0.38268 0
vn -0.92388 0.38268 0
vn -0.92388 0.38268 0
vn -0.92388 0.38268 0
vn -0.92388 0.38268 0
vn -0.92388 0.38268 0
vn -0.92388 -0.38268 -0
vn -0.92388 -0.38268 -0
vn -0.92388 -0.38268 -0
vn -0.92388 -0.38268 -0
vn -0.92388 -0.38268 -0
vn -0.38268 -0.92388 -0
vn -0.38268 -0.92388 -0
vn -0.38268 -0.92388 -0
vn -0.38268 -0.92388 -0
vn -0.38268 -0.92388 -0
vn -0.38268 -0.92388 -0
vn 0.38268 -0.92388 -0
vn 0.38268 -0.92388 -0
vn 0.38268 -0.92388 -0
vn 0.38268 -0.92388 -0
vn 0.38268 -0.92388 -0
vn 0.38268 -0.92388 -0
vn 0.92388 -0.38268 -0
vn 0.92388 -0.38268 -0
vn 0.92388 -0.38268 -0
vn 0.92388 -0.38268 -0
vn 0.92388 -0.38268 -0
vn 0.92388 -0.38268 -0
vn 0.76762 0.31796 0.55648
vn 0.76762 0.31796 0.55648
vn 0.76762 0.31796 0.55648
vn 0.76762 0.31796 0.55648
vn 0.76762 0.31796 0.55648
vn 0.76762 0.31796 0.55648
vn 0.31796 0.76762 0.55648
vn 0.31796 0.76762 0.55648
vn 0.31796 0.76762 0.55648
vn 0.31796 0.76762 0.55648
vn 0.31796 0.76762 0.55648
vn -0.31796 0.76762 0.55648
vn -0.31796 0.76762 0.55648
vn -0.31796 0.76762 0.55648
vn -0.31796 0.76762 0.55648
vn -0.76762 0.31796 0.55648
vn -0.76762 0.31796 0.55648
vn -0.76762 0.31796 0.55648
vn -0.76762 0.31796 0.55648
vn -0.76762 -0.31796 0.55648
vn -0.76762 -0.31796 0.55648
vn -0.76762 -0.31796 0.55648
vn -0.76762 -0.31796 0.55648
vn -0.31796 -0.76762 0.55648
vn -0.31796 -0.76762 0.55648
vn -0.31796 -0.76762 0.55648
vn -0.31796 -0.76762 0.55648
vn -0.31796 -0.76762 0.55648
vn -0.31796 -0.76762 0.55648
vn 0.31796 -0.76762 0.55648
vn 0.31796 -0.76762 0.55648
vn 0.31796 -0.76762 0.55648
vn 0.31796 -0.76762 0.55648
vn 0.76762 -0.31796 0.55648
vn 0.76762 -0.31796 0.55648
vn 0.76762 -0.31796 0.55648
vn 0.76762 -0.31796 0.55648
vn 0.76762 -0.31796 0.55648
vn 0.66726 0.27639 -0.69165
vn 0.66726 0.27639 -0.69165
vn 0.66726 0.27639 -0.69165
vn 0.66726 0.27639 -0.69165
vn 0.27639 0.66726 -0.69165
vn 0.27639 0.66726 -0.69165
vn 0.27639 0.66726 -0.69165
vn -0.27639 0.66726 -0.69165
vn -0.27639 0.66726 -0.69165
vn -0.27639 0.66726 -0.69165
vn -0.27639 0.66726 -0.69165
vn -0.66726 0.27639 -0.69165
vn -0.66726 0.27639 -0.69165
vn -0.66726 0.27639 -0.69165
vn -0.66726 0.27639 -0.69165
vn -0.66726 0.27639 -0.69165
vn -0.66726 -0.27639 -0.69165
vn -0.66726 -0.27639 -0.69165
vn -0.66726 -0.27639 -0.69165
vn -0.66726 -0.27639 -0.69165
vn -0.66726 -0.27639 -0.69165
vn -0.27639 -0.66726 -0.69165
vn -0.27639 -0.66726 -0.69165
vn -0.27639 -0.66726 -0.69165
vn -0.27639 -0.66726 -0.69165
vn -0.27639 -0.66726 -0.69165
vn 0.27639 -0.66726 -0.69165
vn 0.27639 -0.66726 -0.69165
vn 0.27639 -0.66726 -0.69165
vn 0.27639 -0.66726 -0.69165
vn 0.66726 -0.27639 -0.69165
vn 0.66726 -0.27639 -0.69165
vn 0.66726 -0.27639 -0.69165
vn 0.66726 -0.27639 -0.69165
vn 0.75162 0.31133 0.5815
vn 0.75162 0.31133 0.5815
vn 0.75162 0.31133 0.5815
vn 0.75162 0.31133 0.5815
vn 0.75162 0.31133 0.5815
vn 0.75162 0.31133 0.5815
vn 0.31133 0.75162 0.5815
vn 0.31133 0.75162 0.5815
vn 0.31133 0.75162 0.5815
vn 0.31133 0.75162 0.5815
vn -0.31133 0.75162 0.5815
vn -0.31133 0.75162 0.5815
vn -0.31133 0.75162 0.5815
vn -0.31133 0.75162 0.5815
vn -0.75162 0.31133 0.5815
vn -0.75162 0.31133 0.5815
vn -0.75162 0.31133 0.5815
vn -0.75162 0.31133 0.5815
vn -0.75162 -0.31133 0.5815
vn -0.75162 -0.31133 0.5815
vn -0.75162 -0.31133 0.5815
vn -0.75162 -0.31133 0.5815
vn -0.75162 -0.31133 0.5815
vn -0.31133 -0.75162 0.5815
vn -0.31133 -0.75162 0.5815
vn -0.31133 -0.75162 0.5815
vn -0.31133 -0.75162 0.5815
vn -0.31133 -0.75162 0.5815
vn 0.31133 -0.75162 0.5815
vn 0.31133 -0.75162 0.5815
vn 0.31133 -0.75162 0.5815
vn 0.31133 -0.75162 0.5815
vn 0.31133 -0.75162 0.5815
vn 0.75162 -0.31133 0.5815
vn 0.75162 -0.31133 0.5815
vn 0.75162 -0.31133 0.5815
vn 0.75162 -0.31133 0.5815
vt 0.75 0
vt 0.875 0
vt 0.78033 0
vt 0.52145 0
vt 0.25 0
vt 0.125 0
vt 0.21967 0
vt 0.625 0
usemtl mat3
f 608/181/1606 609/182/1607 610/182/1608
f 610/182/1609 611/181/1610 608/181/1611
f 609/182/1612 612/183/1613 613/183/1614
f 613/183/1615 610/182/1616 609/182/1617
f 612/183/1618 614/184/1619 615/184/1620
f 615/184/1621 613/183/1622 612/183/1621
f 614/184/1623 616/185/1623 617/185/1623
f 617/185/1624 615/184/1625 614/184/1626
f 616/185/1627 618/186/1628 619/186/1629
f 619/186/1630 617/185/1631 616/185/1632
f 618/186/1633 620/187/1634 621/187/1634
f 621/187/1635 619/186/1636 618/186/1635
f 620/187/1637 622/188/1638 623/188/1638
f 623/188/1639 621/187/1640 620/187/1641
f 622/188/1642 608/181/1643 611/181/1642
f 611/181/1644 623/188/1644 622/188/1644
f 611/181/1645 610/182/1646 624/182/1647
f 624/182/1648 625/181/1649 611/181/1650
f 610/182/1651 613/183/1652 626/183/1653
f 626/183/1654 624/182/1655 610/182/1655
f 613/183/1656 615/184/1657 627/184/1658
f 627/184/1659 626/183/1660 613/183/1660
f 615/184/1661 617/185/1662 628/185/1663
f 628/185/1664 627/184/1665 615/184/1666
f 617/185/1667 619/186/1668 629/186/1669
f 629/186/1670 628/185/1670 617/185/1671
f 619/186/1672 621/187/1673 630/187/1674
f 630/187/1675 629/186/1676 619/186/1677
f 621/187/1678 623/188/1679 631/188/1680
f 631/188/1681 630/187/1682 621/187/1683
f 623/188/1684 611/181/1685 625/181/1686
f 625/181/1687 631/188/1688 623/188/1689
f 625/181/1690 624/182/1691 632/182/1692
f 632/182/1693 633/181/1694 625/181/1695
f 624/182/1696 626/183/1697 634/183/1697
f 634/183/1698 632/182/1699 624/182/1700
f 626/183/1701 627/184/1702 635/184/1703
f 635/184/1704 634/183/1704 626/183/1704
f 627/184/1705 628/185/1705 636/185/1706
f 636/185/1707 635/184/1708 627/184/1708
f 628/185/1709 629/186/1710 637/186/1709
f 637/186/1711 636/185/1712 628/185/1712
f 629/186/1713 630/187/1714 638/187/1715
f 638/187/1716 637/186/1717 629/186/1718
f 630/187/1719 631/188/1720 639/188/1720
f 639/188/1721 638/187/1722 630/187/1722
f 631/188/1723 625/181/1724 633/181/1723
f 633/181/1725 639/188/1726 631/188/1727
f 633/181/1728 632/182/1729 640/182/1729
f 640/182/1730 641/181/1731 633/181/1731
f 632/182/1732 634/183/1732 642/183/1733
f 642/183/1732 640/182/1734 632/182/1732
f 634/183/1735 635/184/1736 643/184/1737
f 643/184/1738 642/183/1736 634/183/1736
f 635/184/1739 636/185/1740 644/185/1741
f 644/185/1742 643/184/1743 635/184/1743
f 636/185/1744 637/186/1745 645/186/1746
f 645/186/1747 644/185/1748 636/185/1745
f 637/186/1749 638/187/1750 646/187/1751
f 646/187/1750 645/186/1752 637/186/1753
f 638/187/1754 639/188/1754 647/188/1754
f 647/188/1755 646/187/1756 638/187/1757
f 639/188/1758 633/181/1758 641/181/1759
f 641/181/1760 647/188/1761 639/188/1761
f 641/181/1762 640/182/1763 648/182/1764
f 648/182/1765 649/181/1766 641/181/1767
f 640/182/1768 642/183/1769 650/183/1769
f 650/183/1770 648/182/1771 640/182/1770
f 642/183/1772 643/184/1772 651/184/1772
f 651/184/1773 650/183/1774 642/183/1775
f 643/184/1776 644/185/1776 652/185/1777
f 652/185/1778 651/184/1779 643/184/1779
f 644/185/1780 645/186/1781 653/186/1782
f 653/186/1783 652/185/1784 644/185/1784
f 645/186/1785 646/187/1786 654/187/1787
f 654/187/1788 653/186/1785 645/186/1789
f 646/187/1790 647/188/1791 655/188/1791
f 655/188/1792 654/187/1793 646/187/1794
f 647/188/1795 641/181/1796 649/181/1796
f 649/181/1796 655/188/1797 647/188/1798
# Vertices: 48, normals: 193, texture coordinates: 8, faces: 80

o obj5
v 0.04843561 0.03439978 -0.00558923
v 0.05027987 0.0330003 -0
v -0.02691751 -0.07088096 -0
v -0.02906488 -0.06925147 -0.00650784
v 0.04398317 0.03777842 -0.00790437
v 0.04843561 0.03439978 -0.00558923
v -0.02906488 -0.06925147 -0.00650784
v -0.0342491 -0.06531753 -0.00920348
v 0.03953072 0.04115707 -0.00558923
v -0.03943332 -0.06138359 -0.00650784
v 0.03768646 0.04255655 0
v -0.04158069 -0.0597541 -0
v 0.03953072 0.04115707 0.00558923
v -0.03943332 -0.06138359 0.00650784
v 0.04398317 0.03777842 0.00790437
v -0.0342491 -0.06531753 0.00920348
v 0.04843561 0.03439978 0.00558923
v -0.02906488 -0.06925147 0.00650784
vn 0.92384 0.38267 0.00927
vn 0.92384 0.38267 0.00927
vn 0.92384 0.38267 0.00927
vn 0.92384 0.38267 0.00927
vn 0.92384 0.38267 0.00927
vn 0.38267 0.92384 0.00927
vn 0.38267 0.92384 0.00927
vn 0.38267 0.92384 0.00927
vn 0.38267 0.92384 0.00927
vn 0.38267 0.92384 0.00927
vn 0.38267 0.92384 0.00927
vn -0.38267 0.92384 0.00927
vn -0.38267 0.92384 0.00927
vn -0.38267 0.92384 0.00927
vn -0.38267 0.92384 0.00927
vn -0.38267 0.92384 0.00927
vn -0.38267 0.92384 0.00927
vn -0.92384 0.38267 0.00927
vn -0.92384 0.38267 0.00927
vn -0.92384 0.38267 0.00927
vn -0.92384 0.38267 0.00927
vn -0.92384 0.38267 0.00927
vn -0.92384 -0.38267 0.00927
vn -0.92384 -0.38267 0.00927
vn -0.92384 -0.38267 0.00927
vn -0.92384 -0.38267 0.00927
vn -0.38267 -0.92384 0.00927
vn -0.38267 -0.92384 0.00927
vn -0.38267 -0.92384 0.00927
vn -0.38267 -0.92384 0.00927
vn 0.38267 -0.92384 0.00927
vn 0.38267 -0.92384 0.00927
vn 0.38267 -0.92384 0.00927
vn 0.38267 -0.92384 0.00927
vn 0.38267 -0.92384 0.00927
vn 0.38267 -0.92384 0.00927
vn 0.92384 -0.38267 0.00927
vn 0.92384 -0.38267 0.00927
vn 0.92384 -0.38267 0.00927
vn 0.92384 -0.38267 0.00927
vt 0.875 0
vt 0.75 0
vt 0.75 0.48536
vt 0.875 0.48536
vt 0 0
vt -0.125 0
vt -0.125 0.48536
vt 0 0.48536
vt 0.125 0
vt 0.125 0.48536
vt 0.25 0
vt 0.25 0.48536
vt 0.375 0
vt 0.375 0.48536
vt 0.5 0
vt 0.5 0.48536
vt 0.625 0
vt 0.625 0.48536
usemtl mat4
f 656/189/1799 657/190/1800 658/191/1800
f 658/191/1801 659/192/1802 656/189/1803
f 660/193/1804 661/194/1805 662/195/1806
f 662/195/1807 663/196/1808 660/193/1809
f 664/197/1810 660/193/1811 663/196/1812
f 663/196/1813 665/198/1814 664/197/1815
f 666/199/1816 664/197/1817 665/198/1818
f 665/198/1819 667/200/1820 666/199/1820
f 668/201/1821 666/199/1822 667/200/1822
f 667/200/1823 669/202/1824 668/201/1824
f 670/203/1825 668/201/1825 669/202/1826
f 669/202/1827 671/204/1828 670/203/1827
f 672/205/1829 670/203/1830 671/204/1831
f 671/204/1832 673/206/1833 672/205/1834
f 657/190/1835 672/205/1836 673/206/1835
f 673/206/1837 658/191/1838 657/190/1837
# Vertices: 18, normals: 40, texture coordinates: 18, faces: 16

o obj6
v 0.14332867 0.11508527 -3E-08
v 0.13869203 0.1177131 -3E-08
v 0.13746195 0.11581471 0.00690827
v 0.14212356 0.11311478 0.00690827
v 0.12488767 0.06734395 -2E-08
v 0.12499288 0.06382757 -2E-08
v 0.12626898 0.06473959 0.0069083
v 0.12637369 0.06839245 0.0069083
v 0.12326243 0.05506986 -2E-08
v 0.12050401 0.05039377 -2E-08
v 0.1216936 0.04985897 0.0069083
v 0.12441762 0.0548687 0.0069083
v 0.1061218 0.03356722 -2E-08
v 0.09389122 0.02453787 -1E-08
v 0.09524342 0.02498598 0.0069083
v 0.10645556 0.0323492 0.0069083
v 0.12132412 0.02810799 0.00690825
v 0.12267717 0.02657107 -2E-08
v 0.13419012 0.03209617 -2E-08
v 0.13263058 0.03327153 0.00690825
v 0.15546102 0.05940211 0.00690825
v 0.15781429 0.05947813 -3E-08
v 0.16622149 0.07769874 -3E-08
v 0.16392846 0.07702824 0.00690826
v 0.12034828 0.07937289 0.0069083
v 0.11965374 0.07837731 -2E-08
v 0.12294291 0.07395914 -2E-08
v 0.12405493 0.07518243 0.0069083
v 0.16815427 0.11449373 0.00690826
v 0.17021582 0.11676848 -3E-08
v 0.15400184 0.11249564 -3E-08
v 0.15261882 0.11035974 0.00690826
v 0.10104758 0.08488325 0.00690829
v 0.10002156 0.08348408 -2E-08
v 0.10799227 0.08389393 -2E-08
v 0.10894309 0.08523806 0.0069083
v 0.08855281 0.0822434 0.00690829
v 0.08691971 0.08011534 -2E-08
v 0.11461162 0.0819356 -2E-08
v 0.11544524 0.08324919 0.0069083
v 0.16977873 0.09499058 -3E-08
v 0.16774821 0.09370748 0.00690826
v 0.14651902 0.04770534 0.00690825
v 0.148561 0.04700394 -3E-08
v 0.14185586 0.03897889 -2E-08
v 0.14020165 0.03985882 0.00690825
v 0.11107168 0.02482811 0.00690825
v 0.11201553 0.02334694 -2E-08
v 0.12637369 0.06839245 0.0069083
v 0.12488767 0.06734395 -2E-08
v 0.14212356 0.11311478 0.00690827
v 0.14332867 0.11508527 -3E-08
v 0.10320916 0.0228392 0.00690825
v 0.10261416 0.02169853 -2E-08
v 0.12034828 0.07937289 0.0069083
v 0.11965374 0.07837731 -2E-08
v 0.16815427 0.11449373 0.00690826
v 0.17021582 0.11676848 -3E-08
v 0.11304298 0.03814267 0.0069083
v 0.11811419 0.04423901 0.0069083
v 0.11721748 0.04490552 -2E-08
v 0.11243996 0.03906022 -2E-08
v 0.1252783 0.0580564 0.0069083
v 0.12583079 0.06163806 0.0069083
v 0.12465005 0.06118353 -2E-08
v 0.12406549 0.05799879 -2E-08
v 0.12961881 0.12326863 0.00690827
v 0.13307998 0.11902338 0.00690827
v 0.13449768 0.12102255 -3E-08
v 0.13080053 0.12508783 -3E-08
v 0.12472773 0.1299154 0.00690827
v 0.12664953 0.13254946 -3E-08
v 0.14212354 0.11311475 -0.00690833
v 0.13746195 0.11581471 -0.00690833
v 0.12637369 0.06839245 -0.00690835
v 0.12626898 0.06473959 -0.00690834
v 0.12441762 0.0548687 -0.00690834
v 0.1216936 0.04985898 -0.00690834
v 0.10645556 0.0323492 -0.00690833
v 0.09524342 0.02498598 -0.00690833
v 0.12132412 0.02810799 -0.00690829
v 0.13263056 0.0332715 -0.00690829
v 0.15546102 0.05940211 -0.00690831
v 0.16392846 0.07702824 -0.00690832
v 0.12034828 0.07937289 -0.00690834
v 0.12405493 0.07518243 -0.00690835
v 0.16815427 0.11449373 -0.00690833
v 0.15261882 0.11035974 -0.00690833
v 0.10104758 0.08488325 -0.00690834
v 0.10894309 0.08523806 -0.00690834
v 0.08855279 0.08224338 -0.00690833
v 0.11544524 0.08324919 -0.00690834
v 0.1677482 0.09370748 -0.00690832
v 0.14651902 0.04770534 -0.00690831
v 0.14020165 0.03985882 -0.0069083
v 0.11107168 0.02482811 -0.00690829
v 0.12637369 0.06839245 -0.00690835
v 0.14212354 0.11311475 -0.00690833
v 0.10320916 0.0228392 -0.00690828
v 0.12034828 0.07937289 -0.00690834
v 0.16815427 0.11449373 -0.00690833
v 0.11304298 0.03814267 -0.00690833
v 0.11811418 0.04423901 -0.00690834
v 0.1252783 0.0580564 -0.00690835
v 0.12583078 0.06163806 -0.00690835
v 0.12961881 0.12326863 -0.00690832
v 0.13307998 0.11902338 -0.00690832
v 0.12472773 0.1299154 -0.00690833
v -0.01381164 0.06764164 0.00690827
v -0.02845605 0.04250725 -1E-08
v 0.01135563 0.07787882 0
v 0.01582823 0.08748393 0.00690827
v 0.09506886 0.17204176 2E-08
v 0.08965735 0.19538687 2E-08
v 0.0850762 0.19298624 0.0069083
v 0.09078847 0.17041373 0.0069083
v 0.08700592 0.21723109 0.0069083
v 0.09407807 0.23296115 3E-08
v 0.06712225 0.21761041 2E-08
v 0.06768347 0.20567493 0.0069083
v 0.04088049 0.08931857 0
v 0.05434578 0.08987038 1E-08
v 0.0552667 0.09460772 0.00690827
v 0.040838 0.09449507 0.00690827
v 0.09078847 0.17041373 0.0069083
v 0.09693709 0.15283626 0.0069083
v 0.10042118 0.15522085 2E-08
v 0.09506886 0.17204176 2E-08
v -0.01381164 0.06764164 0.00690827
v -0.01279523 0.08824612 0.00690827
v -0.02712698 0.07715158 -0
v -0.02845605 0.04250725 -1E-08
v 0.02323726 0.17939605 1E-08
v 0.03220367 0.17287913 0.00690829
v 0.04880947 0.18896539 0.0069083
v 0.0433119 0.19881042 2E-08
v -0.00655216 0.10588431 0.00690828
v 0.00408449 0.13028568 0.00690828
v -0.00907749 0.13218607 1E-08
v -0.02217866 0.10216847 0
v 0.00687712 0.15755553 1E-08
v 0.01844661 0.15382627 0.00690829
v 0.04088049 0.08931857 0
v 0.040838 0.09449507 0.00690827
v 0.09407807 0.23296115 3E-08
v 0.08700592 0.21723109 0.0069083
v 0.0732181 0.08619799 1E-08
v 0.07531629 0.09039867 0.00690827
v 0.11015032 0.13486797 0.0069083
v 0.11266135 0.13817704 2E-08
v -0.01381164 0.06764164 -0.00690827
v 0.01582824 0.08748394 -0.00690827
v 0.09078847 0.17041373 -0.00690826
v 0.0850762 0.19298624 -0.00690826
v 0.08700592 0.21723109 -0.00690825
v 0.06768347 0.20567493 -0.00690825
v 0.040838 0.09449507 -0.00690826
v 0.0552667 0.09460772 -0.00690826
v 0.09078847 0.17041373 -0.00690826
v 0.09693709 0.15283626 -0.00690826
v -0.01381164 0.06764164 -0.00690827
v -0.01279523 0.08824612 -0.00690828
v 0.04880947 0.18896539 -0.00690826
v 0.03220367 0.17287913 -0.00690826
v -0.00655216 0.10588431 -0.00690827
v 0.00408449 0.13028568 -0.00690827
v 0.01844661 0.15382627 -0.00690827
v 0.040838 0.09449507 -0.00690826
v 0.08700592 0.21723109 -0.00690825
v 0.07531629 0.09039867 -0.00690826
v 0.11015032 0.13486797 -0.00690827
vn -0.12653 -0.31069 0.94205
vn -0.12653 -0.31069 0.94205
vn -0.11745 -0.31701 0.94112
vn -0.11745 -0.31701 0.94112
vn -0.7647 -0.18532 -0.61717
vn -0.7647 -0.18532 -0.61717
vn -0.7647 -0.18532 -0.61717
vn -0.79613 -0.20614 -0.56893
vn -0.79613 -0.20614 -0.56893
vn -0.97622 -0.18443 -0.11392
vn -0.97622 -0.18443 -0.11392
vn -0.97622 -0.18443 -0.11392
vn -0.97607 -0.15877 -0.14862
vn -0.97607 -0.15877 -0.14862
vn -0.97607 -0.15877 -0.14862
vn -0.95749 -0.06394 0.28128
vn -0.95749 -0.06394 0.28128
vn -0.92862 -0.17132 0.3291
vn -0.92862 -0.17132 0.3291
vn -0.92862 -0.17132 0.3291
vn 0.85551 -0.27437 -0.43913
vn 0.85551 -0.27437 -0.43913
vn 0.85479 -0.24121 -0.45952
vn 0.85479 -0.24121 -0.45952
vn 0.85479 -0.24121 -0.45952
vn 0.93418 -0.29147 0.20579
vn 0.93418 -0.29147 0.20579
vn 0.94893 -0.24906 0.19363
vn 0.94893 -0.24906 0.19363
vn 0.94893 -0.24906 0.19363
vn -0.27422 -0.16443 -0.9475
vn -0.27422 -0.16443 -0.9475
vn -0.19085 -0.23143 -0.95395
vn -0.19085 -0.23143 -0.95395
vn -0.76538 -0.23554 0.59893
vn -0.76538 -0.23554 0.59893
vn -0.76538 -0.23554 0.59893
vn -0.76594 -0.24007 0.59641
vn -0.76594 -0.24007 0.59641
vn -0.76594 -0.24007 0.59641
vn 0.63273 -0.19105 -0.75044
vn 0.63273 -0.19105 -0.75044
vn 0.63273 -0.19105 -0.75044
vn 0.62861 -0.18495 -0.75541
vn 0.62861 -0.18495 -0.75541
vn 0.76227 -0.23289 -0.60391
vn 0.76227 -0.23289 -0.60391
vn 0.76227 -0.23289 -0.60391
vn 0.74572 -0.16516 -0.64546
vn 0.34499 -0.22009 -0.91244
vn 0.34499 -0.22009 -0.91244
vn 0.34499 -0.22009 -0.91244
vn 0.33719 -0.21218 -0.91722
vn 0.33719 -0.21218 -0.91722
vn 0.33719 -0.21218 -0.91722
vn 0.8627 -0.29222 0.41274
vn 0.8627 -0.29222 0.41274
vn 0.8627 -0.29222 0.41274
vn 0.88526 -0.238 0.39959
vn 0.88526 -0.238 0.39959
vn 0.88526 -0.238 0.39959
vn 0.95832 -0.28549 0.01044
vn 0.96688 -0.2552 -0.00346
vn 0.96688 -0.2552 -0.00346
vn 0.96688 -0.2552 -0.00346
vn 0.94626 -0.26732 -0.18202
vn 0.94626 -0.26732 -0.18202
vn 0.94626 -0.26732 -0.18202
vn 0.94897 -0.24552 -0.19795
vn 0.94897 -0.24552 -0.19795
vn 0.786 -0.23776 -0.57068
vn 0.786 -0.23776 -0.57068
vn 0.78987 -0.26208 -0.55446
vn 0.78987 -0.26208 -0.55446
vn 0.78987 -0.26208 -0.55446
vn -0.54664 -0.2051 -0.81186
vn -0.54664 -0.2051 -0.81186
vn -0.54664 -0.2051 -0.81186
vn -0.57616 -0.24179 -0.78076
vn -0.57616 -0.24179 -0.78076
vn -0.36097 -0.33025 0.87215
vn -0.36097 -0.33025 0.87215
vn -0.36097 -0.33025 0.87215
vn -0.38079 -0.30333 0.87349
vn 0.37397 -0.11284 -0.92055
vn 0.37397 -0.11284 -0.92055
vn 0.37397 -0.11284 -0.92055
vn 0.32284 -0.18065 -0.92905
vn 0.32284 -0.18065 -0.92905
vn -0.01937 -0.21858 -0.97563
vn -0.01937 -0.21858 -0.97563
vn -0.01937 -0.21858 -0.97563
vn 0.03405 -0.17306 -0.98432
vn 0.03405 -0.17306 -0.98432
vn 0.03405 -0.17306 -0.98432
vn 0.77623 -0.27874 0.56548
vn 0.77623 -0.27874 0.56548
vn 0.77623 -0.27874 0.56548
vn 0.77622 -0.28007 0.56484
vn 0.77622 -0.28007 0.56484
vn 0.9659 -0.25742 -0.02775
vn 0.9659 -0.25742 -0.02775
vn 0.95888 -0.28023 -0.04501
vn 0.77396 -0.13763 -0.6181
vn 0.77396 -0.13763 -0.6181
vn 0.77396 -0.13763 -0.6181
vn 0.71358 -0.22857 -0.66224
vn 0.71358 -0.22857 -0.66224
vn 0.71358 -0.22857 -0.66224
vn -0.98622 -0.15942 0.04414
vn -0.98622 -0.15942 0.04414
vn -0.98622 -0.15942 0.04414
vn -0.98805 -0.14993 0.03567
vn -0.86856 -0.15692 -0.47008
vn -0.86856 -0.15692 -0.47008
vn -0.86856 -0.15692 -0.47008
vn -0.87986 -0.16871 -0.44428
vn -0.87986 -0.16871 -0.44428
vn 0.22277 -0.32353 0.91962
vn 0.22277 -0.32353 0.91962
vn 0.22277 -0.32353 0.91962
vn 0.17475 -0.29062 0.94075
vn 0.17475 -0.29062 0.94075
vn 0.27185 -0.28193 0.92012
vn 0.27185 -0.28193 0.92012
vn 0.27185 -0.28193 0.92012
vn 0.36976 -0.39384 0.84153
vn 0.36976 -0.39384 0.84153
vn -0.01624 -0.31073 0.95036
vn -0.01624 -0.31073 0.95036
vn 0.0178 -0.33396 0.94242
vn 0.0178 -0.33396 0.94242
vn 0.0178 -0.33396 0.94242
vn -0.86177 -0.16225 -0.48065
vn -0.86177 -0.16225 -0.48065
vn -0.86177 -0.16225 -0.48065
vn -0.85669 -0.15899 -0.49072
vn -0.85669 -0.15899 -0.49072
vn -0.85669 -0.15899 -0.49072
vn -0.91394 -0.16502 -0.37079
vn -0.91394 -0.16502 -0.37079
vn -0.91513 -0.1666 -0.36713
vn -0.91513 -0.1666 -0.36713
vn -0.97969 -0.18365 -0.08052
vn -0.97969 -0.18365 -0.08052
vn -0.97969 -0.18365 -0.08052
vn -0.98138 -0.15888 -0.10796
vn -0.98138 -0.15888 -0.10796
vn -0.98138 -0.15888 -0.10796
vn -0.96809 -0.15547 0.19655
vn -0.96809 -0.15547 0.19655
vn -0.96583 -0.16256 0.20184
vn -0.96583 -0.16256 0.20184
vn -0.11744 0.31702 0.94112
vn -0.11744 0.31702 0.94112
vn -0.11744 0.31702 0.94112
vn -0.12653 0.31069 0.94205
vn -0.12653 0.31069 0.94205
vn -0.79613 0.20614 -0.56893
vn -0.79613 0.20614 -0.56893
vn -0.7647 0.18532 -0.61717
vn -0.7647 0.18532 -0.61717
vn -0.7647 0.18532 -0.61717
vn -0.97607 0.15877 -0.14862
vn -0.97607 0.15877 -0.14862
vn -0.97607 0.15877 -0.14862
vn -0.97622 0.18443 -0.11392
vn -0.97622 0.18443 -0.11392
vn -0.97622 0.18443 -0.11392
vn -0.92862 0.17132 0.3291
vn -0.92862 0.17132 0.3291
vn -0.95749 0.06394 0.28127
vn -0.95749 0.06394 0.28127
vn -0.95749 0.06394 0.28128
vn 0.85479 0.2412 -0.45953
vn 0.85479 0.2412 -0.45953
vn 0.85479 0.2412 -0.45953
vn 0.85551 0.27437 -0.43913
vn 0.85551 0.27437 -0.43913
vn 0.85551 0.27437 -0.43913
vn 0.94893 0.24906 0.19363
vn 0.94893 0.24906 0.19363
vn 0.93418 0.29147 0.20579
vn 0.93418 0.29147 0.20579
vn -0.19085 0.23143 -0.95395
vn -0.27422 0.16443 -0.9475
vn -0.27422 0.16443 -0.9475
vn -0.27422 0.16443 -0.9475
vn -0.76594 0.24007 0.59641
vn -0.76594 0.24007 0.59641
vn -0.76538 0.23554 0.59893
vn -0.76538 0.23554 0.59893
vn -0.76538 0.23554 0.59893
vn 0.62861 0.18495 -0.75541
vn 0.62861 0.18495 -0.75541
vn 0.62861 0.18495 -0.75541
vn 0.63273 0.19105 -0.75044
vn 0.63273 0.19105 -0.75044
vn 0.63273 0.19105 -0.75044
vn 0.74572 0.16516 -0.64546
vn 0.74572 0.16516 -0.64546
vn 0.74572 0.16516 -0.64546
vn 0.76227 0.23289 -0.60391
vn 0.76227 0.23289 -0.60391
vn 0.76227 0.23289 -0.60391
vn 0.33719 0.21218 -0.91722
vn 0.33719 0.21218 -0.91722
vn 0.34499 0.22009 -0.91244
vn 0.34499 0.22009 -0.91244
vn 0.34499 0.22009 -0.91244
vn 0.88526 0.23801 0.39959
vn 0.88526 0.23801 0.39959
vn 0.88526 0.23801 0.39959
vn 0.8627 0.29222 0.41274
vn 0.8627 0.29222 0.41274
vn 0.8627 0.29222 0.41274
vn 0.96688 0.2552 -0.00346
vn 0.96688 0.2552 -0.00346
vn 0.96688 0.2552 -0.00346
vn 0.95832 0.28549 0.01044
vn 0.95832 0.28549 0.01044
vn 0.94897 0.24552 -0.19795
vn 0.94897 0.24552 -0.19795
vn 0.94897 0.24552 -0.19795
vn 0.94626 0.26732 -0.18202
vn 0.94626 0.26732 -0.18202
vn 0.94626 0.26732 -0.18202
vn 0.78987 0.26208 -0.55446
vn 0.78987 0.26208 -0.55446
vn 0.78987 0.26208 -0.55446
vn 0.786 0.23776 -0.57068
vn 0.786 0.23776 -0.57068
vn 0.786 0.23776 -0.57068
vn -0.57616 0.24179 -0.78076
vn -0.57616 0.24179 -0.78076
vn -0.57616 0.24179 -0.78076
vn -0.54664 0.2051 -0.81186
vn -0.54664 0.2051 -0.81186
vn -0.38079 0.30333 0.87349
vn -0.38079 0.30333 0.87349
vn -0.36097 0.33025 0.87215
vn -0.36097 0.33025 0.87215
vn 0.32284 0.18065 -0.92905
vn 0.32284 0.18065 -0.92905
vn 0.32284 0.18065 -0.92905
vn 0.37397 0.11284 -0.92055
vn 0.37397 0.11284 -0.92055
vn 0.37397 0.11284 -0.92055
vn 0.03405 0.17306 -0.98432
vn 0.03405 0.17306 -0.98432
vn -0.01937 0.21858 -0.97563
vn -0.01937 0.21858 -0.97563
vn -0.01937 0.21858 -0.97563
vn 0.77622 0.28007 0.56484
vn 0.77622 0.28007 0.56484
vn 0.77622 0.28007 0.56484
vn 0.77623 0.27874 0.56548
vn 0.77623 0.27874 0.56548
vn 0.77623 0.27874 0.56548
vn 0.95888 0.28023 -0.04501
vn 0.95888 0.28023 -0.04501
vn 0.95888 0.28023 -0.04501
vn 0.9659 0.25742 -0.02775
vn 0.9659 0.25742 -0.02775
vn 0.71358 0.22857 -0.66224
vn 0.71358 0.22857 -0.66224
vn 0.77396 0.13763 -0.6181
vn 0.77396 0.13763 -0.6181
vn -0.98805 0.14993 0.03567
vn -0.98805 0.14993 0.03567
vn -0.98805 0.14993 0.03567
vn -0.98622 0.15942 0.04414
vn -0.98622 0.15942 0.04414
vn -0.98622 0.15942 0.04414
vn -0.87986 0.16871 -0.44428
vn -0.87986 0.16871 -0.44428
vn -0.87986 0.16871 -0.44428
vn -0.86856 0.15692 -0.47009
vn -0.86856 0.15692 -0.47009
vn -0.86856 0.15692 -0.47009
vn 0.17475 0.29062 0.94075
vn 0.17475 0.29062 0.94075
vn 0.17475 0.29062 0.94075
vn 0.22277 0.32353 0.91962
vn 0.22277 0.32353 0.91962
vn 0.36976 0.39384 0.84153
vn 0.36976 0.39384 0.84153
vn 0.36976 0.39384 0.84153
vn 0.27185 0.28193 0.92012
vn 0.27185 0.28193 0.92012
vn 0.27185 0.28193 0.92012
vn 0.0178 0.33396 0.94242
vn 0.0178 0.33396 0.94242
vn 0.0178 0.33396 0.94242
vn -0.01624 0.31073 0.95036
vn -0.01624 0.31073 0.95036
vn -0.01624 0.31073 0.95036
vn -0.85669 0.15899 -0.49072
vn -0.85669 0.15899 -0.49072
vn -0.85669 0.15899 -0.49072
vn -0.86177 0.16225 -0.48065
vn -0.86177 0.16225 -0.48065
vn -0.91513 0.1666 -0.36713
vn -0.91513 0.1666 -0.36713
vn -0.91513 0.1666 -0.36713
vn -0.91394 0.16502 -0.37079
vn -0.91394 0.16502 -0.37079
vn -0.98138 0.15888 -0.10796
vn -0.98138 0.15888 -0.10796
vn -0.98138 0.15888 -0.10796
vn -0.97969 0.18365 -0.08052
vn -0.97969 0.18365 -0.08052
vn -0.96583 0.16256 0.20184
vn -0.96583 0.16256 0.20184
vn -0.96583 0.16256 0.20184
vn -0.96809 0.15547 0.19655
vn -0.96809 0.15547 0.19655
vn 0.5947 -0.7953 -0.11762
vn 0.5947 -0.7953 -0.11762
vn 0.74002 -0.62241 -0.25492
vn 0.74002 -0.62241 -0.25492
vn 0.5179 -0.58669 0.62255
vn 0.52113 -0.54996 0.65266
vn 0.52113 -0.54996 0.65266
vn 0.52113 -0.54996 0.65266
vn -0.51669 -0.82718 0.22089
vn -0.51669 -0.82718 0.22089
vn -0.50882 -0.83615 0.20481
vn -0.50882 -0.83615 0.20481
vn 0.52649 -0.56215 -0.6378
vn 0.52649 -0.56215 -0.6378
vn 0.52649 -0.56215 -0.6378
vn 0.48871 -0.59966 -0.63369
vn 0.48871 -0.59966 -0.63369
vn 0.47571 -0.50816 0.71796
vn 0.47571 -0.50816 0.71796
vn 0.47571 -0.50816 0.71796
vn 0.48017 -0.55194 0.68177
vn 0.48017 -0.55194 0.68177
vn -0.37019 -0.89379 -0.25317
vn -0.36949 -0.89251 -0.25867
vn -0.36949 -0.89251 -0.25867
vn -0.52847 -0.84508 0.08104
vn -0.52847 -0.84508 0.08104
vn -0.52912 -0.84462 0.08159
vn -0.52912 -0.84462 0.08159
vn -0.52912 -0.84462 0.08159
vn -0.46086 -0.8804 -0.11183
vn -0.46086 -0.8804 -0.11183
vn -0.46086 -0.8804 -0.11183
vn -0.46062 -0.88056 -0.11155
vn -0.46062 -0.88056 -0.11155
vn -0.46062 -0.88056 -0.11155
vn -0.52102 -0.84718 0.104
vn -0.52102 -0.84718 0.104
vn -0.56101 -0.81497 0.14523
vn -0.56101 -0.81497 0.14523
vn -0.51509 -0.85713 -0.0032
vn -0.51509 -0.85713 -0.0032
vn -0.51509 -0.85713 -0.0032
vn -0.52877 -0.84867 -0.01257
vn -0.52877 -0.84867 -0.01257
vn -0.52877 -0.84867 -0.01257
vn -0.50205 -0.86333 -0.05104
vn -0.50205 -0.86333 -0.05104
vn -0.50205 -0.86333 -0.05104
vn -0.49226 -0.86937 -0.0433
vn -0.49226 -0.86937 -0.0433
vn -0.4342 -0.89009 -0.13858
vn -0.4342 -0.89009 -0.13858
vn -0.4342 -0.89009 -0.13858
vn -0.45105 -0.86495 -0.22003
vn -0.45105 -0.86495 -0.22003
vn -0.45105 -0.86495 -0.22003
vn 0.64589 -0.58599 -0.48933
vn 0.58355 -0.72822 -0.3594
vn 0.58355 -0.72822 -0.3594
vn 0.58355 -0.72822 -0.3594
vn 0.68922 -0.60033 0.40569
vn 0.68922 -0.60033 0.40569
vn 0.68922 -0.60033 0.40569
vn 0.71134 -0.53514 0.45565
vn 0.71134 -0.53514 0.45565
vn 0.35757 -0.54938 -0.7552
vn 0.35757 -0.54938 -0.7552
vn 0.35757 -0.54938 -0.7552
vn 0.36169 -0.57268 -0.73567
vn 0.36169 -0.57268 -0.73567
vn 0.36169 -0.57268 -0.73567
vn 0.24573 -0.49951 0.83072
vn 0.24573 -0.49951 0.83072
vn 0.24573 -0.49951 0.83072
vn 0.25124 -0.52138 0.8155
vn 0.25124 -0.52138 0.8155
vn 0.25124 -0.52138 0.8155
vn 0.74002 0.62241 -0.25492
vn 0.74002 0.62241 -0.25492
vn 0.5947 0.7953 -0.11762
vn 0.5947 0.7953 -0.11762
vn 0.5947 0.7953 -0.11762
vn 0.52113 0.54996 0.65266
vn 0.52113 0.54996 0.65266
vn 0.5179 0.58669 0.62255
vn 0.5179 0.58669 0.62255
vn -0.50882 0.83615 0.20481
vn -0.50882 0.83615 0.20481
vn -0.50882 0.83615 0.20481
vn -0.51669 0.82718 0.22089
vn -0.51669 0.82718 0.22089
vn 0.48871 0.59966 -0.63369
vn 0.48871 0.59966 -0.63369
vn 0.48871 0.59966 -0.63369
vn 0.52649 0.56215 -0.6378
vn 0.52649 0.56215 -0.6378
vn 0.48017 0.55194 0.68177
vn 0.48017 0.55194 0.68177
vn 0.48017 0.55194 0.68177
vn 0.47571 0.50816 0.71796
vn 0.47571 0.50816 0.71796
vn 0.47571 0.50816 0.71796
vn -0.36949 0.89251 -0.25867
vn -0.36949 0.89251 -0.25867
vn -0.37019 0.89379 -0.25317
vn -0.37019 0.89379 -0.25317
vn -0.37019 0.89379 -0.25317
vn -0.52912 0.84462 0.08159
vn -0.52912 0.84462 0.08159
vn -0.52847 0.84508 0.08104
vn -0.52847 0.84508 0.08104
vn -0.46062 0.88056 -0.11155
vn -0.46062 0.88056 -0.11155
vn -0.46086 0.8804 -0.11183
vn -0.46086 0.8804 -0.11183
vn -0.46086 0.8804 -0.11183
vn -0.56101 0.81497 0.14523
vn -0.56101 0.81497 0.14523
vn -0.52102 0.84718 0.104
vn -0.52102 0.84718 0.104
vn -0.52102 0.84718 0.104
vn -0.52877 0.84867 -0.01257
vn -0.52877 0.84867 -0.01257
vn -0.51509 0.85713 -0.0032
vn -0.51509 0.85713 -0.0032
vn -0.51509 0.85713 -0.0032
vn -0.49226 0.86937 -0.0433
vn -0.49226 0.86937 -0.0433
vn -0.50205 0.86333 -0.05104
vn -0.50205 0.86333 -0.05104
vn -0.50205 0.86333 -0.05104
vn -0.45105 0.86495 -0.22003
vn -0.45105 0.86495 -0.22003
vn -0.45105 0.86495 -0.22003
vn -0.4342 0.89009 -0.13858
vn 0.58355 0.72822 -0.3594
vn 0.58355 0.72822 -0.3594
vn 0.58355 0.72822 -0.3594
vn 0.64589 0.58599 -0.48933
vn 0.64589 0.58599 -0.48933
vn 0.71134 0.53514 0.45565
vn 0.71134 0.53514 0.45565
vn 0.71134 0.53514 0.45565
vn 0.68921 0.60033 0.40569
vn 0.68921 0.60033 0.40569
vn 0.36169 0.57268 -0.73567
vn 0.36169 0.57268 -0.73567
vn 0.36169 0.57268 -0.73567
vn 0.35757 0.54938 -0.7552
vn 0.35757 0.54938 -0.7552
vn 0.25124 0.52138 0.8155
vn 0.25124 0.52138 0.8155
vn 0.25124 0.52138 0.8155
vn 0.24573 0.49951 0.83072
vn 0.24573 0.49951 0.83072
vn 0.24573 0.49951 0.83072
vt 1 0.5247
vt 1 0
vt 0 0
vt 0 0.5247
vt 0.54306 0.5247
vt 0.54306 0
vt 0.45694 0.5247
vt 0.45694 0
vt 0 1
vt 0 0.5
vt 0.55797 0.5
vt 0.55797 1
vt 0.44203 0.5
vt 0.44203 1
vt 0.12328 0.5
vt 0.12328 1
vt 1 1
vt 1 0.5
vt 0.81084 1
vt 0.81084 0.5
vt 0.34364 0.5
vt 0.34364 1
vt 0.24026 1
vt 0.24026 0.5
vt 0.68938 1
vt 0.54953 1
vt 0.54953 0.5
vt 0.68938 0.5
vt 0.43498 0.5
vt 0.43498 1
usemtl mat5
f 674/207/1839 675/207/1840 676/208/1840
f 676/208/1841 677/208/1842 674/207/1841
f 678/207/1843 679/207/1844 680/208/1845
f 680/208/1846 681/208/1847 678/207/1847
f 682/207/1848 683/207/1849 684/208/1850
f 684/208/1851 685/208/1852 682/207/1853
f 686/207/1854 687/207/1854 688/208/1855
f 688/208/1856 689/208/1857 686/207/1858
f 690/209/1859 691/210/1859 692/210/1860
f 692/210/1861 693/209/1862 690/209/1863
f 694/209/1864 695/210/1865 696/210/1864
f 696/210/1866 697/209/1867 694/209/1868
f 698/208/1869 699/207/1870 700/211/1870
f 700/211/1871 701/212/1872 698/208/1871
f 702/208/1873 703/207/1874 704/213/1875
f 704/213/1876 705/214/1877 702/208/1878
f 706/209/1879 707/210/1880 708/210/1881
f 708/210/1882 709/209/1883 706/209/1883
f 710/209/1884 711/210/1885 707/210/1886
f 707/210/1887 706/209/1887 710/209/1887
f 709/209/1888 708/210/1889 712/210/1890
f 712/210/1891 713/209/1892 709/209/1893
f 697/209/1894 696/210/1895 714/210/1896
f 714/210/1897 715/209/1898 697/209/1899
f 716/209/1900 717/210/1900 695/210/1900
f 695/210/1901 694/209/1902 716/209/1903
f 693/209/1904 692/210/1905 718/210/1906
f 718/210/1907 719/209/1907 693/209/1908
f 720/209/1909 721/210/1910 691/210/1910
f 691/210/1911 690/209/1912 720/209/1913
f 722/209/1914 701/212/1915 700/211/1916
f 700/211/1917 723/210/1918 722/209/1918
f 724/209/1919 705/214/1920 704/213/1921
f 704/213/1922 725/210/1922 724/209/1922
f 726/209/1923 688/208/1924 687/207/1925
f 687/207/1926 727/210/1926 726/209/1927
f 728/209/1928 713/209/1929 712/210/1930
f 712/210/1931 729/210/1932 728/209/1933
f 730/209/1934 715/209/1935 714/210/1936
f 714/210/1937 731/210/1937 730/209/1938
f 716/209/1939 719/209/1940 718/210/1940
f 718/210/1941 717/210/1941 716/209/1941
f 720/209/1942 726/209/1943 727/210/1944
f 727/210/1945 721/210/1946 720/209/1947
f 732/208/1948 733/208/1949 734/207/1950
f 734/207/1951 735/207/1951 732/208/1951
f 736/208/1952 737/208/1953 738/207/1954
f 738/207/1955 739/207/1956 736/208/1956
f 740/208/1957 741/208/1958 742/207/1959
f 742/207/1960 743/207/1961 740/208/1960
f 744/208/1962 740/208/1963 743/207/1964
f 743/207/1965 745/207/1966 744/208/1966
f 741/208/1967 676/208/1968 675/207/1968
f 675/207/1969 742/207/1970 741/208/1971
f 737/208/1972 680/208/1973 679/207/1974
f 679/207/1975 738/207/1976 737/208/1977
f 685/208/1978 736/208/1978 739/207/1979
f 739/207/1980 682/207/1980 685/208/1981
f 733/208/1982 684/208/1983 683/207/1984
f 683/207/1985 734/207/1986 733/208/1987
f 689/208/1988 732/208/1989 735/207/1988
f 735/207/1990 686/207/1990 689/208/1991
f 674/207/1992 746/208/1993 747/208/1994
f 747/208/1995 675/207/1996 674/207/1996
f 678/207/1997 748/208/1998 749/208/1997
f 749/208/1999 679/207/2000 678/207/2001
f 682/207/2002 750/208/2003 751/208/2004
f 751/208/2005 683/207/2006 682/207/2007
f 686/207/2008 752/208/2008 753/208/2009
f 753/208/2010 687/207/2011 686/207/2012
f 754/209/2013 755/209/2014 692/210/2015
f 692/210/2016 691/210/2017 754/209/2018
f 756/209/2019 757/209/2020 696/210/2019
f 696/210/2021 695/210/2022 756/209/2022
f 758/208/2023 759/212/2023 700/211/2023
f 700/211/2024 699/207/2025 758/208/2026
f 760/208/2027 761/214/2028 704/213/2027
f 704/213/2029 703/207/2030 760/208/2031
f 762/209/2032 763/209/2033 708/210/2034
f 708/210/2035 707/210/2036 762/209/2037
f 764/209/2038 762/209/2039 707/210/2040
f 707/210/2041 711/210/2042 764/209/2043
f 763/209/2044 765/209/2044 712/210/2045
f 712/210/2046 708/210/2047 763/209/2048
f 757/209/2049 766/209/2050 714/210/2051
f 714/210/2052 696/210/2053 757/209/2054
f 767/209/2055 756/209/2056 695/210/2057
f 695/210/2058 717/210/2059 767/209/2059
f 755/209/2060 768/209/2061 718/210/2062
f 718/210/2063 692/210/2064 755/209/2065
f 769/209/2066 754/209/2067 691/210/2068
f 691/210/2069 721/210/2070 769/209/2071
f 770/209/2072 723/210/2073 700/211/2074
f 700/211/2075 759/212/2076 770/209/2076
f 771/209/2077 725/210/2077 704/213/2078
f 704/213/2079 761/214/2079 771/209/2080
f 772/209/2081 727/210/2082 687/207/2083
f 687/207/2084 753/208/2085 772/209/2086
f 773/209/2087 729/210/2088 712/210/2088
f 712/210/2089 765/209/2090 773/209/2091
f 774/209/2092 731/210/2093 714/210/2094
f 714/210/2095 766/209/2096 774/209/2097
f 767/209/2098 717/210/2099 718/210/2100
f 718/210/2101 768/209/2102 767/209/2102
f 769/209/2103 721/210/2104 727/210/2104
f 727/210/2105 772/209/2106 769/209/2105
f 775/208/2107 735/207/2108 734/207/2109
f 734/207/2110 776/208/2111 775/208/2112
f 777/208/2113 739/207/2114 738/207/2115
f 738/207/2116 778/208/2117 777/208/2118
f 779/208/2119 743/207/2120 742/207/2121
f 742/207/2122 780/208/2122 779/208/2123
f 781/208/2124 745/207/2125 743/207/2126
f 743/207/2127 779/208/2128 781/208/2129
f 780/208/2130 742/207/2131 675/207/2132
f 675/207/2133 747/208/2134 780/208/2135
f 778/208/2136 738/207/2137 679/207/2138
f 679/207/2139 749/208/2139 778/208/2140
f 750/208/2141 682/207/2142 739/207/2143
f 739/207/2144 777/208/2145 750/208/2145
f 776/208/2146 734/207/2147 683/207/2148
f 683/207/2149 751/208/2149 776/208/2150
f 752/208/2151 686/207/2152 735/207/2153
f 735/207/2154 775/208/2155 752/208/2154
f 782/215/2156 783/216/2157 784/217/2156
f 784/217/2158 785/218/2159 782/215/2159
f 786/216/2160 787/219/2160 788/220/2160
f 788/220/2161 789/215/2162 786/216/2163
f 790/215/2164 791/216/2165 792/221/2164
f 792/221/2166 793/222/2166 790/215/2167
f 794/216/2168 795/216/2169 796/215/2170
f 796/215/2171 797/215/2172 794/216/2172
f 798/223/2173 799/223/2174 800/224/2175
f 800/224/2176 801/224/2177 798/223/2177
f 802/223/2178 803/225/2178 804/226/2178
f 804/226/2179 805/224/2180 802/223/2179
f 806/227/2181 807/228/2182 808/229/2182
f 808/229/2183 809/230/2184 806/227/2185
f 810/231/2186 811/232/2187 812/233/2188
f 812/233/2189 813/234/2190 810/231/2191
f 809/230/2192 808/229/2193 793/222/2192
f 793/222/2194 792/221/2194 809/230/2195
f 806/227/2196 814/235/2197 815/236/2198
f 815/236/2199 807/228/2200 806/227/2201
f 811/232/2202 815/236/2203 814/235/2204
f 814/235/2205 812/233/2205 811/232/2206
f 803/225/2207 810/231/2208 813/234/2209
f 813/234/2210 804/226/2211 803/225/2212
f 816/224/2213 817/223/2213 785/218/2213
f 785/218/2214 784/217/2215 816/224/2216
f 787/219/2217 818/224/2218 819/223/2219
f 819/223/2220 788/220/2221 787/219/2221
f 820/216/2222 821/215/2223 796/215/2224
f 796/215/2225 795/216/2226 820/216/2227
f 799/223/2228 822/223/2229 823/224/2230
f 823/224/2231 800/224/2232 799/223/2233
f 824/215/2234 825/218/2235 784/217/2234
f 784/217/2236 783/216/2237 824/215/2238
f 786/216/2239 826/215/2240 827/220/2240
f 827/220/2241 787/219/2242 786/216/2242
f 828/215/2243 829/222/2244 792/221/2245
f 792/221/2246 791/216/2247 828/215/2246
f 794/216/2248 830/215/2249 831/215/2250
f 831/215/2251 795/216/2252 794/216/2252
f 832/223/2253 801/224/2254 800/224/2255
f 800/224/2256 833/223/2257 832/223/2258
f 834/223/2259 805/224/2260 804/226/2260
f 804/226/2261 835/225/2262 834/223/2263
f 806/227/2264 809/230/2265 836/229/2265
f 836/229/2266 837/228/2267 806/227/2267
f 838/231/2268 813/234/2268 812/233/2269
f 812/233/2270 839/232/2271 838/231/2272
f 809/230/2273 792/221/2274 829/222/2274
f 829/222/2275 836/229/2276 809/230/2277
f 806/227/2278 837/228/2278 840/236/2279
f 840/236/2280 814/235/2281 806/227/2282
f 839/232/2283 812/233/2284 814/235/2284
f 814/235/2285 840/236/2286 839/232/2287
f 835/225/2288 804/226/2289 813/234/2290
f 813/234/2291 838/231/2291 835/225/2291
f 816/224/2292 784/217/2293 825/218/2294
f 825/218/2295 841/223/2296 816/224/2296
f 787/219/2297 827/220/2298 842/223/2299
f 842/223/2300 818/224/2300 787/219/2301
f 820/216/2302 795/216/2303 831/215/2304
f 831/215/2305 843/215/2305 820/216/2306
f 833/223/2307 800/224/2308 823/224/2309
f 823/224/2310 844/223/2311 833/223/2312
# Vertices: 171, normals: 474, texture coordinates: 30, faces: 188

