# File generated by ImageToStl.com - Free Image and 3D model conversion tools

mtllib rubber_duck_bath_toy.mtl

o obj1
v 0.0457676 0.89094763 0.4998317
v 0.06103917 0.88426313 0.50002887
v 0.06019366 0.90393967 0.52776354
v 0.04535964 0.91158786 0.52679338
v 0.07770744 0.87360243 0.5028477
v 0.07664804 0.89272271 0.53086877
v 0.07647389 0.91283905 0.55847834
v 0.06037207 0.92389012 0.55502962
v 0.04584592 0.93220685 0.55325179
v 0.04949182 0.82127227 0.43581758
v 0.04957329 0.81203961 0.43203964
v 0.06480397 0.81090368 0.43131938
v 0.0646678 0.81977935 0.43444544
v 0.0498245 0.80271319 0.43276421
v 0.06546242 0.80170459 0.4325151
v 0.08041473 0.80050782 0.43174538
v 0.07991997 0.80867549 0.43012932
v 0.08037881 0.81646534 0.43263253
v 0 0.99095139 0.4808855
v 0 0.99472632 0.50560306
v 0.02803385 0.98657437 0.50340845
v 0.02802372 0.98234379 0.47822297
v 0 1.00123933 0.53272605
v 0.02809043 0.99427303 0.5309266
v 0.05692979 0.97762896 0.52766459
v 0.05647717 0.9672571 0.49938366
v 0.0563961 0.96159832 0.4730077
v 0.05831734 1.00285336 0.57625531
v 0.05752646 1.01045024 0.5958956
v 0.08738371 0.99749928 0.59053101
v 0.08993514 0.98597111 0.57166899
v 0.05626203 1.01124266 0.61173415
v 0.0833784 1.00188653 0.60626517
v 0.10097525 0.99042878 0.6017775
v 0.10964351 0.9809088 0.5896286
v 0.11483267 0.96523567 0.5730187
v 0.1271442 0.80683976 0.42403746
v 0.12406293 0.80212046 0.42174032
v 0.14126073 0.80047848 0.4096118
v 0.14351594 0.8062485 0.41180767
v 0.12212005 0.79800875 0.42302792
v 0.13943563 0.79583178 0.41025167
v 0.15188765 0.79417739 0.39550413
v 0.15259309 0.80074885 0.39541314
v 0.15300322 0.80849387 0.39700931
v 0.05785354 0.99069605 0.55352082
v 0.0886831 0.9716585 0.55090839
v 0.0860392 0.95675842 0.52655242
v 0.11362864 0.94941616 0.55509971
v 0.11002852 0.93338689 0.53283461
v 0.12251892 0.83665013 0.4703404
v 0.12443718 0.82839522 0.45557366
v 0.13508963 0.83461593 0.44027424
v 0.13043049 0.84575007 0.45510149
v 0.12636762 0.82024477 0.44234036
v 0.13953595 0.82382634 0.42735881
v 0.14611119 0.83056844 0.40662892
v 0.13871501 0.84447776 0.4188187
v 0.13067863 0.85941821 0.43378725
v 0.12623586 0.8572712 0.47117937
v 0.12093994 0.84506714 0.48686958
v 0.12312004 0.87564517 0.44877477
v 0.11120261 0.9001991 0.46726164
v 0.12279917 0.87192827 0.49199416
v 0.11982664 0.85713219 0.50800618
v 0.05081041 0.77977066 0.46922142
v 0.02725064 0.77978426 0.46980756
v 0.02701798 0.77676307 0.4818822
v 0.05043707 0.77698897 0.48127548
v 0 0.77978299 0.46990455
v 0 0.77671938 0.48201564
v 0 0.77645505 0.4965913
v 0.02651649 0.77653023 0.49635706
v 0.04965279 0.77685488 0.49554779
v 0.04993252 0.73061802 0.42102716
v 0.07116499 0.73135178 0.41974162
v 0.07102784 0.73505069 0.45085383
v 0.04982924 0.73415467 0.45244867
v 0.09525207 0.73364716 0.41376862
v 0.09350938 0.73723675 0.44608794
v 0.09131216 0.74270703 0.48064614
v 0.07032613 0.74017888 0.48385906
v 0.04914657 0.7388682 0.48614192
v 0.11880179 0.93522953 0.59790137
v 0.12046661 0.91606438 0.58347258
v 0.12513125 0.9281072 0.5699994
v 0.12465203 0.94616214 0.58588529
v 0.11962518 0.89657048 0.56262832
v 0.12271103 0.91008989 0.54871815
v 0.15859729 0.75195088 0.38115697
v 0.15463715 0.76191672 0.40572706
v 0.14490899 0.76043709 0.43991129
v 0.14054951 0.74956813 0.43190402
v 0.14739417 0.77337319 0.42529911
v 0.14109458 0.77251193 0.45340438
v 0.13550771 0.77506482 0.48690763
v 0.13611938 0.76386277 0.48024795
v 0.13020796 0.75407784 0.4763502
v 0.09782784 0.9735951 0.61455001
v 0.11152228 0.95544654 0.60763659
v 0.11721575 0.96578886 0.5990464
v 0.10257119 0.98334701 0.6095355
v -0 0.78106269 0.51365874
v 0.02579253 0.78115228 0.51319019
v 0 0.79040098 0.53588122
v 0.02561081 0.79050547 0.53497647
v 0.04936616 0.79035345 0.53181597
v 0.04865957 0.7813432 0.51164634
v 0.08536172 0.78120914 0.49427516
v 0.08465845 0.78477748 0.50941643
v 0.10516604 0.79096854 0.51428948
v 0.10657243 0.78726661 0.49620409
v 0.08408883 0.78958689 0.52197484
v 0.09764117 0.79572651 0.53142182
v 0.1124816 0.80026739 0.54149127
v 0.12270494 0.79470341 0.51936459
v 0.12468656 0.79037507 0.49692501
v -0 0.94073998 0.55050791
v 0 0.91800137 0.52541153
v 0.02470878 0.91633361 0.52590675
v 0.02508781 0.93829264 0.55144918
v 0 0.89507635 0.49960411
v 0.02484506 0.89422499 0.49973683
v 0.04864508 0.86135402 0.4662449
v 0.02666065 0.86363483 0.46664228
v 0.02708759 0.85097343 0.45628
v 0.04930126 0.84917428 0.45569243
v 0 0.86397812 0.46669884
v 0 0.85123274 0.45636337
v 0 0.83984228 0.44828822
v 0.0271507 0.8396663 0.44818282
v 0.04941195 0.83843396 0.44743517
v 0.04748267 0.96018974 0.58330696
v 0.02577818 0.96635143 0.58082077
v 0.02557364 0.95470563 0.56918906
v 0.0467956 0.94830164 0.57161813
v 0 0.9690687 0.5794708
v 0 0.95744292 0.56789797
v 0.04829117 0.9773212 0.60196926
v 0.02552123 0.98310158 0.60132571
v 0.02553217 0.97536119 0.59024607
v 0.04753501 0.96937953 0.59206589
v 0 0.98556789 0.60088024
v 0 0.97800792 0.58924586
v 0.05941642 0.79554134 0.58667503
v 0.02840126 0.79615288 0.59582518
v 0.02829969 0.7848747 0.59453252
v 0.05914578 0.78456576 0.58550535
v 0 0.7960614 0.59821037
v 0 0.78482804 0.59688981
v 0 0.77419045 0.59001134
v 0.02758869 0.77419749 0.58784999
v 0.05725124 0.77417226 0.57968408
v 0.08480096 0.93489393 0.46882521
v 0.08481633 0.94322545 0.49753127
v 0.10855706 0.91633269 0.50329275
v 0.02570309 0.87719623 0.48027677
v 0.0471707 0.87460884 0.48001759
v 0 0.87765513 0.4802989
v 0.05078803 0.78794146 0.45063602
v 0.05094313 0.78328628 0.45977003
v 0.06888955 0.78289506 0.45848798
v 0.06837565 0.78708596 0.44973697
v 0.06875107 0.78001902 0.46785193
v 0.08619472 0.78201926 0.46599781
v 0.0863531 0.7839538 0.45594392
v 0.08541348 0.78731407 0.44723725
v 0.05372529 0.99448252 0.62405519
v 0.07792334 0.9864019 0.62011405
v 0.08128225 0.99638874 0.6171256
v 0.05528814 1.00454258 0.62233148
v 0 1.00071842 0.62635699
v 0.0273499 0.99916209 0.62592938
v 0.02784273 1.00853021 0.62483475
v 0 1.0095702 0.62541461
v 0.02800696 1.01538527 0.61439861
v 0 1.01619125 0.61490778
v 0 0.7884595 0.45094457
v 0 0.78360154 0.46030737
v 0.02733274 0.78356245 0.46023966
v 0.02732271 0.78839472 0.45090834
v 0.1002006 0.8794962 0.53640862
v 0.10004649 0.90031796 0.56379865
v 0.10096732 0.86082979 0.50880234
v 0.11982664 0.85713219 0.50800618
v 0.11929561 0.87556217 0.53531559
v 0.11962518 0.89657048 0.56262832
v 0.15931907 0.80281817 0.38341427
v 0.15814995 0.81159848 0.38399105
v 0.16006695 0.79415173 0.38331137
v 0.16509139 0.79466318 0.37304055
v 0.16310167 0.80598661 0.37340027
v 0.16091568 0.81320231 0.37536149
v 0.06245692 0.86845901 0.47980427
v 0.07877413 0.85883634 0.48220834
v 0.06373779 0.85576501 0.46571046
v 0.07956618 0.84751799 0.46742273
v 0.06766591 0.7778727 0.49434235
v 0.06699892 0.78190769 0.50940348
v 0.06965082 0.78966941 0.52644849
v 0.1199666 0.78818991 0.54492457
v 0.09318721 0.79306016 0.56886956
v 0.09264993 0.78305951 0.56786393
v 0.11918478 0.7788392 0.54361819
v 0.08888884 0.77359492 0.56370019
v 0.11371183 0.77014626 0.54091914
v 0.07771017 0.96487282 0.60295918
v 0.06608053 0.97051647 0.60222382
v 0.06396617 0.96267678 0.593736
v 0.07890593 0.95667953 0.59761722
v 0.06312237 0.95298955 0.58552035
v 0.07903644 0.94483708 0.58979643
v 0.06168328 0.94031726 0.57383862
v 0.07773036 0.93033656 0.57778146
v 0.06431705 0.84469985 0.45463542
v 0.0800107 0.83800616 0.45530835
v 0.0644651 0.83526522 0.44589351
v 0.08027472 0.82998396 0.4453846
v 0.08848784 0.75698156 0.5292489
v 0.07217891 0.75662584 0.53729069
v 0.06979262 0.74793251 0.51362421
v 0.08993784 0.75061428 0.51037106
v 0.04910866 0.75558148 0.5442832
v 0.04826671 0.74644474 0.51736315
v -0 0.73012199 0.42147684
v 0.02601865 0.73026178 0.4213614
v 0.02589708 0.73370125 0.45303302
v 0 0.73354375 0.4531867
v 0.02541365 0.73821076 0.48736539
v 0 0.73801384 0.48771458
v 0.06838013 0.77780639 0.48010955
v 0.08585707 0.78069045 0.47919489
v 0 1.00837339 0.55728193
v 0.0282059 1.003636 0.55624533
v 0 1.01436569 0.57909849
v 0.02826387 1.01190897 0.57872651
v 0 1.01753821 0.5987393
v 0.02816501 1.01637101 0.59844041
v -0 0.82186702 0.43645689
v 0 0.81251654 0.43234763
v 0.02717087 0.81245688 0.43231304
v 0.02716068 0.82179259 0.43638005
v 0 0.80320172 0.43283121
v 0.02720227 0.80314063 0.4328271
v 0.16540772 0.81015958 0.36413713
v 0.16089733 0.82061552 0.37051383
v 0.16826512 0.79437681 0.36323831
v 0.17111076 0.79318411 0.35432752
v 0.16803264 0.81373264 0.35598237
v 0.15912085 0.83394323 0.36716819
v 0.1303511 0.87592307 0.40256813
v 0.13015019 0.8697349 0.41576968
v 0.1413177 0.85194991 0.39941181
v 0.14442751 0.85614866 0.38457622
v 0.15142671 0.83542471 0.38661127
v 0.1207268 0.88820675 0.42997864
v 0.10743711 0.90979882 0.44075198
v 0.1200685 0.89525801 0.41677445
v 0.10712243 0.91613206 0.42655212
v 0.05722339 0.96428625 0.43892975
v 0.02857263 0.9850166 0.44690817
v 0.02809144 0.98245555 0.45963011
v 0.05649234 0.96144639 0.4527754
v 0 0.99395575 0.45122008
v 0 0.99131 0.46322909
v 0.08455014 0.93572455 0.44710977
v 0.08503674 0.93991581 0.43282534
v 0.15188765 0.79417739 0.39550413
v 0.15260868 0.78778438 0.39799564
v 0.16019087 0.78509443 0.38551886
v 0.16006695 0.79415173 0.38331137
v 0.15318077 0.78178319 0.40252366
v 0.15988605 0.77645137 0.38858288
v 0.16375645 0.77408779 0.37933679
v 0.16497267 0.78230719 0.37552886
v 0.16509139 0.79466318 0.37304055
v 0 0.80320172 0.43283121
v 0 0.79502848 0.44037394
v 0.02726428 0.79496041 0.440365
v 0.02720227 0.80314063 0.4328271
v 0.0503206 0.79448407 0.44027404
v 0.0498245 0.80271319 0.43276421
v 0.06694207 0.79348718 0.43986362
v 0.06546242 0.80170459 0.4325151
v 0.08282618 0.7930423 0.43833259
v 0.08041473 0.80050782 0.43174538
v 0.12212005 0.79800875 0.42302792
v 0.12441564 0.79388052 0.42641069
v 0.14097879 0.79132827 0.41296646
v 0.13943563 0.79583178 0.41025167
v 0.12774637 0.7905088 0.43251957
v 0.14306567 0.78740174 0.41835843
v 0 0.83051556 0.44184319
v 0.02715491 0.8304027 0.44173965
v 0.04944561 0.82961257 0.44099897
v 0.12773156 0.81292113 0.43129828
v 0.14278927 0.81414209 0.41772179
v 0.15099164 0.81844425 0.39997233
v 0.06457152 0.82745832 0.43932449
v 0.08048647 0.82321582 0.43781445
v 0.1562878 0.82206351 0.38331509
v 0.16804445 0.77729721 0.36705415
v 0.16826512 0.79437681 0.36323831
v 0.16462049 0.76615638 0.3766337
v 0.16995595 0.77168068 0.35946562
v 0.17111076 0.79318411 0.35432752
v 0.10167808 0.84796339 0.48780179
v 0.10231046 0.83889123 0.47194026
v 0.12251892 0.83665013 0.4703404
v 0.12093994 0.84506714 0.48686958
v 0.09639328 0.95320068 0.60497845
v 0.08740605 0.96735399 0.60993976
v 0.10032498 0.93667952 0.59694152
v 0.11880179 0.93522953 0.59790137
v 0.11152228 0.95544654 0.60763659
v 0.09782784 0.9735951 0.61455001
v 0.1007637 0.9192982 0.58390181
v 0.12046661 0.91606438 0.58347258
v 0.10297073 0.83082358 0.45829749
v 0.10363402 0.82348533 0.44642873
v 0.12636762 0.82024477 0.44234036
v 0.12443718 0.82839522 0.45557366
v 0.10703263 0.78598175 0.47870798
v 0.10754181 0.78627614 0.4633625
v 0.12580425 0.78841542 0.47539426
v 0.1272557 0.78814183 0.45667324
v 0.10408018 0.81707515 0.43669358
v 0.10343919 0.81117378 0.43019413
v 0.1271442 0.80683976 0.42403746
v 0.12773156 0.81292113 0.43129828
v 0.10331639 0.79384283 0.43452267
v 0.10065086 0.79945251 0.42956
v 0.10672235 0.78949218 0.44196254
v 0.12774637 0.7905088 0.43251957
v 0.12441564 0.79388052 0.42641069
v 0.12212005 0.79800875 0.42302792
v 0.10955346 0.75544814 0.51053417
v 0.10104954 0.76263017 0.53570553
v 0.11337666 0.74711414 0.4772222
v 0.12465079 0.76237209 0.51237883
v 0.02655561 0.80257026 0.56232891
v 0.05311705 0.80195938 0.55662331
v 0 0.80243653 0.56387168
v 0 0.80977971 0.58740609
v 0.02777101 0.80993166 0.58529761
v 0.05729302 0.80900659 0.57728265
v 0.02633819 0.99070844 0.61566994
v -0 0.99278816 0.61573592
v 0.05086056 0.98536061 0.61495075
v 0.05372529 0.99448252 0.62405519
v 0.0273499 0.99916209 0.62592938
v 0 1.00071842 0.62635699
v 0.07864647 0.79952828 0.54583474
v 0.08830297 0.80551174 0.56183851
v 0.07179157 0.9777488 0.613018
v 0.07792334 0.9864019 0.62011405
v 0.10789083 0.78721229 0.45132483
v 0.12844046 0.78871816 0.44240459
v 0.10141423 0.80531372 0.42790645
v 0.10065086 0.79945251 0.42956
v 0.12212005 0.79800875 0.42302792
v 0.12406293 0.80212046 0.42174032
v 0.13307823 0.78535537 0.49334875
v 0.13027873 0.79048979 0.52001369
v 0.13151455 0.78122498 0.51768512
v 0.12468656 0.79037507 0.49692501
v 0.12270494 0.79470341 0.51936459
v 0.1124816 0.80026739 0.54149127
v 0.11903098 0.79679477 0.54530115
v 0.11978923 0.74176162 0.43728931
v 0.12643697 0.73910189 0.40012745
v 0 0.75511091 0.54927792
v 0.02469749 0.75512969 0.54814097
v 0.02600843 0.76448242 0.57181087
v 0 0.76449745 0.5735085
v 0.05298565 0.76470819 0.56565987
v 0.08033009 0.76498446 0.55375313
v 0.08830297 0.80551174 0.56183851
v 0.09257668 0.802184 0.56835022
v 0.05729302 0.80900659 0.57728265
v 0.05915099 0.80552898 0.58579674
v 0.13595707 0.78313367 0.46633713
v 0.13952724 0.78323239 0.4431925
v 0.1272557 0.78814183 0.45667324
v 0.12580425 0.78841542 0.47539426
v 0.02777101 0.80993166 0.58529761
v 0.02832248 0.80640897 0.59480501
v 0 0.80977971 0.58740609
v 0 0.80627563 0.59715558
v 0.02471623 0.74580692 0.51959714
v 0 0.74568287 0.52027359
v 0.12844046 0.78871816 0.44240459
v 0.14239574 0.78468991 0.42765134
v 0.15159355 0.77673334 0.409723
v 0.15898161 0.76833932 0.3919399
v 0.13081585 0.77126306 0.51488429
v 0.17355852 1.17554665 -0.02399681
v 0.23132376 1.11240508 -0.03034769
v 0.21444883 1.09491806 -0.08647073
v 0.16279383 1.15292411 -0.08212423
v 0.26672865 1.0481051 -0.03544862
v 0.24482539 1.03593781 -0.08973796
v 0.21874456 1.0213076 -0.13326379
v 0.19442102 1.07469793 -0.13133454
v 0.14999196 1.12686458 -0.12914542
v 0.11244461 0.77002661 -0.17089181
v 0.13633649 0.81073953 -0.18282905
v 0.17391399 0.81085305 -0.15783717
v 0.15963433 0.77514023 -0.14665215
v 0.14666044 0.84565057 -0.19078231
v 0.18433234 0.84640158 -0.16463782
v 0.21926328 0.8488525 -0.13248194
v 0.2084933 0.81285948 -0.12769364
v 0.19395899 0.77850383 -0.11979458
v 0.27423865 0.85164548 -0.04466461
v 0.26096031 0.8116675 -0.04262599
v 0.23756682 0.81300061 -0.08953141
v 0.24969188 0.85096521 -0.09265718
v 0.24338959 0.77520429 -0.03895871
v 0.22135639 0.77786566 -0.08437086
v 0.28329428 0.9947749 -0.0404267
v 0.25888807 0.98576057 -0.09267649
v 0.2869185 0.94714964 -0.04416083
v 0.26179152 0.94041748 -0.09452457
v 0.23118117 0.93148935 -0.13607688
v 0.22953116 0.97437545 -0.13512321
v 0.28320919 0.89825187 -0.04540533
v 0.25808316 0.89454749 -0.09442581
v 0.22714782 0.88905602 -0.13523052
v -0 1.23988386 -0.01198549
v 0.09310107 1.2219828 -0.01610642
v 0.08794579 1.19688306 -0.07656446
v 0 1.21428473 -0.07363584
v 0.08179997 1.1671955 -0.1266478
v -0 1.18344959 -0.1253841
v 0.18406461 0.72517643 0.27970397
v 0.15915915 0.7000806 0.28488514
v 0.17748123 0.68831483 0.24715275
v 0.19908041 0.71508742 0.24459433
v 0.13162709 0.67459216 0.29524702
v 0.1598213 0.66493411 0.25192882
v 0.17711225 0.65861531 0.20925673
v 0.1926404 0.6798829 0.20536402
v 0.2124678 0.70663348 0.20344558
v 0.20111909 0.67363083 0.15467761
v 0.22106447 0.70017652 0.15068025
v 0.18592645 0.65397728 0.15941978
v 0.1850117 0.65179695 0.10185802
v 0.2008245 0.67093817 0.09634619
v 0.22198473 0.6975503 0.09008745
v 0.19033774 0.67313115 0.03418837
v 0.21338298 0.70013038 0.0280851
v 0.17189008 0.65267429 0.03861699
v 0.13604875 0.65558226 -0.02531111
v 0.17110862 0.67967337 -0.02381261
v 0.19729724 0.70598804 -0.02776033
v 0 1.12301036 0.36725107
v 0.06824898 1.11230251 0.36298812
v 0.08127558 1.16013062 0.31604978
v -0 1.1715793 0.32211344
v 0.1276385 1.08179346 0.35507993
v 0.15169957 1.12637745 0.30533374
v 0.16885516 1.15971162 0.24576077
v 0.09034754 1.19681447 0.25815783
v 0 1.20946922 0.26533304
v 0.09608719 1.22215931 0.1905182
v -0 1.23697215 0.19673066
v 0.17980504 1.18042802 0.17980359
v 0.1840561 1.18946941 0.11064445
v 0.09831614 1.23527217 0.11900447
v 0 1.25218012 0.12372428
v 0.09695247 1.2352667 0.04957923
v -0 1.25313548 0.05391195
v 0.18134975 1.1879726 0.04150238
v 0.22440114 0.90511111 0.32585919
v 0.22963997 0.86939878 0.31343944
v 0.25934709 0.8762828 0.27617296
v 0.2584687 0.91802928 0.28489769
v 0.2310061 0.83654457 0.30137409
v 0.25581213 0.83917591 0.26707284
v 0.27603747 0.84261837 0.21863947
v 0.28237508 0.88374536 0.2248182
v 0.28417553 0.93033917 0.2306803
v 0.29929098 0.89057642 0.1556951
v 0.30246771 0.94062457 0.16126928
v 0.29135423 0.84552147 0.15138099
v 0.29764232 0.84803114 0.07783344
v 0.30641729 0.89581549 0.0806697
v 0.31011378 0.94745726 0.08630081
v 0.30037312 0.89860495 0.01282854
v 0.30415702 0.94967032 0.0165583
v 0.29125607 0.85037943 0.01185157
v 0.1995823 0.98591947 0.34364908
v 0.21573407 0.94283586 0.33608793
v 0.25189483 0.96345178 0.29096937
v 0.23499528 1.0152117 0.29499912
v 0.27924047 0.98084451 0.23420118
v 0.26182896 1.03796113 0.2362519
v 0.29800364 0.99254306 0.16646331
v 0.27964304 1.05090649 0.17051692
v 0.30562716 0.99849943 0.09374119
v 0.28666998 1.05572767 0.10057388
v 0.29996349 0.99919051 0.02296926
v 0.28165612 1.05477094 0.02983243
v 0.2272188 0.80760812 0.29205393
v 0.24815313 0.80746578 0.25982411
v 0.2181532 0.78031256 0.28518129
v 0.23603576 0.77746107 0.25356131
v 0.25194114 0.77530549 0.21017244
v 0.26609313 0.8080856 0.2141235
v 0.28006885 0.80835939 0.14959599
v 0.26434297 0.77340436 0.14924552
v 0.26844284 0.77243019 0.08075307
v 0.28539154 0.80878754 0.0781319
v 0.27811233 0.81001665 0.01320466
v 0.2603891 0.77310133 0.01664535
v 0.20387604 0.75241926 0.28038707
v 0.21929683 0.74582488 0.24754019
v 0.23327147 0.7400651 0.20578782
v 0.24350466 0.73549811 0.14921575
v 0.24602376 0.7334867 0.08478747
v 0.23785005 0.73506083 0.02186188
v 0.22165766 0.73891361 -0.03349786
v 0.17120672 1.03576294 0.34910218
v 0.20272145 1.07367189 0.2987036
v 0.22603771 1.10203152 0.23885731
v 0.2411577 1.11814595 0.17373497
v 0.24703958 1.12403125 0.10519005
v 0.24306134 1.12219526 0.03533698
v 0.13234179 0.62663576 -0.01672633
v 0.16410203 0.62714673 0.04008952
v 0.17413291 0.62074153 0.03759759
v 0.14209698 0.62146949 -0.02501972
v 0.17544461 0.6264455 0.10661183
v 0.18372924 0.61890606 0.10827878
v 0.20487483 0.60541192 0.11503942
v 0.19831473 0.60861698 0.03768179
v 0.16647241 0.61218979 -0.04602326
v 0.17547942 0.62609034 0.16562446
v 0.18238412 0.61685755 0.16928356
v 0.16739632 0.62671443 0.21540099
v 0.17383723 0.61558445 0.22046569
v 0.19171093 0.59838974 0.23516428
v 0.20169178 0.60162564 0.18003345
v 0.04993252 0.73061802 0.42102716
v 0.02601865 0.73026178 0.4213614
v 0.02611934 0.72473879 0.39641824
v 0.05005115 0.72536588 0.39571274
v -0 0.73012199 0.42147684
v -0 0.72448498 0.39673242
v -0 0.71250897 0.37734268
v 0.0277509 0.71280626 0.37632216
v 0.05315099 0.71366837 0.37379159
v 0.05722339 0.96428625 0.43892975
v 0.08503674 0.93991581 0.43282534
v 0.08826312 0.94500093 0.4231165
v 0.06038671 0.96969576 0.42932729
v 0.10712243 0.91613206 0.42655212
v 0.10980104 0.92077968 0.41659531
v 0.12460906 0.93165875 0.40330418
v 0.10254221 0.96039043 0.41015696
v 0.07248748 0.98892885 0.41627624
v 0.17111076 0.79318411 0.35432752
v 0.16995595 0.77168068 0.35946562
v 0.17213683 0.76858487 0.3501882
v 0.17548219 0.7912022 0.34604787
v 0.15859729 0.75195088 0.38115697
v 0.15788824 0.74926431 0.36099877
v 0.16123272 0.7451634 0.34265887
v 0.17781442 0.76522522 0.33547968
v 0.18434006 0.78822418 0.33352939
v 0.09525207 0.73364716 0.41376862
v 0.07116499 0.73135178 0.41974162
v 0.0712793 0.72650361 0.39420844
v 0.09597325 0.72964304 0.38844563
v 0.07547279 0.7154672 0.37007107
v 0.10048218 0.72023961 0.36357453
v 0.15912085 0.83394323 0.36716819
v 0.16803264 0.81373264 0.35598237
v 0.17347214 0.81403656 0.34872807
v 0.16501218 0.83653414 0.35860722
v 0.18491598 0.81215072 0.3377482
v 0.17839132 0.83641371 0.34800093
v 0.1200685 0.89525801 0.41677445
v 0.12239521 0.89951492 0.40669145
v 0.1303511 0.87592307 0.40256813
v 0.133331 0.87952489 0.39257566
v 0.14869431 0.88421814 0.37953158
v 0.13761237 0.90693614 0.39320738
v 0.14442751 0.85614866 0.38457622
v 0.149346 0.85857944 0.37495706
v 0.16411538 0.86067878 0.36320117
v 0 0.99395575 0.45122008
v 0.02857263 0.9850166 0.44690817
v 0.03050848 0.9904561 0.43709595
v 0 0.99933807 0.44123129
v 0.03745816 1.01126007 0.42325626
v 0 1.02032936 0.42685098
v 0.12643697 0.73910189 0.40012745
v 0.12839742 0.73660794 0.3758836
v 0.13220737 0.73001939 0.35332137
v 0.10064369 0.81679308 -0.20458373
v 0.10807656 0.84786337 -0.21219908
v 0.08282191 0.7901122 -0.19844969
v 0.063075 0.80246943 -0.21252081
v 0.06717866 0.82233766 -0.21985381
v 0.07029816 0.85026467 -0.22751741
v 0.11647598 1.0820115 -0.18887168
v 0.09277635 1.05992616 -0.21110851
v 0.0523353 1.08284629 -0.21174825
v 0.06477439 1.11234946 -0.18906859
v 0.07219118 1.04286747 -0.22525093
v 0.0421178 1.05104485 -0.22911903
v -0 1.05573478 -0.23073848
v -0 1.09132191 -0.21283577
v 0 1.12402688 -0.18990075
v 0.07574306 0.91125415 -0.23734353
v 0.03693442 0.91108045 -0.24594025
v 0.0383294 0.94444697 -0.24720503
v 0.07819692 0.94473093 -0.23816064
v 0 0.91114742 -0.24848557
v 0 0.94485084 -0.24990066
v 0 0.98064558 -0.24796763
v 0.039164 0.97972563 -0.24530293
v 0.07910612 0.98016255 -0.23606702
v 0.03930238 1.01613511 -0.23978246
v 0.07703161 1.01585897 -0.23125787
v -0 1.01820452 -0.24208548
v 0.14571922 1.04027525 -0.19171934
v 0.1130463 1.02524124 -0.21455743
v 0.15786752 0.99528107 -0.19586068
v 0.11978331 0.98562586 -0.21907586
v 0.03396463 0.82224129 -0.22711661
v 0.03452532 0.8501964 -0.23543171
v 0.03665459 0.79692847 -0.21537403
v -0 0.79409934 -0.21656745
v -0 0.82107464 -0.22891613
v -0 0.84951131 -0.23755044
v 0.16093153 0.95375315 -0.19880076
v 0.12016978 0.94762301 -0.22177129
v 0.15876167 0.91587079 -0.19922841
v 0.11733536 0.91239273 -0.22162874
v 0.10375634 0.72954967 -0.14088995
v 0.05396205 0.71660101 -0.14573591
v 0.05488228 0.74794584 -0.17431662
v 0.10046467 0.69806302 -0.10977493
v 0.05297356 0.68656309 -0.1129341
v 0 0.68117949 -0.11375985
v -0 0.71022891 -0.14666101
v -0 0.74064104 -0.17531317
v 0.19209247 0.88372136 -0.16892161
v 0.15375567 0.88023189 -0.19641546
v 0.1968229 0.92266261 -0.17075936
v 0.19717717 0.9631062 -0.17010174
v 0.1903451 1.00741563 -0.16783963
v 0.13524905 1.10369792 -0.16306781
v 0.07449121 1.13954098 -0.1624978
v -0 1.15383513 -0.16257818
v 0.07303911 0.87998692 -0.23359724
v 0.03563383 0.87977351 -0.24180646
v 0 0.87945291 -0.24415092
v 0.06890843 0.6452341 -0.04966838
v 0.05976981 0.66299546 -0.0774498
v 0.11223854 0.67487494 -0.07231732
v 0 0.64118045 -0.05518273
v 0 0.65812547 -0.07966127
v 0.16330385 0.72104992 -0.09603173
v 0.17773737 0.71316334 -0.07059444
v 0.14990223 0.69132138 -0.06961539
v 0.13809765 0.71014887 -0.10354763
v 0.17616856 0.74460418 -0.10807897
v 0.14443493 0.73944551 -0.12844001
v 0.20095647 0.74308567 -0.07697173
v 0.03199096 0.69189487 0.3590434
v 0.06126564 0.69252627 0.35276437
v -0 0.69182419 0.36143834
v -0 0.66793746 0.3518749
v 0.03680978 0.66763492 0.34790896
v 0.07032852 0.66770032 0.33753876
v 0.13373198 0.9938779 0.38625259
v 0.09788393 1.03068824 0.39214359
v 0.15834321 0.95532702 0.3796867
v 0.18908686 0.75943411 0.31090972
v 0.19963294 0.78423538 0.31243671
v 0.17054679 0.7362664 0.31409072
v 0.08669339 0.69472309 0.34362903
v 0.11306213 0.70148609 0.33224861
v 0.09911279 0.66947717 0.32194541
v 0.20437888 0.80951413 0.31835252
v 0.20265185 0.83592416 0.32859586
v 0.17287366 0.92241014 0.37010869
v 0.18316636 0.89313754 0.35742036
v 0.19418045 0.86414328 0.34258767
v 0.05174725 1.05684616 0.39886007
v 0 1.0666531 0.40231697
v 0.14301802 0.71628158 0.32183616
v 0.12160434 0.89037821 0.52054109
v 0.11929561 0.87556217 0.53531559
v 0.1828921 0.16296051 -0.57450761
v 0.15630718 0.09606849 -0.56472949
v 0.07878288 0.1021241 -0.60617591
v 0.09474449 0.17160876 -0.62404997
v 0.12622487 0.04267616 -0.55235003
v 0.06111122 0.04489581 -0.58425332
v 0 0.04586174 -0.59509692
v 0 0.10480028 -0.62208462
v 0 0.17544866 -0.64453444
v 0.19168679 0.28904692 -0.58729648
v 0.19290284 0.22736419 -0.5817432
v 0.10107742 0.23407947 -0.63536662
v 0.10101041 0.29118323 -0.64235965
v -0 0.23710489 -0.65835169
v 0 0.29223985 -0.66616178
v 0.17415136 0.40957331 -0.58919141
v 0.18654275 0.35052728 -0.59117743
v 0.09893629 0.3483736 -0.64666984
v 0.09275683 0.4054128 -0.64282331
v -0 0.34758941 -0.67024259
v 0 0.40377665 -0.66475809
v 0.11995924 0.51062237 -0.56182482
v 0.15056732 0.46325767 -0.57799128
v 0.0800712 0.4602601 -0.6263742
v 0.06375919 0.50935414 -0.60410284
v -0 0.45916956 -0.64505782
v -0 0.50922841 -0.61934589
v 0.257817 0.52739132 0.30019215
v 0.28701754 0.48373423 0.33144456
v 0.31107439 0.49434235 0.25647429
v 0.2748508 0.53543822 0.23013086
v 0.31066169 0.42980494 0.35777416
v 0.34177015 0.4407889 0.28271348
v 0.36979409 0.45306719 0.19382574
v 0.32805295 0.5042669 0.17101331
v 0.28474133 0.54267806 0.15085017
v 0.33747467 0.51090891 0.07104302
v 0.28972314 0.5469282 0.05937098
v 0.37473058 0.47898257 0.07786278
v 0.37824209 0.48137603 -0.02246415
v 0.3403604 0.51195126 -0.02462528
v 0.28923014 0.54795552 -0.02917781
v 0.27319734 0.54303609 -0.16018164
v 0.32730396 0.50504213 -0.16425583
v 0.3164603 0.49997997 -0.22651462
v 0.26263018 0.53941647 -0.21891112
v 0.36470658 0.47183996 -0.16854712
v 0.35281556 0.46446003 -0.23349427
v 0.33681077 0.45603026 -0.29918796
v 0.30081576 0.49348172 -0.29161752
v 0.2478978 0.53444019 -0.28167803
v 0.19702704 0.5198743 -0.42515181
v 0.24593219 0.47470609 -0.43575994
v 0.20469385 0.4678671 -0.51107441
v 0.16323876 0.51411229 -0.4987237
v 0.28986607 0.41990565 -0.44031538
v 0.23651938 0.41505758 -0.52023245
v 0.1036838 0.51291995 0.50288911
v 0.11255462 0.46184856 0.55061204
v 0.16601333 0.46427712 0.51397008
v 0.15234459 0.51391449 0.46942335
v 0.12024308 0.4059943 0.58223463
v 0.17735601 0.40916874 0.54366507
v 0.22925282 0.41363908 0.49260635
v 0.21433538 0.46815946 0.46468873
v 0.195768 0.51629658 0.42425449
v 0.33074066 0.35915424 0.37817089
v 0.36499318 0.36567148 0.3089428
v 0.34635624 0.27755912 0.38097613
v 0.38031911 0.27920926 0.31501386
v 0.40471778 0.28042115 0.26043127
v 0.39075904 0.36934454 0.24999796
v 0.34730896 0.3725267 -0.37956441
v 0.35433903 0.39432807 -0.34521946
v 0.36610812 0.38218047 -0.33492063
v 0.36027688 0.36291707 -0.36300723
v 0.36748371 0.40738121 -0.29533058
v 0.37772644 0.39463023 -0.29106476
v 0.38888572 0.37431608 -0.28837784
v 0.37662095 0.36468612 -0.32863261
v 0.36954563 0.35469646 -0.35099691
v 0.42934389 0.1500243 0.12490482
v 0.43594902 0.12779737 0.046361
v 0.44270742 0.13768687 0.03858207
v 0.43620205 0.15795804 0.11181489
v 0.44204323 0.12500998 -0.03757121
v 0.44943759 0.13520077 -0.04208059
v 0.45812196 0.15950858 -0.04287656
v 0.45089534 0.16107338 0.03725003
v 0.44378963 0.17033688 0.09624276
v 0.30218851 0.35232878 -0.46381396
v 0.25402749 0.35320178 -0.52494135
v 0.31350431 0.28560238 -0.4663248
v 0.26329549 0.28711447 -0.52359732
v 0.12653916 0.34406804 0.60105492
v 0.18685847 0.34597048 0.56109455
v 0.13321195 0.27479723 0.60392842
v 0.19676039 0.27441403 0.56216225
v 0.2547882 0.27471705 0.5092395
v 0.24209475 0.3487857 0.50929926
v 0.3540892 0.19435588 0.35823152
v 0.38490777 0.19338431 0.29005059
v 0.34332551 0.12089223 0.32742847
v 0.37224341 0.11891005 0.25318761
v 0.39939672 0.11552177 0.16564271
v 0.40748797 0.19402634 0.23216928
v 0.43926271 0.1261302 -0.11066959
v 0.44706531 0.13640585 -0.11310374
v 0.43135967 0.13077672 -0.17570683
v 0.43893699 0.14140437 -0.17654627
v 0.44659509 0.16506417 -0.17647217
v 0.45577742 0.16065597 -0.11381501
v 0.38043921 0.42118509 -0.23539866
v 0.39021459 0.4087491 -0.23457211
v 0.39208947 0.43419516 -0.17071625
v 0.40200563 0.42219958 -0.17167226
v 0.41638301 0.3970562 -0.17241231
v 0.40290321 0.38593846 -0.23403042
v 0.32154121 0.21826304 -0.46022528
v 0.2675801 0.22052975 -0.5185255
v 0.32840254 0.14622975 -0.43718446
v 0.25936396 0.15349341 -0.51150951
v 0.14023681 0.1992544 0.58808713
v 0.20655895 0.19700393 0.54386857
v 0.13843538 0.1278761 0.5587115
v 0.2030269 0.12498573 0.51428619
v 0.2601521 0.12317491 0.45940604
v 0.26589361 0.19565555 0.48887852
v 0.30785691 0.06668328 0.30757895
v 0.33786866 0.06540579 0.23094731
v 0.26629446 0.03190238 0.29832832
v 0.29811309 0.03148743 0.22131857
v 0.32275031 0.03111908 0.13600888
v 0.36123999 0.06358453 0.14535379
v 0.37685943 0.06132265 0.05338216
v 0.40982508 0.09428074 0.05745163
v 0.33970282 0.03098108 0.04854293
v 0.34811464 0.03099475 -0.03414208
v 0.38436287 0.06092223 -0.03337832
v 0.41635559 0.09206005 -0.03316625
v 0.40718878 0.09448427 -0.1749477
v 0.37651649 0.06201112 -0.17429795
v 0.3687168 0.06404736 -0.23968356
v 0.39994902 0.09894139 -0.2396157
v 0.34226853 0.03133485 -0.1740702
v 0.33403765 0.03197435 -0.24010787
v 0.32060998 0.03318613 -0.30655757
v 0.3557673 0.06774505 -0.30555827
v 0.38762485 0.10609468 -0.30391264
v 0.29183168 0.08200351 -0.44014139
v 0.23009321 0.08920795 -0.50677149
v 0.2571263 0.03748148 -0.43948479
v 0.1959255 0.04008715 -0.50162325
v 0.20781047 0.5785591 -0.15915771
v 0.2208234 0.58146735 -0.10258624
v 0.28280144 0.54622402 -0.10030545
v 0.13768248 0.60371756 -0.1600271
v 0.15204836 0.60673727 -0.10785715
v 0.23254825 0.58336535 -0.03587926
v 0.22282381 0.56734169 0.26472163
v 0.20224845 0.56345109 0.32245504
v 0.23135365 0.52079996 0.3662369
v 0.17567997 0.59678868 0.28451472
v 0.15309027 0.59587284 0.32605803
v 0.17348324 0.56096541 0.37233306
v 0.1397153 0.56462471 -0.41517437
v 0.16189332 0.56907505 -0.34242808
v 0.22560865 0.5273332 -0.35118796
v 0.08013627 0.61145909 -0.40866286
v 0.09795865 0.60231631 -0.33462438
v 0.11301933 0.60093749 -0.27083318
v 0.1813615 0.57276792 -0.27483626
v 0.24033067 0.58201672 0.04673066
v 0.24094165 0.57828192 0.13062909
v 0.1207691 0.07154733 0.52352338
v 0.17635421 0.06954566 0.48352568
v 0.09791279 0.03358281 0.49246173
v 0.14312316 0.03289215 0.4587781
v 0.18631947 0.03246037 0.41531844
v 0.22673085 0.06829384 0.43353312
v 0.08697618 0.59442615 0.38187883
v 0.09455566 0.55906905 0.43945366
v 0.13699417 0.55942522 0.41061645
v 0.12337311 0.5947043 0.35753652
v -0 0.55084128 -0.59734382
v 0.0478697 0.55055546 -0.58439462
v 0 0.58951511 -0.58198732
v 0.03584748 0.58893181 -0.5708297
v 0.06487344 0.59086136 -0.53714395
v 0.08882602 0.55199322 -0.54658422
v 0 0.00397488 0.28852034
v 0.07478877 0.00396181 0.28808113
v 0.06075029 0.0039605 0.34264185
v 0 0.00397397 0.34232617
v 0.13859032 0.00387049 0.28821382
v 0.11353827 0.00386876 0.34445753
v 0.08743567 0.00385657 0.38655865
v 0.04639385 0.00395137 0.38371159
v 0 0.0039679 0.38310396
v 0 0.00397488 -0.41387663
v 0.07356866 0.00399209 -0.41693961
v 0.08956575 0.00397693 -0.36313506
v 0 0.00397485 -0.36060227
v 0.13566595 0.00411275 -0.42343567
v 0.16448989 0.00399138 -0.36814507
v 0.18365972 0.00393158 -0.30645895
v 0.10040199 0.00396943 -0.30396578
v 0 0.00397488 -0.3027341
v 0.11798092 0.55752849 -0.48699148
v 0.08110515 0.59916918 -0.48216511
v 0.33214461 0.0737236 -0.37239034
v 0.36467502 0.11759277 -0.36792012
v 0.29739761 0.03508978 -0.37348582
v 0.41146148 0.15422861 -0.29569963
v 0.39363697 0.16853154 -0.34364474
v 0.40132344 0.17938472 -0.33369465
v 0.4179308 0.16589265 -0.2914877
v 0.37655558 0.19236707 -0.37719721
v 0.38614008 0.20044423 -0.36118379
v 0.39309986 0.20784908 -0.34963097
v 0.40544675 0.19648381 -0.32775126
v 0.42161673 0.1858384 -0.2887734
v 0.35981674 0.28354556 -0.3978697
v 0.35122203 0.33345541 -0.39511988
v 0.36387286 0.32826843 -0.37511257
v 0.37141106 0.28278119 -0.37724758
v 0.37464442 0.32670343 -0.35513118
v 0.38227145 0.28207696 -0.35631299
v 0.27730727 0.48464816 -0.36151877
v 0.31512484 0.44509725 -0.36614467
v 0 0.00469537 -0.50064993
v 0.04009593 0.00469521 -0.49934013
v 0.05424649 0.00409922 -0.46377438
v 0 0.00406492 -0.46222053
v 0.07264034 0.00479233 -0.49485553
v 0.09989273 0.00436417 -0.46823685
v -0 0.63682182 -0.3685923
v 0 0.62236819 -0.32116059
v 0.04553026 0.61859654 -0.32529225
v 0.03842801 0.63230654 -0.37703991
v 0 0.61620281 -0.26740262
v 0.05347628 0.61368652 -0.26833113
v 0.0526733 0.68763737 -0.46737571
v 0.04265995 0.72430281 -0.48981383
v 0.02527411 0.72934982 -0.47509162
v 0.03117972 0.69397658 -0.44566158
v 0.03246138 0.74612038 -0.50655482
v 0.01920492 0.75358878 -0.50362104
v 0 0.75541427 -0.50237035
v 0 0.73096334 -0.47106673
v -0 0.69619684 -0.43915483
v 0.04672284 0.67212624 -0.54064552
v 0.03811963 0.71210979 -0.54427867
v 0.04615966 0.71788516 -0.51711577
v 0.05715279 0.67861131 -0.50397011
v 0.02990958 0.73735314 -0.54328347
v 0.03215214 0.74609828 -0.52637644
v -0 0.67373128 -0.56919016
v -0 0.71350018 -0.56426609
v 0.02134101 0.71232294 -0.559842
v 0.02597307 0.67213983 -0.56256201
v -0 0.74416093 -0.55304229
v 0.01738398 0.74277563 -0.55057624
v 0.06487344 0.59086136 -0.53714395
v 0.05313185 0.63074766 -0.53643653
v 0.06458437 0.63881642 -0.49048268
v 0.08110515 0.59916918 -0.48216511
v 0.05917058 0.65014533 -0.44321562
v 0.08013627 0.61145909 -0.40866286
v 0 0.75541427 -0.50237035
v 0.01920492 0.75358878 -0.50362104
v 0.01675687 0.7577607 -0.53046301
v 0 0.75951405 -0.53125546
v 0.01738398 0.74277563 -0.55057624
v -0 0.74416093 -0.55304229
v 0 0.58951511 -0.58198732
v -0 0.63104137 -0.57364341
v 0.02966042 0.62978429 -0.56465157
v 0.03584748 0.58893181 -0.5708297
v 0.03422191 0.65936645 -0.41512742
v 0.03842801 0.63230654 -0.37703991
v -0 0.66263736 -0.40656678
v -0 0.63682182 -0.3685923
v 0.23533215 0.57282237 0.20235604
v 0.27076017 0.06750658 0.37496199
v 0.30668397 0.12205609 0.39649971
v 0.22815291 0.03218779 0.36254911
v 0.31487403 0.19498544 0.42594377
v 0.30461302 0.27589325 0.44755974
v 0.2899358 0.35325115 0.44688685
v 0.273553 0.42057307 0.42907333
v 0.25486477 0.47470761 0.40217105
v 0.07932509 0.62879369 0.33763262
v 0.04181338 0.62996894 0.35291336
v 0.04311109 0.61639532 0.36758889
v 0.08231626 0.61484375 0.35026468
v 0 0.63092867 0.35927692
v 0 0.61758375 0.37504391
v 0 0.5970907 0.40951474
v 0.04498257 0.59593879 0.40124242
v 0.13326017 0.62953883 0.29177929
v 0.10936139 0.62914846 0.31772491
v 0.11453809 0.6150907 0.3287474
v 0.14001318 0.61586333 0.30117584
v 0.15966336 0.61567069 0.26475159
v 0.1528482 0.62834855 0.25758111
v 0.11317554 0.87954941 -0.21824528
v 0 0.00397488 0.13556112
v 0.09514965 0.00396181 0.13442184
v 0.08606333 0.00396177 0.21688841
v 0 0.00397485 0.21789917
v 0.17462879 0.00387049 0.13278168
v 0.1585851 0.00387049 0.21572158
v 0.21356359 0.00629347 0.29296139
v 0.24087295 0.00629347 0.2175898
v 0.26753004 0.01362523 0.21825811
v 0.23713048 0.01367708 0.29474554
v 0.26236192 0.00629347 0.13292658
v 0.29124062 0.01357918 0.13307609
v 0.2794708 0.00629376 0.04669759
v 0.30853509 0.01356213 0.04676033
v 0.29026974 0.00629598 -0.03491532
v 0.31822075 0.01356536 -0.03467432
v 0.29005066 0.00633487 -0.17579343
v 0.28348591 0.00640552 -0.24272253
v 0.30769106 0.01376315 -0.24150988
v 0.31530499 0.01363462 -0.1748959
v 0.27029436 0.00653785 -0.30928267
v 0.29421208 0.01400556 -0.30817751
v 0.20687642 0.00726258 -0.43484576
v 0.151523 0.00806536 -0.48606804
v 0.17099198 0.01591839 -0.49461007
v 0.2304418 0.01504074 -0.43784976
v 0.09284811 0.0088909 -0.52268451
v 0.1061465 0.01680957 -0.53780256
v 0.24617986 0.00677715 -0.37447208
v 0.27059454 0.01440804 -0.3744489
v 0.14196882 0.00628998 0.39919857
v 0.17935295 0.00629304 0.35290668
v 0.20023713 0.0137127 0.35653217
v 0.16038345 0.01374638 0.40537685
v 0.04322295 0.00941901 -0.54102288
v 0.04990538 0.01745011 -0.56172434
v 0 0.00959304 -0.54566022
v 0 0.01769047 -0.56872787
v 0.0460865 0.77371395 -0.19800341
v -0 0.76810283 -0.19874832
v 0.06990299 0.00627955 0.45992717
v 0.10540384 0.00628346 0.43485035
v 0.12097615 0.01379957 0.44421505
v 0.08157714 0.01388539 0.47292434
v 0.10626393 0.00396529 -0.24047599
v 0 0.00397485 -0.24001316
v 0.19399954 0.00389849 -0.24151929
v 0.19866916 0.00388082 -0.17513167
v 0.10889437 0.00396311 -0.17463287
v 0 0.00397488 -0.17444572
v 0.19563963 0.57580091 -0.21479086
v 0.12540504 0.60176114 -0.21326911
v 0.38291236 0.06115942 -0.10766631
v 0.41408825 0.09256523 -0.10857679
v 0.34788284 0.03107006 -0.107091
v 0.40611838 0.44726199 -0.02624331
v 0.40339299 0.44459698 0.0659604
v 0.41344851 0.43282984 0.05698737
v 0.41605282 0.43517594 -0.03127646
v 0.40376924 0.41935073 0.14840334
v 0.41385815 0.40991577 0.13366882
v 0.42474143 0.39585953 0.11465579
v 0.42805854 0.40621291 0.05242553
v 0.43136244 0.4075729 -0.03390883
v 0.42767351 0.28084329 0.20471844
v 0.42955808 0.20485645 0.17993613
v 0.43760655 0.20859547 0.16210002
v 0.43712897 0.28050473 0.18509123
v 0.44772634 0.21138149 0.12446841
v 0.44842332 0.28012762 0.1430507
v 0.33607906 0.50938312 -0.10062735
v 0.37419435 0.47782448 -0.10187697
v 0.06068434 0.61253125 -0.2125687
v -0 0.61417278 -0.21233505
v 0 0.61449723 -0.16131678
v 0.068322 0.61343054 -0.16094641
v 0.07715322 0.61549575 -0.11568397
v -0 0.61602034 -0.11913414
v -0 0.61771474 -0.08794125
v 0.08261623 0.61802132 -0.07974425
v 0.07885524 0.62034135 -0.05887264
v 0 0.6191746 -0.06818392
v 0 0.62235032 -0.056107
v 0.0739228 0.62406471 -0.04764993
v 0.29301156 0.00630455 -0.10795182
v 0.31958548 0.01358068 -0.10741313
v 0.03475788 0.00391975 0.41572175
v 0 0.00394182 0.41588926
v 0.06512344 0.00382358 0.41770236
v 0.05056189 0.00377135 0.43625541
v 0.02852399 0.00382181 0.44000068
v 0 0.00384265 0.4418235
v -0 0.13350295 0.60114979
v 0 0.07547329 0.56149535
v 0.06136739 0.07412375 0.55110713
v 0.07006314 0.1315721 0.58951593
v 0 0.03493975 0.5230962
v 0.04980898 0.03447311 0.51488465
v 0 0.2758569 0.64247884
v -0 0.20359156 0.62963722
v 0.07077634 0.2021084 0.61834196
v 0.06714032 0.27548117 0.63208097
v 0 0.40182166 0.61829638
v 0 0.34166519 0.63806231
v 0.06379536 0.34242386 0.62803238
v 0.06065636 0.40315127 0.60844341
v -0 0.51241552 0.53483677
v 0 0.45881336 0.58484106
v 0.05676794 0.45977536 0.57547405
v 0.05241896 0.51251538 0.5259863
v -0 0.5606318 0.4693306
v 0.04823976 0.55994378 0.46072232
v 0 0.63092867 0.35927692
v 0.04181338 0.62996894 0.35291336
v 0.0400078 0.64647847 0.34635683
v -0 0.64713301 0.35160914
v 0.07932509 0.62879369 0.33763262
v 0.07604702 0.64589053 0.3331369
v 0.10936139 0.62914846 0.31772491
v 0.10547915 0.64674769 0.3146217
v 0.13326017 0.62953883 0.29177929
v 0.13057321 0.64720829 0.28899068
v 0.1528482 0.62834855 0.25758111
v 0.15242901 0.64439497 0.25443493
v 0.16739632 0.62671443 0.21540099
v 0.1686267 0.64074581 0.21247188
v 0.17547942 0.62609034 0.16562446
v 0.1770958 0.63810786 0.16297005
v 0.17544461 0.6264455 0.10661183
v 0.1762789 0.63699324 0.1050917
v 0.16410203 0.62714673 0.04008952
v 0.1633922 0.63722889 0.04106837
v 0.13234179 0.62663576 -0.01672633
v 0.13035311 0.63637711 -0.01354344
v 0.0739228 0.62406471 -0.04764993
v 0.07180577 0.63209466 -0.04196065
v 0 0.62235032 -0.056107
v 0 0.62942818 -0.04933136
v 0 0.00628652 0.47851681
v 0.03485848 0.00628304 0.47411335
v 0.04113631 0.01399715 0.4906558
v 0 0.0140559 0.49671271
v 0.20802819 0.00401677 0.21638147
v 0.18345248 0.0040168 0.29035209
v 0.22757546 0.0040168 0.13258988
v 0.26236192 0.00629347 0.13292658
v 0.24087295 0.00629347 0.2175898
v 0.21356359 0.00629347 0.29296139
v 0.18823673 0.00387055 0.04699982
v 0.2439251 0.00401697 0.04665456
v 0.19744827 0.00387111 -0.03470617
v 0.25483474 0.0040186 -0.03494846
v 0.29026974 0.00629598 -0.03491532
v 0.2794708 0.00629376 0.04669759
v 0.25014259 0.0040973 -0.24255613
v 0.25591344 0.00404654 -0.17573638
v 0.23764507 0.00419243 -0.30856883
v 0.27029436 0.00653785 -0.30928267
v 0.28348591 0.00640552 -0.24272253
v 0.29005066 0.00633487 -0.17579343
v 0.13004612 0.00529938 -0.47668669
v 0.1782349 0.00471334 -0.42985997
v 0.08088765 0.00591999 -0.50817894
v 0.09284811 0.0088909 -0.52268451
v 0.151523 0.00806536 -0.48606804
v 0.20687642 0.00726258 -0.43484576
v 0.21442248 0.0043644 -0.37230027
v 0.24617986 0.00677715 -0.37447208
v 0.1523985 0.00401553 0.34846436
v 0.11901263 0.0040068 0.39244157
v 0.17935295 0.00629304 0.35290668
v 0.14196882 0.00628998 0.39919857
v 0.03833159 0.00627234 -0.52255045
v 0 0.00638834 -0.52582873
v 0 0.00959304 -0.54566022
v 0.04322295 0.00941901 -0.54102288
v 0.08784938 0.00398681 0.42525262
v 0.05894268 0.00397204 0.44711965
v 0.10540384 0.00628346 0.43485035
v 0.06990299 0.00627955 0.45992717
v 0.20034684 0.00387326 -0.10761849
v 0.25812147 0.00402473 -0.10795367
v 0.29301156 0.00630455 -0.10795182
v 0.02977417 0.0039856 0.4583665
v 0 0.00399679 0.46166291
v 0.03485848 0.00628304 0.47411335
v 0 0.00628652 0.47851681
v 0 0.00397488 0.04896211
v 0.1028866 0.00396184 0.04818963
v 0 0.00397488 -0.03389878
v 0.10814391 0.00396184 -0.03419869
v 0 0.00397488 -0.107209
v 0.10981961 0.00396216 -0.10732433
v 0.44204323 0.12500998 -0.03757121
v 0.43594902 0.12779737 0.046361
v 0.42774266 0.1158853 0.05345015
v 0.43371892 0.11294157 -0.03438465
v 0.42934389 0.1500243 0.12490482
v 0.42101709 0.13951081 0.1385592
v 0.41146148 0.15422861 -0.29569963
v 0.42313401 0.1411002 -0.23820632
v 0.4159807 0.12486847 -0.23907714
v 0.40411338 0.13554247 -0.30031392
v 0.43135967 0.13077672 -0.17570683
v 0.42349536 0.11718993 -0.17527636
v 0.40376924 0.41935073 0.14840334
v 0.40339299 0.44459698 0.0659604
v 0.39406405 0.45767954 0.07386054
v 0.39387636 0.43072019 0.16364324
v 0.40611838 0.44726199 -0.02624331
v 0.39717427 0.46053705 -0.02300451
v 0.39208947 0.43419516 -0.17071625
v 0.38043921 0.42118509 -0.23539866
v 0.37115605 0.43829251 -0.23589951
v 0.38316917 0.44878021 -0.1702571
v 0.36748371 0.40738121 -0.29533058
v 0.35647567 0.42694764 -0.29945392
v 0.42767351 0.28084329 0.20471844
v 0.41546987 0.3595663 0.19541531
v 0.40609895 0.36524584 0.21515042
v 0.41875608 0.28090802 0.22567593
v 0.42955808 0.20485645 0.17993613
v 0.42125648 0.19953923 0.19864733
v 0.37655558 0.19236707 -0.37719721
v 0.39363697 0.16853154 -0.34364474
v 0.38396781 0.14946074 -0.35611343
v 0.36315051 0.17649452 -0.39917532
v 0.35433903 0.39432807 -0.34521946
v 0.33944322 0.41454382 -0.35760929
v 0.34730896 0.3725267 -0.37956441
v 0.32853392 0.3900372 -0.40214128
v 0.35981674 0.28354556 -0.3978697
v 0.36676446 0.23302657 -0.39349023
v 0.35157194 0.22529203 -0.41987441
v 0.34320905 0.28444878 -0.42541638
v 0.35122203 0.33345541 -0.39511988
v 0.33291863 0.34306263 -0.42210093
v 0.43926271 0.1261302 -0.11066959
v 0.43096591 0.11378745 -0.10929412
v 0.4018555 0.44293718 -0.10379659
v 0.39299863 0.45640578 -0.10258189
v 0.43675503 0.35124581 0.13679398
v 0.44690148 0.35166727 0.05962239
v 0.46048587 0.27989688 0.06254848
v 0.46711722 0.27983874 -0.03040672
v 0.45204161 0.35156132 -0.03143594
v 0.43491412 0.34626562 -0.17217124
v 0.41803793 0.34029932 -0.23389088
v 0.44927292 0.28013226 -0.17243453
v 0.43072753 0.28040492 -0.23426714
v 0.41150536 0.28080888 -0.28819514
v 0.40072024 0.33401596 -0.28787173
v 0.4594389 0.21081102 0.050759
v 0.46693983 0.21073358 -0.03652698
v 0.45193435 0.21456223 -0.17447604
v 0.43628942 0.2202504 -0.23518256
v 0.43530107 0.17449161 -0.23630296
v 0.4191546 0.2269426 -0.28810871
v 0.40256934 0.23271635 -0.32732127
v 0.39527654 0.2813926 -0.32818359
v 0.38856482 0.23679386 -0.35422381
v 0.38622338 0.32934997 -0.32780775
v 0.46361486 0.21166166 -0.11068101
v 0.46272491 0.27993297 -0.10739825
v 0.44745522 0.34993445 -0.10752622
v 0.42702448 0.40421982 -0.10825789
v 0.41546987 0.3595663 0.19541531
v 0.42547646 0.35488083 0.17657871
v 0.4018555 0.44293718 -0.10379659
v 0.41179773 0.43098894 -0.106427
v 0.42313401 0.1411002 -0.23820632
v 0.42989136 0.15240647 -0.23729748
v 0.36676446 0.23302657 -0.39349023
v 0.3776137 0.23662914 -0.37386292
v 0.17225442 1.05659168 -0.16510661
v -0.0457676 0.89094763 0.4998317
v -0.04535963 0.91158786 0.52679338
v -0.06019366 0.9039396 0.52776357
v -0.06103917 0.88426313 0.50002891
v -0.04584592 0.93220685 0.55325185
v -0.06037207 0.92389006 0.55502968
v -0.07647389 0.91283911 0.55847827
v -0.07664804 0.89272265 0.53086877
v -0.07770744 0.87360236 0.50284773
v -0.04949182 0.82127227 0.43581761
v -0.0646678 0.81977942 0.43444544
v -0.06480397 0.81090368 0.43131934
v -0.0495733 0.81203961 0.43203968
v -0.08037882 0.81646537 0.43263257
v -0.07991996 0.80867549 0.43012932
v -0.08041473 0.80050782 0.43174535
v -0.06546242 0.80170459 0.4325151
v -0.0498245 0.80271316 0.43276421
v -0.02802372 0.98234379 0.478223
v -0.02803385 0.98657437 0.50340842
v -0.0563961 0.96159825 0.47300763
v -0.05647717 0.9672571 0.49938362
v -0.05692979 0.97762902 0.52766459
v -0.02809043 0.9942729 0.53092664
v -0.05831734 1.00285343 0.57625531
v -0.08993515 0.98597111 0.57166906
v -0.08738371 0.99749928 0.59053094
v -0.05752646 1.01045031 0.5958956
v -0.11483265 0.96523567 0.5730187
v -0.10964351 0.98090887 0.5896286
v -0.10097525 0.99042872 0.6017775
v -0.0833784 1.00188653 0.60626524
v -0.05626203 1.01124259 0.61173415
v -0.1271442 0.8068398 0.42403743
v -0.14351594 0.80624847 0.41180767
v -0.14126073 0.80047848 0.40961176
v -0.12406293 0.80212046 0.42174032
v -0.15300322 0.80849393 0.39700931
v -0.15259309 0.80074885 0.39541314
v -0.15188765 0.79417739 0.39550416
v -0.13943561 0.79583178 0.41025163
v -0.12212004 0.79800875 0.42302789
v -0.08603921 0.95675849 0.52655239
v -0.08868311 0.97165857 0.55090832
v -0.05785354 0.99069612 0.55352082
v -0.11002852 0.93338683 0.53283461
v -0.11362865 0.94941623 0.55509964
v -0.12251891 0.83665013 0.47034043
v -0.13043049 0.84575001 0.45510149
v -0.13508963 0.83461593 0.44027424
v -0.12443716 0.82839519 0.45557366
v -0.13067863 0.85941821 0.43378725
v -0.13871502 0.84447783 0.4188187
v -0.14611119 0.83056844 0.40662895
v -0.13953595 0.82382634 0.42735891
v -0.12636762 0.82024477 0.44234036
v -0.12093995 0.84506707 0.48686958
v -0.12623586 0.8572712 0.47117937
v -0.11982664 0.85713219 0.50800621
v -0.12279918 0.87192834 0.49199419
v -0.11120261 0.90019903 0.46726164
v -0.12312002 0.87564517 0.44877474
v -0.05081041 0.77977066 0.46922145
v -0.05043707 0.776989 0.48127548
v -0.02701798 0.77676304 0.48188226
v -0.02725063 0.77978432 0.46980756
v -0.04965279 0.77685484 0.49554776
v -0.02651649 0.77653026 0.49635709
v -0.04993251 0.73061802 0.42102716
v -0.04982924 0.73415467 0.45244867
v -0.07102784 0.73505066 0.45085383
v -0.07116499 0.73135178 0.41974162
v -0.04914657 0.7388682 0.48614192
v -0.07032613 0.74017885 0.48385906
v -0.09131217 0.742707 0.48064611
v -0.09350938 0.73723672 0.44608794
v -0.09525205 0.73364716 0.41376862
v -0.11880179 0.9352296 0.59790137
v -0.12465204 0.94616214 0.58588529
v -0.12513126 0.92810727 0.56999947
v -0.12046661 0.91606438 0.58347258
v -0.12271103 0.91008989 0.54871822
v -0.11962518 0.89657048 0.56262839
v -0.15859731 0.75195088 0.38115697
v -0.14054951 0.74956816 0.43190402
v -0.14490899 0.76043713 0.43991129
v -0.15463713 0.76191668 0.40572706
v -0.13020797 0.75407784 0.4763502
v -0.13611938 0.76386277 0.48024795
v -0.1355077 0.77506482 0.48690763
v -0.14109456 0.77251196 0.45340438
v -0.14739419 0.77337319 0.42529911
v -0.09782784 0.97359504 0.61454994
v -0.10257119 0.98334701 0.60953556
v -0.11721575 0.96578892 0.5990464
v -0.11152227 0.95544654 0.60763665
v -0.02579253 0.78115228 0.51319022
v -0.04865957 0.7813432 0.51164634
v -0.04936616 0.79035339 0.53181604
v -0.02561081 0.7905055 0.53497643
v -0.08536172 0.78120914 0.49427519
v -0.10657242 0.78726664 0.49620406
v -0.10516603 0.79096854 0.51428948
v -0.08465845 0.78477751 0.50941636
v -0.12468656 0.79037507 0.49692501
v -0.12270495 0.79470338 0.51936459
v -0.1124816 0.80026739 0.54149127
v -0.09764117 0.79572655 0.53142189
v -0.08408883 0.78958689 0.5219748
v -0.02508781 0.93829264 0.55144918
v -0.02470878 0.91633367 0.52590675
v -0.02484506 0.89422493 0.4997368
v -0.04864508 0.86135409 0.46624486
v -0.04930126 0.84917421 0.45569243
v -0.02708759 0.85097349 0.45627997
v -0.02666065 0.86363489 0.46664224
v -0.04941195 0.83843396 0.44743517
v -0.0271507 0.83966623 0.44818276
v -0.04748268 0.96018974 0.5833069
v -0.0467956 0.94830164 0.57161807
v -0.02557364 0.95470557 0.56918899
v -0.02577818 0.96635136 0.58082077
v -0.04829117 0.9773212 0.60196926
v -0.04753501 0.96937946 0.59206589
v -0.02553217 0.97536132 0.59024607
v -0.02552123 0.98310165 0.60132578
v -0.05941643 0.79554137 0.58667503
v -0.05914578 0.78456573 0.58550535
v -0.02829969 0.7848747 0.59453252
v -0.02840126 0.79615284 0.59582518
v -0.05725124 0.77417226 0.57968402
v -0.02758869 0.77419749 0.58784999
v -0.10855707 0.91633263 0.50329271
v -0.08481633 0.94322545 0.49753127
v -0.08480096 0.93489393 0.46882521
v -0.0471707 0.8746089 0.48001762
v -0.02570309 0.87719623 0.48027677
v -0.05078803 0.78794146 0.45063599
v -0.06837566 0.78708596 0.44973697
v -0.06888954 0.7828951 0.45848798
v -0.05094313 0.78328632 0.45977
v -0.08541348 0.78731411 0.44723721
v -0.0863531 0.7839538 0.45594392
v -0.08619471 0.78201926 0.46599781
v -0.06875108 0.78001902 0.46785189
v -0.05372529 0.99448252 0.62405525
v -0.05528814 1.00454265 0.62233148
v -0.08128225 0.9963888 0.6171256
v -0.07792334 0.98640197 0.62011405
v -0.02784273 1.00853008 0.62483475
v -0.0273499 0.99916209 0.62592938
v -0.02800696 1.01538527 0.61439867
v -0.02732271 0.78839472 0.45090831
v -0.02733274 0.78356245 0.46023966
v -0.1000465 0.90031796 0.56379872
v -0.1002006 0.87949613 0.53640862
v -0.11962518 0.89657048 0.56262839
v -0.11929561 0.87556224 0.53531559
v -0.11982664 0.85713219 0.50800621
v -0.10096732 0.86082973 0.50880228
v -0.15814996 0.81159851 0.38399105
v -0.15931906 0.80281823 0.38341427
v -0.16091568 0.81320231 0.37536149
v -0.16310168 0.80598661 0.37340031
v -0.16509139 0.79466321 0.37304055
v -0.16006695 0.79415176 0.38331137
v -0.07877412 0.85883634 0.48220834
v -0.06245692 0.86845901 0.47980424
v -0.07956617 0.84751806 0.46742269
v -0.06373779 0.85576507 0.46571043
v -0.06699892 0.78190769 0.50940345
v -0.06766591 0.77787273 0.49434235
v -0.06965083 0.78966944 0.52644855
v -0.1199666 0.78818991 0.54492463
v -0.11918477 0.77883924 0.54361813
v -0.09264993 0.78305951 0.567864
v -0.09318722 0.79306013 0.56886956
v -0.11371183 0.77014626 0.54091914
v -0.08888884 0.77359488 0.56370013
v -0.07771018 0.96487282 0.60295911
v -0.07890594 0.95667946 0.59761715
v -0.06396617 0.96267678 0.593736
v -0.06608053 0.97051654 0.60222382
v -0.07903644 0.94483708 0.58979637
v -0.06312237 0.95298962 0.58552028
v -0.07773036 0.93033649 0.57778146
v -0.06168328 0.94031739 0.57383862
v -0.0800107 0.83800616 0.45530838
v -0.06431705 0.84469998 0.45463548
v -0.08027471 0.82998396 0.4453846
v -0.0644651 0.83526515 0.44589348
v -0.08848785 0.75698152 0.52924886
v -0.08993783 0.75061428 0.51037106
v -0.06979262 0.74793248 0.51362424
v -0.07217891 0.75662584 0.53729065
v -0.0482667 0.7464447 0.51736318
v -0.04910865 0.75558152 0.5442832
v -0.02589708 0.73370125 0.45303299
v -0.02601865 0.73026178 0.4213614
v -0.02541365 0.73821079 0.48736539
v -0.08585707 0.78069048 0.47919489
v -0.06838013 0.77780635 0.48010959
v -0.0282059 1.003636 0.55624539
v -0.02826387 1.01190903 0.57872651
v -0.02816501 1.01637101 0.59844047
v -0.02716068 0.82179263 0.43638005
v -0.02717087 0.81245691 0.43231307
v -0.02720227 0.80314066 0.4328271
v -0.16089731 0.82061552 0.37051383
v -0.16540772 0.81015955 0.36413713
v -0.15912084 0.83394323 0.36716819
v -0.16803264 0.81373268 0.35598237
v -0.17111074 0.79318408 0.35432749
v -0.16826515 0.79437674 0.36323827
v -0.1303511 0.87592307 0.40256813
v -0.14442751 0.8561486 0.38457618
v -0.1413177 0.85194998 0.39941185
v -0.13015019 0.8697349 0.41576964
v -0.15142671 0.83542464 0.38661127
v -0.10743711 0.90979889 0.44075202
v -0.12072679 0.88820668 0.42997864
v -0.10712244 0.916132 0.42655212
v -0.1200685 0.89525801 0.41677445
v -0.0572234 0.96428632 0.43892982
v -0.05649233 0.96144633 0.4527754
v -0.02809144 0.98245549 0.45963011
v -0.02857263 0.98501653 0.4469082
v -0.08455014 0.93572455 0.44710981
v -0.08503675 0.93991587 0.43282531
v -0.15188765 0.79417739 0.39550416
v -0.16006695 0.79415176 0.38331137
v -0.16019087 0.78509446 0.38551883
v -0.15260869 0.78778442 0.39799564
v -0.16509139 0.79466321 0.37304055
v -0.16497265 0.78230716 0.37552883
v -0.16375644 0.77408782 0.37933679
v -0.15988605 0.77645137 0.38858285
v -0.15318079 0.78178319 0.40252363
v -0.02720227 0.80314066 0.4328271
v -0.02726428 0.79496044 0.44036497
v -0.0498245 0.80271316 0.43276421
v -0.0503206 0.79448407 0.44027404
v -0.06546242 0.80170459 0.4325151
v -0.06694207 0.79348718 0.43986366
v -0.08041473 0.80050782 0.43174535
v -0.08282619 0.79304233 0.43833262
v -0.12212004 0.79800875 0.42302789
v -0.13943561 0.79583178 0.41025163
v -0.14097879 0.79132827 0.4129665
v -0.12441564 0.79388048 0.42641069
v -0.14306567 0.7874018 0.4183584
v -0.12774638 0.79050883 0.43251957
v -0.02715491 0.83040276 0.44173965
v -0.04944561 0.82961253 0.44099897
v -0.14278927 0.81414212 0.41772176
v -0.12773157 0.81292113 0.43129832
v -0.15099166 0.81844428 0.39997237
v -0.06457153 0.82745826 0.43932449
v -0.08048648 0.82321582 0.43781445
v -0.1562878 0.82206348 0.38331509
v -0.16826515 0.79437674 0.36323827
v -0.16804445 0.77729718 0.36705419
v -0.17111074 0.79318408 0.35432749
v -0.16995593 0.77168065 0.35946565
v -0.16462051 0.76615642 0.37663366
v -0.10167807 0.84796346 0.48780179
v -0.12093995 0.84506707 0.48686958
v -0.12251891 0.83665013 0.47034043
v -0.10231046 0.83889123 0.47194019
v -0.08740604 0.96735406 0.60993976
v -0.09639327 0.95320068 0.60497839
v -0.09782784 0.97359504 0.61454994
v -0.11152227 0.95544654 0.60763665
v -0.11880179 0.9352296 0.59790137
v -0.10032498 0.93667958 0.59694152
v -0.10076369 0.9192982 0.58390181
v -0.12046661 0.91606438 0.58347258
v -0.10297073 0.83082358 0.45829752
v -0.12443716 0.82839519 0.45557366
v -0.12636762 0.82024477 0.44234036
v -0.10363402 0.8234853 0.44642876
v -0.10754181 0.78627617 0.46336246
v -0.10703263 0.78598178 0.47870801
v -0.12725569 0.78814186 0.45667324
v -0.12580425 0.78841542 0.47539429
v -0.10408017 0.81707515 0.43669355
v -0.12773157 0.81292113 0.43129832
v -0.1271442 0.8068398 0.42403743
v -0.10343919 0.81117375 0.43019413
v -0.10065086 0.79945251 0.42956
v -0.10331639 0.7938428 0.43452267
v -0.12212004 0.79800875 0.42302789
v -0.12441564 0.79388048 0.42641069
v -0.12774638 0.79050883 0.43251957
v -0.10672234 0.78949215 0.44196254
v -0.10104954 0.76263017 0.53570557
v -0.10955345 0.75544814 0.51053414
v -0.12465079 0.76237209 0.51237883
v -0.11337666 0.74711418 0.47722217
v -0.05311705 0.80195934 0.55662331
v -0.02655561 0.80257026 0.56232884
v -0.05729302 0.80900656 0.57728265
v -0.02777101 0.80993163 0.58529761
v -0.02633819 0.99070844 0.61567
v -0.0273499 0.99916209 0.62592938
v -0.05372529 0.99448252 0.62405525
v -0.05086056 0.98536074 0.61495075
v -0.07864648 0.79952828 0.54583471
v -0.08830298 0.80551171 0.56183845
v -0.07179157 0.9777488 0.61301793
v -0.07792334 0.98640197 0.62011405
v -0.10789083 0.78721242 0.45132483
v -0.12844047 0.78871819 0.44240462
v -0.10141422 0.80531375 0.42790648
v -0.12406293 0.80212046 0.42174032
v -0.12212004 0.79800875 0.42302789
v -0.10065086 0.79945251 0.42956
v -0.13151455 0.78122495 0.51768509
v -0.13027873 0.79048979 0.52001372
v -0.13307823 0.78535537 0.49334875
v -0.11903097 0.79679477 0.54530115
v -0.1124816 0.80026739 0.54149127
v -0.12270495 0.79470338 0.51936459
v -0.12468656 0.79037507 0.49692501
v -0.11978923 0.74176159 0.43728931
v -0.12643696 0.73910182 0.40012748
v -0.02600842 0.76448239 0.57181081
v -0.02469749 0.75512969 0.54814104
v -0.05298565 0.76470822 0.56565994
v -0.08033009 0.76498446 0.55375313
v -0.09257669 0.802184 0.56835028
v -0.08830298 0.80551171 0.56183845
v -0.05915099 0.80552895 0.58579674
v -0.05729302 0.80900656 0.57728265
v -0.13595707 0.78313367 0.46633709
v -0.12580425 0.78841542 0.47539429
v -0.12725569 0.78814186 0.45667324
v -0.13952722 0.78323239 0.44319254
v -0.02832248 0.80640897 0.59480501
v -0.02777101 0.80993163 0.58529761
v -0.02471623 0.74580695 0.51959714
v -0.14239572 0.78468994 0.42765138
v -0.12844047 0.78871819 0.44240462
v -0.15159355 0.77673337 0.409723
v -0.15898161 0.76833925 0.39193983
v -0.13081585 0.77126309 0.51488429
v -0.1735585 1.17554659 -0.02399681
v -0.16279383 1.15292418 -0.08212422
v -0.21444882 1.09491806 -0.08647073
v -0.23132376 1.11240508 -0.03034769
v -0.14999196 1.12686458 -0.12914542
v -0.19442102 1.07469793 -0.13133454
v -0.21874456 1.0213076 -0.13326379
v -0.24482539 1.03593788 -0.08973796
v -0.26672863 1.0481051 -0.03544862
v -0.11244462 0.77002658 -0.17089182
v -0.15963433 0.77514026 -0.14665215
v -0.173914 0.81085305 -0.15783717
v -0.13633649 0.81073949 -0.18282903
v -0.19395899 0.77850383 -0.11979459
v -0.20849331 0.81285951 -0.12769363
v -0.21926327 0.84885244 -0.13248194
v -0.18433237 0.84640158 -0.1646378
v -0.14666044 0.84565051 -0.19078232
v -0.27423865 0.85164554 -0.04466461
v -0.24969188 0.85096521 -0.09265717
v -0.23756684 0.81300064 -0.08953141
v -0.26096033 0.81166747 -0.042626
v -0.22135639 0.77786569 -0.08437086
v -0.24338959 0.77520429 -0.03895871
v -0.25888806 0.9857605 -0.09267649
v -0.28329428 0.9947749 -0.04042671
v -0.22953114 0.97437552 -0.13512321
v -0.23118117 0.93148922 -0.13607687
v -0.26179152 0.94041748 -0.09452458
v -0.2869185 0.94714957 -0.04416083
v -0.25808313 0.89454736 -0.09442581
v -0.28320926 0.89825181 -0.04540534
v -0.22714784 0.88905602 -0.13523051
v -0 1.23988386 -0.01198549
v 0 1.21428473 -0.07363584
v -0.0879458 1.19688306 -0.07656445
v -0.09310107 1.2219828 -0.01610642
v -0 1.18344959 -0.1253841
v -0.08179999 1.16719544 -0.12664779
v -0.18406461 0.72517643 0.279704
v -0.19908041 0.71508742 0.24459432
v -0.17748122 0.68831487 0.24715275
v -0.15915915 0.7000807 0.28488514
v -0.2124678 0.70663351 0.20344558
v -0.19264042 0.67988293 0.20536402
v -0.17711225 0.65861531 0.20925674
v -0.15982128 0.66493408 0.25192882
v -0.13162709 0.67459216 0.29524702
v -0.22106449 0.70017655 0.15068025
v -0.20111909 0.6736308 0.15467761
v -0.22198472 0.69755027 0.09008745
v -0.2008245 0.67093817 0.09634618
v -0.1850117 0.65179692 0.10185803
v -0.18592645 0.65397728 0.15941978
v -0.21338296 0.70013042 0.0280851
v -0.19033774 0.67313115 0.03418837
v -0.19729722 0.70598804 -0.02776033
v -0.17110861 0.6796734 -0.02381261
v -0.13604874 0.65558226 -0.02531111
v -0.17189007 0.65267429 0.03861699
v 0 1.12301036 0.36725107
v -0 1.1715793 0.32211344
v -0.08127558 1.16013055 0.31604978
v -0.06824898 1.11230245 0.36298812
v 0 1.20946922 0.26533304
v -0.09034754 1.19681454 0.25815782
v -0.16885517 1.15971162 0.2457608
v -0.15169957 1.12637758 0.30533378
v -0.12763851 1.08179346 0.35507993
v -0 1.23697215 0.19673066
v -0.09608719 1.22215937 0.19051822
v 0 1.25218012 0.12372428
v -0.09831613 1.23527204 0.11900448
v -0.18405609 1.18946947 0.11064446
v -0.17980504 1.18042808 0.17980357
v -0 1.25313548 0.05391195
v -0.09695248 1.23526663 0.04957922
v -0.18134975 1.1879726 0.04150239
v -0.22440114 0.90511111 0.32585922
v -0.2584687 0.91802921 0.28489769
v -0.25934707 0.8762828 0.27617296
v -0.22963998 0.86939872 0.31343947
v -0.28417557 0.93033917 0.23068032
v -0.28237505 0.88374549 0.2248182
v -0.27603747 0.84261837 0.21863947
v -0.25581213 0.83917591 0.26707286
v -0.2310061 0.83654463 0.30137409
v -0.30246777 0.94062444 0.1612693
v -0.29929101 0.89057636 0.1556951
v -0.31011375 0.94745733 0.08630081
v -0.30641732 0.89581549 0.0806697
v -0.29764229 0.84803114 0.07783344
v -0.29135423 0.84552147 0.15138099
v -0.30415702 0.94967032 0.0165583
v -0.30037309 0.89860495 0.01282854
v -0.29125604 0.85037936 0.01185157
v -0.19958231 0.98591947 0.34364911
v -0.23499528 1.01521177 0.29499912
v -0.25189485 0.96345178 0.29096937
v -0.21573408 0.94283586 0.3360879
v -0.26182898 1.03796113 0.2362519
v -0.27924044 0.98084445 0.23420117
v -0.279643 1.05090649 0.17051692
v -0.29800364 0.99254319 0.16646333
v -0.28666998 1.0557276 0.10057388
v -0.30562713 0.99849943 0.09374119
v -0.28165609 1.05477094 0.02983243
v -0.29996345 0.99919051 0.02296927
v -0.2481531 0.80746574 0.25982411
v -0.22721881 0.80760812 0.29205389
v -0.26609313 0.80808553 0.2141235
v -0.25194114 0.77530549 0.21017242
v -0.2360358 0.77746104 0.25356131
v -0.21815317 0.78031256 0.28518129
v -0.28006881 0.80835932 0.14959599
v -0.28539157 0.80878754 0.0781319
v -0.26844286 0.77243023 0.08075307
v -0.26434298 0.77340436 0.1492455
v -0.27811233 0.81001665 0.01320466
v -0.26038911 0.77310136 0.01664535
v -0.21929683 0.74582488 0.24754016
v -0.20387604 0.75241926 0.28038704
v -0.23327149 0.74006507 0.20578782
v -0.24350466 0.73549811 0.14921577
v -0.24602375 0.7334867 0.08478747
v -0.23785005 0.73506076 0.02186188
v -0.22165767 0.73891361 -0.03349786
v -0.20272147 1.07367195 0.29870357
v -0.17120671 1.035763 0.34910221
v -0.22603772 1.10203152 0.23885729
v -0.24115769 1.11814595 0.17373499
v -0.24703958 1.12403118 0.10519005
v -0.24306137 1.12219526 0.03533697
v -0.13234176 0.62663579 -0.01672633
v -0.14209699 0.62146949 -0.02501971
v -0.17413291 0.62074153 0.03759759
v -0.16410205 0.62714673 0.04008951
v -0.16647241 0.61218979 -0.04602326
v -0.19831473 0.60861695 0.03768179
v -0.20487482 0.60541189 0.11503942
v -0.18372921 0.61890606 0.10827878
v -0.17544461 0.62644553 0.10661183
v -0.1823841 0.61685751 0.16928356
v -0.1754794 0.62609037 0.16562444
v -0.20169178 0.60162564 0.18003346
v -0.1917109 0.59838978 0.23516428
v -0.17383721 0.61558445 0.22046569
v -0.1673963 0.62671443 0.21540099
v -0.04993251 0.73061802 0.42102716
v -0.05005115 0.72536588 0.39571271
v -0.02611934 0.72473875 0.39641824
v -0.02601865 0.73026178 0.4213614
v -0.05315099 0.71366837 0.37379159
v -0.0277509 0.71280623 0.37632219
v -0 0.71250897 0.37734268
v -0 0.72448498 0.39673242
v -0 0.73012199 0.42147684
v -0.0572234 0.96428632 0.43892982
v -0.0603867 0.9696957 0.42932729
v -0.08826313 0.94500093 0.42311647
v -0.08503675 0.93991587 0.43282531
v -0.07248748 0.98892892 0.41627621
v -0.10254222 0.96039043 0.41015699
v -0.12460908 0.93165875 0.40330418
v -0.10980104 0.92077968 0.41659531
v -0.10712244 0.916132 0.42655212
v -0.17111074 0.79318408 0.35432749
v -0.17548217 0.7912022 0.34604787
v -0.17213683 0.76858491 0.3501882
v -0.16995593 0.77168065 0.35946565
v -0.18434008 0.78822421 0.33352939
v -0.17781441 0.76522525 0.33547965
v -0.16123272 0.7451634 0.3426589
v -0.15788824 0.74926428 0.36099877
v -0.15859731 0.75195088 0.38115697
v -0.09525205 0.73364716 0.41376862
v -0.09597325 0.72964304 0.38844563
v -0.0712793 0.72650357 0.39420848
v -0.07116499 0.73135178 0.41974162
v -0.10048219 0.72023958 0.36357453
v -0.07547279 0.7154672 0.37007107
v -0.15912084 0.83394323 0.36716819
v -0.1650122 0.83653414 0.35860722
v -0.17347216 0.81403656 0.34872807
v -0.16803264 0.81373268 0.35598237
v -0.17839132 0.83641371 0.34800093
v -0.18491598 0.81215069 0.3377482
v -0.12239521 0.89951492 0.40669145
v -0.1200685 0.89525801 0.41677445
v -0.13761237 0.90693614 0.39320735
v -0.14869429 0.88421814 0.37953158
v -0.133331 0.87952489 0.39257566
v -0.1303511 0.87592307 0.40256813
v -0.14934601 0.85857937 0.3749571
v -0.14442751 0.8561486 0.38457618
v -0.16411536 0.86067878 0.36320117
v 0 0.99395575 0.45122008
v 0 0.99933807 0.44123129
v -0.03050848 0.9904561 0.43709601
v -0.02857263 0.98501653 0.4469082
v 0 1.02032936 0.42685098
v -0.03745816 1.01126007 0.42325626
v -0.12839742 0.7366079 0.3758836
v -0.12643696 0.73910182 0.40012748
v -0.13220739 0.73001939 0.35332137
v -0.10807656 0.84786344 -0.21219908
v -0.10064368 0.81679315 -0.20458373
v -0.07029816 0.85026467 -0.22751743
v -0.06717866 0.82233766 -0.2198538
v -0.063075 0.80246939 -0.21252081
v -0.08282191 0.79011223 -0.1984497
v -0.11647597 1.0820115 -0.18887168
v -0.06477439 1.11234939 -0.18906859
v -0.0523353 1.08284629 -0.21174825
v -0.09277635 1.05992623 -0.2111085
v 0 1.12402688 -0.18990075
v -0 1.09132191 -0.21283577
v -0 1.05573478 -0.23073848
v -0.0421178 1.05104485 -0.22911904
v -0.07219118 1.04286747 -0.22525095
v -0.07574305 0.91125415 -0.2373435
v -0.07819693 0.94473086 -0.23816064
v -0.03832941 0.94444703 -0.24720501
v -0.03693442 0.91108045 -0.24594025
v -0.07910614 0.98016249 -0.23606704
v -0.039164 0.97972569 -0.24530293
v 0 0.98064558 -0.24796763
v 0 0.94485084 -0.24990066
v 0 0.91114742 -0.24848557
v -0.07703161 1.01585891 -0.23125785
v -0.03930238 1.01613504 -0.23978244
v -0 1.01820452 -0.24208548
v -0.1130463 1.02524124 -0.21455743
v -0.1457192 1.04027532 -0.19171934
v -0.11978331 0.98562586 -0.21907589
v -0.15786752 0.99528113 -0.19586068
v -0.03452532 0.8501964 -0.23543171
v -0.03396463 0.82224129 -0.22711662
v -0 0.84951131 -0.23755044
v -0 0.82107464 -0.22891613
v -0 0.79409934 -0.21656745
v -0.03665459 0.79692847 -0.21537405
v -0.12016978 0.94762301 -0.22177131
v -0.16093153 0.95375315 -0.19880076
v -0.11733536 0.91239273 -0.22162874
v -0.15876167 0.91587086 -0.19922841
v -0.05488229 0.74794584 -0.17431662
v -0.05396205 0.71660101 -0.14573591
v -0.10375633 0.72954963 -0.14088995
v -0 0.74064104 -0.17531317
v -0 0.71022891 -0.14666101
v 0 0.68117949 -0.11375985
v -0.05297356 0.68656305 -0.11293409
v -0.10046466 0.69806299 -0.10977493
v -0.19209245 0.88372143 -0.1689216
v -0.19682289 0.92266274 -0.17075935
v -0.15375568 0.88023182 -0.19641548
v -0.1903451 1.00741556 -0.16783962
v -0.19717718 0.96310607 -0.17010176
v -0.07449121 1.13954104 -0.1624978
v -0.13524905 1.10369792 -0.16306779
v -0 1.15383513 -0.16257818
v -0.03563383 0.87977351 -0.24180643
v -0.07303911 0.87998685 -0.23359724
v 0 0.87945291 -0.24415092
v -0.11223854 0.67487497 -0.07231731
v -0.05976981 0.66299546 -0.0774498
v -0.06890843 0.6452341 -0.04966837
v 0 0.65812547 -0.07966127
v 0 0.64118045 -0.05518273
v -0.16330385 0.72104995 -0.09603173
v -0.13809765 0.71014891 -0.10354763
v -0.14990223 0.69132138 -0.06961539
v -0.17773738 0.71316338 -0.07059444
v -0.14443493 0.73944551 -0.12844002
v -0.17616856 0.74460425 -0.10807897
v -0.20095647 0.74308567 -0.07697173
v -0.06126565 0.69252627 0.35276441
v -0.03199096 0.69189494 0.3590434
v -0.07032851 0.66770032 0.3375388
v -0.03680978 0.66763492 0.34790896
v -0 0.66793746 0.3518749
v -0 0.69182419 0.36143834
v -0.09788393 1.03068831 0.39214356
v -0.13373198 0.99387783 0.38625259
v -0.15834321 0.95532695 0.3796867
v -0.19963294 0.78423531 0.31243668
v -0.18908686 0.75943411 0.31090972
v -0.17054679 0.7362664 0.31409072
v -0.11306213 0.70148609 0.33224861
v -0.08669339 0.69472306 0.34362906
v -0.0991128 0.66947717 0.32194541
v -0.20265185 0.83592416 0.32859586
v -0.20437888 0.8095141 0.31835252
v -0.17287362 0.92241014 0.37010872
v -0.18316637 0.89313754 0.35742033
v -0.19418047 0.86414335 0.34258767
v 0 1.0666531 0.40231697
v -0.05174725 1.0568461 0.39886007
v -0.143018 0.71628158 0.32183616
v -0.12160434 0.89037821 0.52054112
v -0.11929561 0.87556224 0.53531559
v -0.1828921 0.16296052 -0.57450761
v -0.09474448 0.17160876 -0.6240499
v -0.07878287 0.1021241 -0.60617584
v -0.15630719 0.09606849 -0.56472949
v 0 0.17544866 -0.64453444
v 0 0.10480028 -0.62208462
v 0 0.04586174 -0.59509692
v -0.06111122 0.04489581 -0.58425326
v -0.12622485 0.04267616 -0.55235009
v -0.19168679 0.28904692 -0.58729648
v -0.10101041 0.29118323 -0.64235959
v -0.10107741 0.23407947 -0.63536655
v -0.19290283 0.22736419 -0.58174313
v 0 0.29223985 -0.66616178
v -0 0.23710489 -0.65835169
v -0.17415134 0.4095733 -0.58919135
v -0.09275683 0.40541281 -0.64282331
v -0.09893629 0.3483736 -0.6466699
v -0.18654274 0.35052728 -0.59117743
v 0 0.40377665 -0.66475809
v -0 0.34758941 -0.67024259
v -0.11995924 0.51062239 -0.56182489
v -0.06375919 0.50935414 -0.60410278
v -0.0800712 0.46026008 -0.6263742
v -0.15056732 0.46325765 -0.57799121
v -0 0.50922841 -0.61934589
v -0 0.45916956 -0.64505782
v -0.25781703 0.52739132 0.30019219
v -0.2748508 0.5354382 0.23013086
v -0.31107439 0.49434235 0.25647427
v -0.28701754 0.48373423 0.33144459
v -0.28474133 0.54267806 0.15085017
v -0.32805295 0.50426686 0.17101331
v -0.36979405 0.45306719 0.19382574
v -0.34177022 0.4407889 0.28271348
v -0.31066169 0.42980492 0.35777416
v -0.28972314 0.5469282 0.05937098
v -0.33747467 0.51090891 0.07104301
v -0.28923018 0.54795554 -0.02917781
v -0.3403604 0.51195126 -0.02462528
v -0.37824213 0.48137601 -0.02246415
v -0.37473058 0.47898257 0.07786277
v -0.27319734 0.54303608 -0.16018164
v -0.26263016 0.53941649 -0.21891112
v -0.31646033 0.49997997 -0.22651464
v -0.32730393 0.50504213 -0.16425583
v -0.24789781 0.5344402 -0.28167803
v -0.30081579 0.49348172 -0.29161749
v -0.3368108 0.45603028 -0.29918796
v -0.35281552 0.46446004 -0.23349424
v -0.36470658 0.47183998 -0.16854712
v -0.19702704 0.5198743 -0.42515178
v -0.16323874 0.5141123 -0.4987237
v -0.20469385 0.46786709 -0.51107441
v -0.24593219 0.47470608 -0.43576
v -0.2365194 0.41505758 -0.52023245
v -0.28986607 0.41990567 -0.44031538
v -0.1036838 0.51291995 0.50288911
v -0.15234461 0.51391448 0.46942332
v -0.16601333 0.46427712 0.51397005
v -0.11255462 0.46184856 0.55061211
v -0.19576798 0.51629659 0.42425449
v -0.2143354 0.46815944 0.46468876
v -0.22925282 0.41363909 0.49260635
v -0.17735599 0.40916875 0.54366507
v -0.12024308 0.4059943 0.58223476
v -0.36499321 0.36567148 0.30894283
v -0.33074066 0.35915424 0.37817089
v -0.390759 0.36934453 0.24999797
v -0.40471781 0.28042114 0.26043127
v -0.38031907 0.27920926 0.31501383
v -0.34635628 0.27755912 0.38097613
v -0.34730899 0.37252669 -0.37956438
v -0.36027688 0.36291707 -0.36300726
v -0.36610816 0.38218047 -0.33492066
v -0.35433906 0.39432808 -0.34521946
v -0.36954563 0.35469646 -0.35099691
v -0.37662095 0.36468612 -0.32863264
v -0.38888572 0.37431607 -0.28837784
v -0.3777265 0.39463023 -0.29106476
v -0.36748378 0.4073812 -0.29533058
v -0.42934389 0.1500243 0.12490482
v -0.43620205 0.15795803 0.11181489
v -0.44270746 0.13768687 0.03858207
v -0.43594899 0.12779737 0.046361
v -0.4437896 0.17033688 0.09624277
v -0.45089534 0.16107339 0.03725003
v -0.45812199 0.15950858 -0.04287657
v -0.44943762 0.13520077 -0.04208058
v -0.4420432 0.12501 -0.03757121
v -0.25402748 0.35320178 -0.52494135
v -0.30218851 0.35232878 -0.46381396
v -0.26329548 0.28711447 -0.52359732
v -0.31350428 0.28560238 -0.4663248
v -0.18685847 0.34597048 0.56109455
v -0.12653917 0.34406804 0.60105492
v -0.24209474 0.34878571 0.50929932
v -0.2547882 0.27471705 0.5092395
v -0.19676041 0.27441403 0.56216225
v -0.13321193 0.27479723 0.60392836
v -0.38490781 0.19338431 0.29005059
v -0.35408923 0.19435588 0.35823156
v -0.407488 0.19402635 0.23216926
v -0.39939669 0.11552177 0.1656427
v -0.37224338 0.11891005 0.25318761
v -0.34332547 0.12089224 0.32742847
v -0.44706531 0.13640587 -0.11310374
v -0.43926271 0.12613022 -0.11066959
v -0.45577742 0.16065597 -0.11381499
v -0.44659509 0.16506417 -0.17647218
v -0.43893699 0.14140439 -0.17654627
v -0.43135967 0.13077672 -0.17570683
v -0.39021456 0.4087491 -0.23457211
v -0.38043921 0.4211851 -0.23539864
v -0.40290321 0.38593846 -0.23403043
v -0.41638301 0.39705621 -0.17241231
v -0.40200566 0.42219958 -0.17167224
v -0.39208947 0.43419516 -0.17071625
v -0.26758007 0.22052975 -0.51852546
v -0.32154121 0.21826304 -0.46022528
v -0.25936396 0.15349341 -0.51150948
v -0.32840254 0.14622975 -0.43718446
v -0.20655895 0.19700393 0.54386854
v -0.14023683 0.1992544 0.58808707
v -0.26589358 0.19565556 0.48887856
v -0.2601521 0.12317489 0.459406
v -0.20302691 0.12498571 0.51428619
v -0.13843538 0.1278761 0.5587115
v -0.33786866 0.06540577 0.23094731
v -0.30785688 0.06668326 0.30757892
v -0.36123999 0.06358455 0.14535377
v -0.32275024 0.03111906 0.13600887
v -0.29811305 0.03148743 0.22131857
v -0.26629445 0.0319024 0.29832826
v -0.40982508 0.09428075 0.05745163
v -0.3768594 0.06132265 0.05338216
v -0.41635556 0.09206003 -0.03316625
v -0.38436284 0.06092223 -0.03337832
v -0.34811454 0.03099472 -0.03414207
v -0.33970279 0.03098109 0.04854293
v -0.40718882 0.09448425 -0.1749477
v -0.39994905 0.09894137 -0.2396157
v -0.3687168 0.06404736 -0.23968358
v -0.37651646 0.0620111 -0.17429795
v -0.38762485 0.10609468 -0.30391261
v -0.35576727 0.06774503 -0.30555834
v -0.32060998 0.03318615 -0.30655757
v -0.33403762 0.03197435 -0.24010787
v -0.34226847 0.03133485 -0.17407021
v -0.23009321 0.08920795 -0.50677149
v -0.29183168 0.08200351 -0.44014136
v -0.19592551 0.04008715 -0.50162329
v -0.25712629 0.03748148 -0.43948479
v -0.28280144 0.54622402 -0.10030545
v -0.22082338 0.58146739 -0.10258624
v -0.20781046 0.5785591 -0.15915771
v -0.23254824 0.58336535 -0.03587926
v -0.15204834 0.60673724 -0.10785716
v -0.13768247 0.60371756 -0.1600271
v -0.23135367 0.52079996 0.3662369
v -0.20224844 0.56345109 0.322455
v -0.22282381 0.56734169 0.26472163
v -0.17348324 0.56096541 0.37233306
v -0.15309027 0.59587281 0.32605803
v -0.17567993 0.59678868 0.28451475
v -0.22560865 0.5273332 -0.35118792
v -0.16189332 0.56907505 -0.34242808
v -0.1397153 0.56462471 -0.41517434
v -0.1813615 0.57276796 -0.27483626
v -0.11301932 0.60093749 -0.2708332
v -0.09795864 0.60231628 -0.33462441
v -0.08013627 0.61145905 -0.4086629
v -0.24033065 0.58201672 0.04673066
v -0.24094164 0.57828189 0.13062908
v -0.17635423 0.06954565 0.48352571
v -0.12076911 0.07154732 0.52352341
v -0.22673085 0.06829383 0.43353309
v -0.18631945 0.03246035 0.41531847
v -0.14312316 0.03289216 0.45877813
v -0.09791279 0.03358283 0.49246179
v -0.08697619 0.59442615 0.38187883
v -0.12337311 0.59470427 0.35753652
v -0.13699417 0.55942522 0.41061651
v -0.09455566 0.55906905 0.43945359
v -0.0478697 0.55055544 -0.58439462
v -0 0.55084128 -0.59734382
v -0.08882603 0.5519932 -0.54658425
v -0.06487344 0.59086136 -0.53714392
v -0.03584748 0.58893177 -0.5708297
v 0 0.58951511 -0.58198732
v -0.06075029 0.0039605 0.34264185
v -0.07478878 0.00396177 0.28808113
v -0.04639385 0.00395137 0.38371159
v -0.08743567 0.00385657 0.38655865
v -0.11353827 0.00386876 0.3444575
v -0.13859032 0.00387049 0.28821385
v -0.08956575 0.00397693 -0.36313509
v -0.07356866 0.00399209 -0.41693961
v -0.100402 0.00396943 -0.30396578
v -0.1836597 0.00393158 -0.30645892
v -0.16448989 0.00399138 -0.36814507
v -0.13566595 0.00411275 -0.42343567
v -0.11798092 0.55752846 -0.48699155
v -0.08110515 0.59916915 -0.48216511
v -0.36467502 0.11759279 -0.36792008
v -0.33214458 0.07372363 -0.37239034
v -0.29739758 0.0350898 -0.37348579
v -0.41146151 0.15422861 -0.29569966
v -0.41793077 0.16589265 -0.2914877
v -0.40132344 0.17938472 -0.33369465
v -0.39363697 0.16853152 -0.34364474
v -0.42161673 0.1858384 -0.2887734
v -0.40544678 0.1964838 -0.32775126
v -0.39309986 0.20784908 -0.349631
v -0.38614011 0.20044423 -0.36118379
v -0.37655562 0.19236708 -0.37719721
v -0.35981674 0.28354556 -0.39786973
v -0.37141112 0.28278119 -0.37724758
v -0.36387286 0.32826843 -0.37511257
v -0.35122203 0.33345541 -0.39511985
v -0.38227145 0.28207696 -0.35631295
v -0.37464445 0.32670343 -0.35513118
v -0.27730727 0.48464816 -0.36151877
v -0.31512487 0.44509725 -0.36614464
v -0.05424649 0.00409922 -0.46377438
v -0.04009593 0.00469521 -0.49934017
v -0.09989273 0.00436417 -0.46823685
v -0.07264034 0.00479233 -0.49485553
v -0 0.63682182 -0.3685923
v -0.03842801 0.63230657 -0.37703991
v -0.04553026 0.61859654 -0.32529228
v 0 0.62236819 -0.32116059
v -0.05347628 0.61368649 -0.26833113
v 0 0.61620281 -0.26740262
v -0.05267331 0.68763741 -0.46737568
v -0.03117972 0.69397655 -0.44566155
v -0.02527411 0.72934982 -0.47509162
v -0.04265996 0.72430281 -0.4898138
v -0 0.69619684 -0.43915483
v 0 0.73096334 -0.47106673
v 0 0.75541427 -0.50237035
v -0.01920492 0.75358878 -0.50362101
v -0.03246138 0.74612038 -0.50655482
v -0.04672284 0.67212624 -0.54064552
v -0.05715279 0.67861131 -0.50397011
v -0.04615966 0.71788512 -0.51711574
v -0.03811964 0.71210979 -0.54427863
v -0.03215214 0.74609821 -0.52637647
v -0.02990958 0.73735314 -0.54328347
v -0 0.67373128 -0.56919016
v -0.02597307 0.67213987 -0.56256207
v -0.02134101 0.71232288 -0.559842
v -0 0.71350018 -0.56426609
v -0.01738398 0.74277563 -0.55057618
v -0 0.74416093 -0.55304229
v -0.06487344 0.59086136 -0.53714392
v -0.08110515 0.59916915 -0.48216511
v -0.06458437 0.63881639 -0.49048268
v -0.05313184 0.63074766 -0.53643656
v -0.08013627 0.61145905 -0.4086629
v -0.05917059 0.65014533 -0.44321555
v 0 0.75541427 -0.50237035
v 0 0.75951405 -0.53125546
v -0.01675687 0.75776067 -0.53046304
v -0.01920492 0.75358878 -0.50362101
v -0 0.74416093 -0.55304229
v -0.01738398 0.74277563 -0.55057618
v 0 0.58951511 -0.58198732
v -0.03584748 0.58893177 -0.5708297
v -0.02966042 0.62978435 -0.56465164
v -0 0.63104137 -0.57364341
v -0.03842801 0.63230657 -0.37703991
v -0.03422191 0.65936645 -0.41512736
v -0 0.63682182 -0.3685923
v -0 0.66263736 -0.40656678
v -0.23533215 0.57282237 0.20235601
v -0.30668397 0.1220561 0.39649971
v -0.27076019 0.06750658 0.37496199
v -0.22815291 0.03218781 0.36254911
v -0.30461302 0.27589325 0.44755974
v -0.31487397 0.19498543 0.42594374
v -0.273553 0.42057307 0.42907329
v -0.2899358 0.35325115 0.44688678
v -0.25486478 0.47470761 0.40217108
v -0.07932509 0.62879369 0.33763269
v -0.08231625 0.61484375 0.35026462
v -0.04311109 0.61639535 0.36758889
v -0.04181338 0.62996891 0.35291336
v -0.04498257 0.59593879 0.40124242
v 0 0.5970907 0.40951474
v 0 0.61758375 0.37504391
v 0 0.63092867 0.35927692
v -0.13326016 0.6295388 0.29177926
v -0.14001318 0.61586333 0.30117584
v -0.11453809 0.6150907 0.3287474
v -0.10936139 0.62914843 0.31772488
v -0.15966336 0.61567069 0.26475161
v -0.15284819 0.62834855 0.25758113
v -0.11317554 0.87954941 -0.2182453
v -0.08606332 0.00396181 0.21688841
v -0.09514965 0.00396177 0.13442184
v -0.1585851 0.00387049 0.21572157
v -0.17462878 0.00387049 0.13278168
v -0.2135636 0.00629347 0.29296139
v -0.23713048 0.01367708 0.29474554
v -0.26753004 0.01362522 0.21825811
v -0.24087293 0.00629347 0.2175898
v -0.29124058 0.01357918 0.13307609
v -0.2623619 0.00629347 0.13292658
v -0.30853502 0.01356213 0.04676033
v -0.27947077 0.00629376 0.0466976
v -0.31822068 0.01356536 -0.03467432
v -0.29026968 0.00629595 -0.03491532
v -0.29005063 0.00633491 -0.17579343
v -0.31530493 0.01363459 -0.1748959
v -0.30769106 0.01376314 -0.2415099
v -0.28348585 0.00640555 -0.24272251
v -0.29421202 0.01400555 -0.30817751
v -0.27029435 0.00653785 -0.30928267
v -0.20687642 0.00726258 -0.43484572
v -0.23044179 0.01504076 -0.43784979
v -0.17099196 0.01591839 -0.49461007
v -0.151523 0.0080654 -0.48606807
v -0.1061465 0.01680956 -0.53780256
v -0.0928481 0.00889093 -0.52268451
v -0.27059453 0.01440806 -0.37444894
v -0.24617983 0.00677711 -0.37447212
v -0.1419688 0.00628998 0.39919857
v -0.16038343 0.0137464 0.40537689
v -0.20023713 0.0137127 0.35653217
v -0.17935295 0.00629304 0.35290668
v -0.04990538 0.01745011 -0.56172428
v -0.04322295 0.00941903 -0.54102285
v 0 0.01769047 -0.56872787
v 0 0.00959304 -0.54566022
v -0.0460865 0.77371395 -0.19800342
v -0 0.76810283 -0.19874832
v -0.06990298 0.00627955 0.45992717
v -0.08157713 0.01388539 0.47292434
v -0.12097613 0.01379957 0.44421505
v -0.10540386 0.00628346 0.43485032
v -0.10626393 0.00396529 -0.24047601
v -0.10889437 0.00396308 -0.17463285
v -0.19866916 0.00388086 -0.17513167
v -0.19399949 0.00389849 -0.24151929
v -0.19563963 0.57580088 -0.21479086
v -0.12540503 0.60176114 -0.21326908
v -0.41408825 0.09256521 -0.10857679
v -0.38291233 0.06115942 -0.10766631
v -0.34788275 0.03107009 -0.107091
v -0.40611841 0.44726199 -0.02624331
v -0.41605282 0.43517594 -0.03127645
v -0.41344851 0.43282984 0.05698736
v -0.40339295 0.44459698 0.06596041
v -0.43136244 0.4075729 -0.03390883
v -0.4280585 0.40621292 0.05242553
v -0.42474143 0.39585952 0.11465579
v -0.41385815 0.40991576 0.13366882
v -0.40376927 0.41935074 0.14840334
v -0.42767351 0.28084328 0.20471844
v -0.43712897 0.28050474 0.18509123
v -0.43760652 0.20859547 0.16210002
v -0.42955811 0.20485645 0.17993613
v -0.44842329 0.28012762 0.14305069
v -0.44772634 0.2113815 0.12446841
v -0.33607906 0.50938312 -0.10062735
v -0.37419435 0.47782446 -0.10187696
v -0.06068433 0.61253125 -0.2125687
v -0.068322 0.6134305 -0.16094641
v 0 0.61449723 -0.16131678
v -0 0.61417278 -0.21233505
v -0.07715322 0.61549571 -0.11568397
v -0.08261623 0.61802136 -0.07974426
v -0 0.61771474 -0.08794125
v -0 0.61602034 -0.11913414
v -0.07885524 0.62034135 -0.05887264
v -0.0739228 0.62406467 -0.04764993
v 0 0.62235032 -0.056107
v 0 0.6191746 -0.06818392
v -0.31958538 0.01358068 -0.10741313
v -0.29301153 0.00630455 -0.10795182
v -0.03475789 0.00391975 0.41572178
v -0.02852399 0.00382181 0.44000065
v -0.05056189 0.00377135 0.43625541
v -0.06512344 0.00382358 0.41770239
v -0 0.13350295 0.60114979
v -0.07006315 0.1315721 0.58951593
v -0.06136739 0.07412377 0.55110713
v 0 0.07547329 0.56149535
v -0.04980898 0.03447313 0.51488465
v 0 0.03493975 0.5230962
v 0 0.2758569 0.64247884
v -0.06714032 0.27548117 0.63208091
v -0.07077635 0.20210839 0.61834189
v -0 0.20359156 0.62963722
v 0 0.40182166 0.61829638
v -0.06065636 0.40315127 0.60844348
v -0.06379535 0.34242386 0.62803238
v 0 0.34166519 0.63806231
v -0 0.51241552 0.53483677
v -0.05241895 0.51251538 0.52598626
v -0.05676794 0.45977536 0.57547405
v 0 0.45881336 0.58484106
v -0.04823976 0.55994378 0.46072232
v -0 0.5606318 0.4693306
v 0 0.63092867 0.35927692
v -0 0.64713301 0.35160914
v -0.04000781 0.64647844 0.34635686
v -0.04181338 0.62996891 0.35291336
v -0.07604702 0.64589053 0.33313693
v -0.07932509 0.62879369 0.33763269
v -0.10547913 0.64674769 0.3146217
v -0.10936139 0.62914843 0.31772488
v -0.1305732 0.64720822 0.28899068
v -0.13326016 0.6295388 0.29177926
v -0.15242901 0.64439497 0.25443491
v -0.15284819 0.62834855 0.25758113
v -0.16862672 0.64074584 0.21247188
v -0.1673963 0.62671443 0.21540099
v -0.1770958 0.63810786 0.16297004
v -0.1754794 0.62609037 0.16562444
v -0.1762789 0.63699327 0.1050917
v -0.17544461 0.62644553 0.10661183
v -0.1633922 0.63722895 0.04106837
v -0.16410205 0.62714673 0.04008951
v -0.13035311 0.63637711 -0.01354344
v -0.13234176 0.62663579 -0.01672633
v -0.07180576 0.63209463 -0.04196066
v -0.0739228 0.62406467 -0.04764993
v 0 0.62942818 -0.04933136
v 0 0.62235032 -0.056107
v 0 0.00628652 0.47851681
v 0 0.0140559 0.49671271
v -0.04113631 0.01399713 0.4906558
v -0.03485848 0.00628304 0.47411335
v -0.18345248 0.0040168 0.29035209
v -0.20802815 0.00401677 0.21638149
v -0.2135636 0.00629347 0.29296139
v -0.24087293 0.00629347 0.2175898
v -0.2623619 0.00629347 0.13292658
v -0.22757546 0.0040168 0.13258987
v -0.24392507 0.004017 0.04665455
v -0.18823673 0.00387055 0.04699982
v -0.27947077 0.00629376 0.0466976
v -0.29026968 0.00629595 -0.03491532
v -0.25483467 0.0040186 -0.03494847
v -0.19744825 0.00387111 -0.03470617
v -0.25591341 0.00404654 -0.17573638
v -0.25014256 0.0040973 -0.24255613
v -0.29005063 0.00633491 -0.17579343
v -0.28348585 0.00640555 -0.24272251
v -0.27029435 0.00653785 -0.30928267
v -0.23764503 0.0041924 -0.3085688
v -0.1782349 0.00471334 -0.42985997
v -0.13004613 0.00529941 -0.47668672
v -0.20687642 0.00726258 -0.43484572
v -0.151523 0.0080654 -0.48606807
v -0.0928481 0.00889093 -0.52268451
v -0.08088765 0.00592002 -0.50817894
v -0.21442248 0.0043644 -0.37230027
v -0.24617983 0.00677711 -0.37447212
v -0.11901262 0.0040068 0.39244157
v -0.15239851 0.00401553 0.34846436
v -0.1419688 0.00628998 0.39919857
v -0.17935295 0.00629304 0.35290668
v -0.03833159 0.00627234 -0.52255045
v -0.04322295 0.00941903 -0.54102285
v -0.05894268 0.00397204 0.44711965
v -0.0878494 0.00398688 0.42525262
v -0.06990298 0.00627955 0.45992717
v -0.10540386 0.00628346 0.43485032
v -0.2581214 0.00402473 -0.10795367
v -0.20034684 0.00387323 -0.1076185
v -0.29301153 0.00630455 -0.10795182
v -0.02977417 0.00398557 0.4583665
v -0.03485848 0.00628304 0.47411335
v -0.1028866 0.00396181 0.04818962
v -0.10814389 0.00396187 -0.03419869
v -0.1098196 0.00396213 -0.10732434
v -0.4420432 0.12501 -0.03757121
v -0.43371892 0.11294157 -0.03438465
v -0.42774266 0.11588526 0.05345016
v -0.43594899 0.12779737 0.046361
v -0.42101709 0.13951079 0.1385592
v -0.42934389 0.1500243 0.12490482
v -0.41146151 0.15422861 -0.29569966
v -0.40411338 0.13554247 -0.30031392
v -0.41598074 0.12486849 -0.23907714
v -0.42313404 0.14110018 -0.23820633
v -0.42349536 0.11718993 -0.17527634
v -0.43135967 0.13077672 -0.17570683
v -0.40376927 0.41935074 0.14840334
v -0.3938764 0.43072019 0.16364323
v -0.39406402 0.45767954 0.07386054
v -0.40339295 0.44459698 0.06596041
v -0.39717434 0.46053707 -0.02300451
v -0.40611841 0.44726199 -0.02624331
v -0.39208947 0.43419516 -0.17071625
v -0.38316923 0.44878023 -0.17025709
v -0.37115605 0.43829251 -0.23589951
v -0.38043921 0.4211851 -0.23539864
v -0.35647567 0.42694762 -0.29945392
v -0.36748378 0.4073812 -0.29533058
v -0.42767351 0.28084328 0.20471844
v -0.41875608 0.28090802 0.22567593
v -0.40609895 0.36524583 0.21515044
v -0.41546994 0.3595663 0.19541533
v -0.42125645 0.19953923 0.19864735
v -0.42955811 0.20485645 0.17993613
v -0.37655562 0.19236708 -0.37719721
v -0.36315054 0.17649453 -0.39917532
v -0.38396781 0.14946074 -0.35611343
v -0.39363697 0.16853152 -0.34364474
v -0.33944318 0.41454382 -0.35760929
v -0.35433906 0.39432808 -0.34521946
v -0.32853392 0.39003721 -0.40214125
v -0.34730899 0.37252669 -0.37956438
v -0.35981674 0.28354556 -0.39786973
v -0.34320902 0.28444878 -0.42541638
v -0.35157194 0.22529202 -0.41987447
v -0.36676446 0.23302657 -0.39349023
v -0.33291863 0.34306264 -0.42210093
v -0.35122203 0.33345541 -0.39511985
v -0.43096594 0.11378747 -0.10929413
v -0.43926271 0.12613022 -0.11066959
v -0.39299863 0.4564058 -0.1025819
v -0.4018555 0.44293718 -0.1037966
v -0.44690145 0.35166727 0.05962239
v -0.436755 0.35124581 0.13679399
v -0.45204161 0.35156132 -0.03143594
v -0.46711718 0.27983874 -0.03040672
v -0.46048593 0.27989688 0.06254849
v -0.41803796 0.34029932 -0.23389088
v -0.43491412 0.34626562 -0.17217126
v -0.40072028 0.33401596 -0.28787173
v -0.41150536 0.28080888 -0.28819517
v -0.43072753 0.28040492 -0.23426714
v -0.44927292 0.28013226 -0.17243451
v -0.4594389 0.21081101 0.050759
v -0.4669398 0.21073359 -0.03652698
v -0.43628935 0.22025041 -0.23518254
v -0.45193438 0.21456223 -0.17447602
v -0.4191546 0.2269426 -0.28810868
v -0.43530107 0.17449162 -0.23630296
v -0.39527654 0.2813926 -0.32818355
v -0.40256934 0.23271635 -0.32732131
v -0.38856482 0.23679385 -0.35422381
v -0.38622341 0.32934997 -0.32780772
v -0.46272487 0.27993297 -0.10739826
v -0.46361486 0.21166166 -0.11068101
v -0.42702451 0.40421983 -0.10825789
v -0.44745519 0.34993445 -0.10752621
v -0.42547643 0.35488084 0.17657869
v -0.41546994 0.3595663 0.19541533
v -0.4117977 0.43098894 -0.10642701
v -0.4018555 0.44293718 -0.1037966
v -0.42989136 0.15240646 -0.23729748
v -0.42313404 0.14110018 -0.23820633
v -0.37761373 0.23662914 -0.37386292
v -0.36676446 0.23302657 -0.39349023
v -0.17225442 1.05659168 -0.16510661
vn -0.24133 -0.7632 0.5994
vn -0.43682 -0.72987 0.52581
vn -0.47929 -0.71127 0.51418
vn -0.30675 -0.75035 0.58556
vn -0.51486 -0.71308 0.47586
vn -0.52823 -0.69629 0.48595
vn -0.51695 -0.65607 0.54985
vn -0.49528 -0.66624 0.55751
vn -0.35157 -0.71094 0.60907
vn 0.01806 -0.45582 0.88989
vn 0.02295 -0.1519 0.98813
vn 0.04722 -0.1111 0.99269
vn 0.0067 -0.45436 0.89079
vn 0.03147 0.39857 0.9166
vn 0.07049 0.42476 0.90256
vn 0.10642 0.45745 0.88284
vn 0.07013 -0.07271 0.99488
vn -0.02547 -0.48723 0.8729
vn 0 0.99688 -0.07899
vn -0 0.97783 -0.20942
vn 0.39095 0.89562 -0.2122
vn 0.43799 0.89565 -0.07725
vn -0 0.95825 -0.28594
vn 0.32328 0.89518 -0.30684
vn 0.4831 0.7976 -0.36118
vn 0.56671 0.78832 -0.23956
vn 0.62297 0.77759 -0.08527
vn 0.31219 0.86566 -0.39137
vn 0.27456 0.94352 -0.18542
vn 0.46099 0.84349 -0.27569
vn 0.48398 0.74383 -0.46096
vn 0.27129 0.92693 0.25923
vn 0.47169 0.86025 0.19356
vn 0.66661 0.72993 0.15113
vn 0.76047 0.63643 -0.12896
vn 0.79022 0.5097 -0.34022
vn 0.34087 -0.59891 0.72464
vn 0.40517 -0.24781 0.88002
vn 0.67939 -0.27249 0.6813
vn 0.72291 -0.35771 0.59113
vn 0.41432 0.42199 0.80639
vn 0.69093 0.2314 0.68489
vn 0.81839 0.12156 0.56166
vn 0.83835 -0.10593 0.53474
vn 0.8902 -0.06623 0.45074
vn 0.38677 0.81462 -0.43222
vn 0.53504 0.68888 -0.48905
vn 0.61293 0.6793 -0.40356
vn 0.79637 0.44195 -0.4129
vn 0.81963 0.45148 -0.35266
vn 0.53558 -0.68191 0.49815
vn 0.47531 -0.69282 0.5423
vn 0.92852 -0.08375 0.36172
vn 0.96469 -0.00165 0.26338
vn 0.40297 -0.70713 0.58102
vn 0.87364 -0.17643 0.45346
vn 0.92847 0.19258 0.31759
vn 0.9346 0.25501 0.24799
vn 0.94164 0.28951 0.17174
vn 0.98391 0.07966 0.15994
vn 0.56911 -0.67673 0.46706
vn 0.93446 0.34266 0.09677
vn 0.88226 0.47025 -0.02198
vn 0.99109 0.12584 0.04372
vn 0.59022 -0.66443 0.45846
vn 0.00642 0.96049 0.27823
vn 0.00427 0.9535 0.30137
vn -0.00307 0.99192 0.12686
vn -0.01966 0.99361 0.1111
vn 0 0.95179 0.30676
vn -0 0.99138 0.13102
vn -0 0.99217 -0.12487
vn -0.01139 0.99175 -0.12768
vn -0.03896 0.99038 -0.13278
vn 0.03633 -0.98692 0.15703
vn 0.09268 -0.98454 0.1486
vn 0.0924 -0.98644 0.13563
vn 0.03976 -0.9911 0.12701
vn 0.18204 -0.97386 0.1359
vn 0.17237 -0.97504 0.13993
vn 0.18546 -0.95988 0.21034
vn 0.11478 -0.97251 0.2026
vn 0.05916 -0.9798 0.19103
vn 0.53973 -0.37651 0.75295
vn 0.57213 -0.55705 0.60196
vn 0.99719 0.03983 -0.06352
vn 0.98576 0.13379 0.10191
vn 0.58468 -0.63776 0.5014
vn 0.99256 0.06462 -0.10323
vn 0.75843 -0.62089 0.19819
vn 0.94116 -0.16976 0.29223
vn 0.93939 -0.23132 0.25306
vn 0.64533 -0.73602 0.20448
vn 0.94189 0.21588 0.25737
vn 0.9675 0.16712 0.18976
vn 0.98692 0.08125 0.13926
vn 0.92381 -0.31124 0.22293
vn 0.6028 -0.76172 0.23752
vn 0.27329 -0.1265 0.95358
vn 0.43346 -0.18933 0.88106
vn 0.89081 0.29183 0.34827
vn 0.67313 0.41759 0.61034
vn -0 0.94457 -0.32831
vn -0.02163 0.94297 -0.33218
vn 0 0.91867 -0.39503
vn -0.0341 0.91602 -0.39967
vn -0.06483 0.91106 -0.40715
vn -0.0519 0.94024 -0.33653
vn -0.21103 0.96778 -0.13736
vn -0.18453 0.93745 -0.29519
vn -0.16755 0.94916 -0.26652
vn -0.2012 0.96859 -0.14609
vn -0.14861 0.91402 -0.37747
vn -0.11335 0.93408 -0.33861
vn 0.21234 0.97435 -0.07447
vn 0.21899 0.96399 -0.15092
vn 0.17514 0.97656 -0.1251
vn -0 -0.73801 0.67479
vn -0 -0.75258 0.6585
vn -0.13295 -0.75732 0.63936
vn -0.17562 -0.73443 0.65557
vn 0 -0.75184 0.65934
vn -0.08398 -0.75964 0.6449
vn -0.14529 -0.69342 0.70574
vn -0.03249 -0.6769 0.73535
vn -0.01695 -0.61408 0.78906
vn -0.09058 -0.64224 0.76114
vn -0 -0.67057 0.74184
vn -0 -0.60644 0.79513
vn -0 -0.57505 0.81812
vn -0.00452 -0.58169 0.8134
vn -0.03703 -0.61007 0.79148
vn -0.32228 -0.64704 0.69099
vn -0.18859 -0.69827 0.69054
vn -0.19273 -0.70326 0.68431
vn -0.35126 -0.6644 0.65969
vn -0 -0.71881 0.69521
vn 0 -0.71609 0.69801
vn -0.24985 -0.77497 0.58051
vn -0.15179 -0.83668 0.52623
vn -0.17422 -0.75819 0.62833
vn -0.28822 -0.69713 0.65646
vn 0 -0.86229 0.50642
vn -0 -0.78378 0.62104
vn 0.37513 -0.00843 0.92693
vn 0.18291 -0.00688 0.9831
vn 0.16995 -0.32443 0.93052
vn 0.3481 -0.31182 0.88408
vn -0 -0.00748 0.99997
vn -0 -0.33211 0.94324
vn 0 -0.71276 0.70141
vn 0.12228 -0.70394 0.69965
vn 0.25571 -0.68647 0.68072
vn 0.7301 0.67899 -0.07695
vn 0.68435 0.67919 -0.26529
vn 0.85242 0.47221 -0.22449
vn -0.05123 -0.73449 0.67668
vn -0.18946 -0.74239 0.64262
vn 0 -0.72795 0.68563
vn 0.0419 0.87025 0.49083
vn 0.03012 0.91852 0.39423
vn 0.01157 0.93762 0.34747
vn 0.05418 0.87893 0.47387
vn -0.04369 0.97361 0.22401
vn -0.13767 0.9809 0.13741
vn -0.06193 0.96287 0.26278
vn 0.02061 0.90131 0.43269
vn 0.03772 -0.27649 0.96028
vn 0.12737 -0.18881 0.97372
vn 0.41804 0.50674 0.75397
vn 0.23384 0.53288 0.81324
vn 0 -0.3694 0.92927
vn -0.00471 -0.34258 0.93948
vn 0.09181 0.53273 0.84129
vn -0 0.53146 0.84708
vn 0.10742 0.9458 0.30647
vn -0 0.94809 0.318
vn -0 0.86913 0.49459
vn 0 0.9099 0.41483
vn 0.00978 0.91145 0.41129
vn 0.0118 0.86915 0.49441
vn -0.32459 -0.77153 0.54715
vn -0.30459 -0.72609 0.61646
vn -0.32333 -0.79779 0.50891
vn 0.59856 -0.65275 0.46438
vn 0.89963 0.06032 0.43247
vn 0.92326 0.11477 0.36663
vn 0.87856 0.10075 0.46688
vn 0.92794 0.1044 0.35782
vn 0.92648 0.15275 0.34394
vn 0.92634 0.1821 0.32975
vn -0.38809 -0.72227 0.57246
vn -0.47344 -0.72433 0.5012
vn -0.3248 -0.70195 0.63386
vn -0.40501 -0.73646 0.54185
vn -0.11528 0.98438 -0.13304
vn -0.10939 0.94009 -0.3229
vn -0.1026 0.90987 -0.40202
vn 0.80976 -0.04009 0.58539
vn 0.56898 -0.02114 0.82208
vn 0.52615 -0.31572 0.78961
vn 0.739 -0.34583 0.57817
vn 0.38218 -0.67816 0.62772
vn 0.50704 -0.70176 0.50045
vn -0.37626 -0.60252 0.70385
vn -0.32106 -0.68914 0.64962
vn -0.37036 -0.61114 0.69953
vn -0.41729 -0.53121 0.73735
vn -0.42076 -0.57621 0.70067
vn -0.45117 -0.52657 0.72053
vn -0.46946 -0.60893 0.63938
vn -0.48693 -0.58717 0.64663
vn -0.23691 -0.68503 0.68892
vn -0.31958 -0.74658 0.58351
vn -0.14185 -0.66751 0.73096
vn -0.22937 -0.7443 0.62722
vn 0.20545 -0.91704 0.3418
vn 0.16853 -0.92251 0.34722
vn 0.14062 -0.94764 0.28671
vn 0.19911 -0.93549 0.29192
vn 0.10897 -0.93208 0.34548
vn 0.08342 -0.95646 0.2797
vn -0 -0.98654 0.16354
vn 0.01476 -0.98673 0.16173
vn 0.01544 -0.99259 0.12052
vn -0 -0.99295 0.11854
vn 0.02292 -0.98294 0.18251
vn -0 -0.98366 0.18002
vn -0.09274 0.99263 0.078
vn -0.19359 0.98076 0.02508
vn 0 0.95063 -0.31033
vn 0.24046 0.90529 -0.35017
vn 0 0.96885 -0.24764
vn 0.16727 0.94135 -0.29305
vn 0 0.9983 -0.05826
vn 0.12089 0.98829 -0.09313
vn -0 -0.46608 0.88475
vn 0 -0.17886 0.98387
vn 0.005 -0.17349 0.98482
vn 0.00508 -0.4636 0.88603
vn 0 0.38829 0.92154
vn 0.00719 0.38974 0.9209
vn 0.93008 0.16993 0.32569
vn 0.91942 0.20586 0.3351
vn 0.94964 0.09238 0.29943
vn 0.92267 0.04313 0.38318
vn 0.87632 0.09548 0.47217
vn 0.87289 0.17965 0.45364
vn 0.90416 0.31426 0.28939
vn 0.91717 0.35162 0.18749
vn 0.90472 0.33767 0.25974
vn 0.87886 0.2897 0.37905
vn 0.90889 0.27954 0.30949
vn 0.90682 0.39662 0.14273
vn 0.83235 0.53577 0.14194
vn 0.89568 0.3589 0.26257
vn 0.80756 0.49673 0.31797
vn 0.63487 0.68083 0.36525
vn 0.47186 0.80776 0.35338
vn 0.46642 0.8788 0.10078
vn 0.64606 0.75638 0.10248
vn -0 0.9329 0.36013
vn 0 0.99417 0.10785
vn 0.72857 0.67228 0.13122
vn 0.69965 0.61488 0.36389
vn 0.81941 0.34083 0.46087
vn 0.88769 0.14782 0.43607
vn 0.87157 0.31946 0.3719
vn 0.91846 0.10602 0.38105
vn 0.93337 0.0269 0.35791
vn 0.93102 0.05637 0.36058
vn 0 0.77042 0.63753
vn 0.0104 0.76933 0.63876
vn 0.04042 0.76673 0.64069
vn 0.07221 0.76763 0.63682
vn 0.08133 0.77486 0.62688
vn 0.35208 0.79001 0.50192
vn 0.63945 0.61884 0.45622
vn 0.29081 0.911 0.2924
vn 0.67865 0.65802 0.32625
vn -0 -0.54939 0.83556
vn 0.00276 -0.5522 0.83371
vn 0.00039 -0.56661 0.82399
vn 0.34568 -0.69196 0.6338
vn 0.80107 -0.2737 0.53234
vn 0.9207 0.08927 0.37993
vn -0.05771 -0.60818 0.7917
vn -0.13285 -0.68371 0.71756
vn 0.92214 0.20071 0.33072
vn 0.95958 -0.04199 0.27829
vn 0.9489 -0.14442 0.28059
vn 0.94729 -0.21051 0.24151
vn -0.28919 -0.82214 0.49036
vn -0.23367 -0.83468 0.4987
vn -0.25003 -0.4716 0.84562
vn -0.24141 -0.52903 0.81354
vn -0.25466 -0.53165 0.80778
vn -0.27712 -0.6408 0.71595
vn -0.17937 -0.83202 0.52496
vn -0.13431 -0.82096 0.55496
vn -0.18652 0.98205 -0.02819
vn -0.137 0.98911 0.05388
vn 0.17328 0.98444 -0.02924
vn 0.19217 0.98004 0.05101
vn -0.07575 -0.7683 0.63559
vn 0.03202 -0.57499 0.81753
vn 0.14393 0.79686 0.58677
vn 0.19386 0.47568 0.85799
vn 0.04819 0.93303 0.35655
vn 0.30264 -0.90259 0.30616
vn 0.28442 -0.87605 0.38941
vn 0.3018 -0.92848 0.21643
vn 0.57863 -0.74587 0.32993
vn -0.03863 0.93522 -0.35195
vn -0.05883 0.93116 -0.35982
vn 0 0.93722 -0.34875
vn 0 0.9993 0.03737
vn 0.0249 0.99887 0.04043
vn 0.0853 0.99598 0.0273
vn -0.10798 -0.81382 0.571
vn 0 -0.84067 0.54154
vn -0.17078 -0.74664 0.64293
vn -0.07717 0.92872 -0.36266
vn 0.15005 0.98863 -0.00983
vn -0.21006 -0.65162 0.72888
vn -0.05946 0.98419 0.16684
vn 0.23131 0.96116 0.15057
vn 0.15913 -0.09568 0.98261
vn 0.81625 0.57738 0.01909
vn 0.83859 0.5284 0.13249
vn 0.96515 -0.00776 0.26158
vn 0.72707 0.53902 0.42525
vn 0.30507 -0.94124 0.14492
vn 0.32944 -0.93598 0.12412
vn 0 -0.94125 0.3377
vn 0.04501 -0.93914 0.34057
vn 0.06935 -0.89295 0.44479
vn 0 -0.89722 0.44159
vn 0.15438 -0.88205 0.44514
vn 0.23075 -0.87151 0.43269
vn 0.51663 0.56823 0.64047
vn 0.3296 0.58671 0.73968
vn 0.77722 0.62303 0.08807
vn 0.74115 0.65062 0.16549
vn 0.15085 0.59691 0.788
vn -0 0.60001 0.79999
vn 0.03268 -0.96152 0.27278
vn 0 -0.96272 0.27049
vn 0.71844 0.64963 0.24863
vn 0.91583 0.24315 0.3196
vn 0.94359 -0.04229 0.3284
vn 0.88119 -0.35471 0.31255
vn 0.5768 0.75888 -0.30233
vn 0.75955 0.57143 -0.31074
vn 0.71722 0.52083 -0.46295
vn 0.54478 0.70578 -0.45287
vn 0.85926 0.39184 -0.32884
vn 0.80285 0.34273 -0.48782
vn 0.73814 0.27703 -0.61515
vn 0.67051 0.45198 -0.58833
vn 0.51353 0.63879 -0.57292
vn 0.36834 -0.54896 -0.75031
vn 0.46706 -0.39513 -0.79103
vn 0.56424 -0.38065 -0.73262
vn 0.50069 -0.50136 -0.70565
vn 0.50571 -0.27676 -0.8171
vn 0.61112 -0.26462 -0.74599
vn 0.72509 -0.24774 -0.64255
vn 0.68587 -0.36339 -0.63049
vn 0.63332 -0.47559 -0.6105
vn 0.8999 -0.2439 -0.3615
vn 0.85856 -0.37157 -0.35328
vn 0.78855 -0.3638 -0.49583
vn 0.8254 -0.24249 -0.50982
vn 0.80887 -0.47812 -0.34226
vn 0.73937 -0.47274 -0.47943
vn 0.9145 0.20367 -0.34959
vn 0.84265 0.16859 -0.51138
vn 0.93245 0.01977 -0.36075
vn 0.85473 0.00294 -0.51907
vn 0.76401 -0.02287 -0.6448
vn 0.76097 0.12138 -0.63734
vn 0.92392 -0.11996 -0.36329
vn 0.84665 -0.12668 -0.51684
vn 0.75079 -0.14097 -0.64533
vn 0 0.95651 -0.29168
vn 0.31436 0.90209 -0.29565
vn 0.29646 0.84207 -0.45059
vn -0 0.89301 -0.45005
vn 0.28055 0.77329 -0.5686
vn -0 0.82234 -0.569
vn 0.6922 -0.54715 0.47061
vn 0.65883 -0.54048 0.52329
vn 0.73116 -0.52149 0.43984
vn 0.73705 -0.53765 0.4095
vn 0.68314 -0.35884 0.63605
vn 0.79769 -0.37556 0.47186
vn 0.84221 -0.45343 0.29168
vn 0.78439 -0.54964 0.28744
vn 0.79198 -0.54463 0.27594
vn 0.79686 -0.59391 0.11079
vn 0.81753 -0.56412 0.11582
vn 0.84169 -0.53024 0.10202
vn 0.81096 -0.57993 -0.07763
vn 0.76616 -0.63963 -0.06215
vn 0.80087 -0.59674 -0.05
vn 0.69082 -0.6866 -0.22657
vn 0.75157 -0.62638 -0.20685
vn 0.73584 -0.61712 -0.27875
vn 0.51104 -0.67606 -0.53083
vn 0.58468 -0.72105 -0.3718
vn 0.68289 -0.6448 -0.34336
vn -0 0.60757 0.79427
vn 0.26094 0.5618 0.78504
vn 0.28682 0.71779 0.63444
vn -0 0.76314 0.64624
vn 0.44881 0.45821 0.76721
vn 0.51656 0.59903 0.61183
vn 0.56202 0.70854 0.42674
vn 0.30409 0.83929 0.4507
vn 0 0.88599 0.46371
vn 0.31637 0.91027 0.26706
vn 0 0.95901 0.28338
vn 0.59021 0.77169 0.23696
vn 0.60526 0.7943 0.05238
vn 0.32733 0.9411 0.08479
vn -0 0.99476 0.10222
vn 0.32803 0.93863 -0.10662
vn -0 0.99545 -0.09529
vn 0.60122 0.78887 -0.12735
vn 0.71069 -0.0826 0.69864
vn 0.72326 -0.16588 0.67036
vn 0.85674 -0.14237 0.49571
vn 0.84788 -0.02502 0.5296
vn 0.74172 -0.24056 0.62608
vn 0.85377 -0.2458 0.45897
vn 0.92802 -0.2412 0.28391
vn 0.94197 -0.13137 0.30894
vn 0.93965 -0.00531 0.3421
vn 0.97925 -0.13035 0.15515
vn 0.98409 -0.00304 0.17763
vn 0.96077 -0.23935 0.14011
vn 0.97047 -0.24069 -0.01574
vn 0.9921 -0.12533 -0.00544
vn 0.99994 0.00872 0.00681
vn 0.97483 -0.11939 -0.18829
vn 0.98337 0.02178 -0.18028
vn 0.95018 -0.24336 -0.19474
vn 0.6487 0.19927 0.73449
vn 0.69492 0.04569 0.71764
vn 0.82036 0.12636 0.5577
vn 0.76308 0.28863 0.57828
vn 0.91219 0.16227 0.37626
vn 0.84865 0.34745 0.39885
vn 0.96304 0.17873 0.20152
vn 0.89858 0.38313 0.21394
vn 0.97967 0.19959 0.02017
vn 0.91353 0.40588 0.02709
vn 0.96231 0.21393 -0.16792
vn 0.89797 0.4121 -0.15435
vn 0.75321 -0.3255 0.5716
vn 0.83366 -0.35174 0.42578
vn 0.75436 -0.409 0.51348
vn 0.80161 -0.44251 0.40201
vn 0.85698 -0.44403 0.26158
vn 0.89661 -0.35244 0.2681
vn 0.92637 -0.35303 0.13117
vn 0.88584 -0.44671 0.12543
vn 0.88589 -0.463 -0.02898
vn 0.93158 -0.36278 -0.0233
vn 0.9069 -0.37243 -0.19706
vn 0.85678 -0.47715 -0.1956
vn 0.73645 -0.48683 0.46973
vn 0.7686 -0.50311 0.39514
vn 0.82263 -0.50289 0.26529
vn 0.85231 -0.50895 0.12053
vn 0.84635 -0.53128 -0.03788
vn 0.81026 -0.55168 -0.19779
vn 0.75687 -0.55984 -0.33722
vn 0.57 0.33528 0.75013
vn 0.67141 0.44412 0.59327
vn 0.74289 0.52881 0.41046
vn 0.785 0.5794 0.21925
vn 0.8 0.59912 0.03244
vn 0.79004 0.59626 -0.14251
vn 0.45983 0.74026 -0.49048
vn 0.78442 0.55676 -0.27333
vn 0.4592 0.88129 -0.11168
vn 0.25426 0.94519 -0.20488
vn 0.91941 0.38754 -0.06706
vn 0.60231 0.79824 -0.00561
vn 0.5564 0.83022 0.03388
vn 0.4742 0.87853 -0.05764
vn 0.30743 0.9427 -0.12963
vn 0.94851 0.30442 0.08754
vn 0.67934 0.72826 0.09014
vn 0.92228 0.30619 0.2359
vn 0.70047 0.68927 0.18504
vn 0.5956 0.78063 0.18941
vn 0.58787 0.80077 0.11482
vn 0.02842 -0.93063 0.36485
vn 0.06274 -0.9377 0.34174
vn 0 -0.92781 0.37306
vn 0 -0.7512 0.66008
vn 0.06581 -0.75977 0.64685
vn 0.13735 -0.78054 0.60983
vn 0.59515 0.41602 0.68755
vn 0.53343 0.47256 0.70153
vn 0.71727 0.30007 0.62887
vn 0.56242 0.10408 0.82028
vn 0.46842 0.23415 0.85191
vn 0.40671 0.30713 0.86038
vn 0.89221 -0.29102 0.34535
vn 0.85169 -0.05041 0.52162
vn 0.68881 -0.68695 0.2316
vn 0.67717 -0.62384 0.3902
vn 0.81548 -0.35631 0.45611
vn 0.78888 -0.18261 0.58679
vn 0.13722 -0.9416 0.3075
vn 0.24553 -0.93118 0.26948
vn 0.24412 -0.79395 0.55681
vn 0.36109 -0.79309 0.49054
vn 0.75678 -0.03805 0.65256
vn 0.72604 -0.02908 0.68704
vn 0.6934 -0.15281 0.70416
vn 0.62248 -0.15583 0.76696
vn 0.81288 0.144 0.56435
vn 0.80998 0.07773 0.58129
vn 0.61823 -0.14693 0.77214
vn 0.62281 -0.06717 0.77949
vn 0.75881 0.03463 0.65039
vn 0.60211 -0.1556 0.7831
vn 0.40563 0.59365 0.69501
vn 0 0.70723 0.70699
vn 0.29172 0.413 0.86275
vn 0 0.48726 0.87326
vn 0.39146 -0.89068 0.23118
vn 0.48165 -0.76991 0.41862
vn 0.39117 -0.37314 -0.84128
vn 0.40464 -0.26835 -0.87422
vn 0.31616 -0.51132 -0.79912
vn 0.24856 -0.45077 -0.85734
vn 0.27305 -0.33925 -0.9002
vn 0.28021 -0.25296 -0.92601
vn 0.40532 0.47117 -0.7834
vn 0.33976 0.39405 -0.85398
vn 0.18502 0.4939 -0.84961
vn 0.2247 0.5905 -0.77512
vn 0.26888 0.32266 -0.90752
vn 0.14682 0.36004 -0.92131
vn -0 0.37677 -0.92631
vn -0 0.52114 -0.85347
vn -0 0.6312 -0.77562
vn 0.28716 -0.09052 -0.9536
vn 0.14249 -0.08874 -0.98581
vn 0.14576 0.00432 -0.98931
vn 0.29408 0.00501 -0.95577
vn -0 -0.08784 -0.99613
vn -0 0.00616 -0.99998
vn -0 0.10329 -0.99465
vn 0.14598 0.09927 -0.98429
vn 0.29837 0.10057 -0.94914
vn 0.13957 0.21086 -0.9675
vn 0.29215 0.20656 -0.9338
vn 0 0.22242 -0.97495
vn 0.51491 0.30541 -0.80099
vn 0.41975 0.24584 -0.87371
vn 0.55034 0.16022 -0.81942
vn 0.43359 0.12225 -0.89278
vn 0.12819 -0.34335 -0.93042
vn 0.13617 -0.24949 -0.95876
vn 0.13249 -0.48405 -0.86495
vn 0 -0.49831 -0.867
vn 0 -0.35348 -0.93544
vn 0 -0.25156 -0.96784
vn 0.55362 0.03918 -0.83185
vn 0.42907 0.01625 -0.90312
vn 0.54488 -0.07851 -0.83483
vn 0.41998 -0.08953 -0.9031
vn 0.30785 -0.64685 -0.69772
vn 0.17114 -0.69307 -0.70026
vn 0.18959 -0.64273 -0.74227
vn 0.28414 -0.73421 -0.6166
vn 0.15798 -0.77129 -0.61657
vn -0 -0.78852 -0.61501
vn -0 -0.71454 -0.6996
vn 0 -0.66802 -0.74415
vn 0.64253 -0.16454 -0.74839
vn 0.52784 -0.18424 -0.82912
vn 0.66251 -0.05346 -0.74714
vn 0.66782 0.07505 -0.74053
vn 0.65622 0.21228 -0.72409
vn 0.46823 0.55742 -0.6856
vn 0.2576 0.68763 -0.67883
vn 0 0.73381 -0.67936
vn 0.28251 -0.17871 -0.94247
vn 0.13942 -0.17462 -0.97472
vn -0 -0.17445 -0.98467
vn 0.22293 -0.67429 -0.70401
vn 0.16924 -0.81364 -0.5562
vn 0.32337 -0.7819 -0.53298
vn -0 -0.66767 -0.74445
vn -0 -0.82613 -0.56348
vn 0.52666 -0.63625 -0.56375
vn 0.60082 -0.64975 -0.46566
vn 0.46984 -0.7309 -0.49501
vn 0.40658 -0.68845 -0.60061
vn 0.57687 -0.56387 -0.59098
vn 0.43702 -0.59854 -0.67139
vn 0.68551 -0.55853 -0.46703
vn 0.12614 -0.52268 0.84314
vn 0.25562 -0.54749 0.79682
vn -0 -0.5116 0.85922
vn -0 -0.2181 0.97593
vn 0.19512 -0.22926 0.95361
vn 0.37789 -0.25152 0.89103
vn 0.47921 0.24226 0.8436
vn 0.39301 0.33714 0.8555
vn 0.55622 0.11177 0.82348
vn 0.75764 -0.43654 0.4852
vn 0.75456 -0.31881 0.57359
vn 0.67405 -0.57667 0.46164
vn 0.39825 -0.56642 0.7215
vn 0.50611 -0.59578 0.62362
vn 0.54939 -0.28243 0.78639
vn 0.70234 -0.25471 0.66471
vn 0.65067 -0.20961 0.72986
vn 0.59957 -0.04887 0.79883
vn 0.60275 -0.1486 0.78397
vn 0.61361 -0.18037 0.76873
vn 0.2503 0.43477 0.86506
vn -0 0.48847 0.87258
vn 0.57404 -0.62896 0.52429
vn 0.99223 0.11265 -0.05286
vn 0.53364 -0.24827 -0.80845
vn 0.48493 -0.37808 -0.7886
vn 0.29935 -0.35777 -0.88453
vn 0.33412 -0.24843 -0.9092
vn 0.41514 -0.54704 -0.72692
vn 0.24598 -0.54056 -0.80454
vn -0 -0.53888 -0.84238
vn -0 -0.3498 -0.93682
vn -0 -0.25027 -0.96818
vn 0.59674 -0.02413 -0.80207
vn 0.5711 -0.11808 -0.81234
vn 0.36059 -0.1511 -0.9204
vn 0.37703 -0.0774 -0.92296
vn -0 -0.16817 -0.98576
vn -0 -0.09973 -0.99501
vn 0.61093 0.29289 -0.73551
vn 0.61761 0.09056 -0.78125
vn 0.38718 0.03129 -0.92147
vn 0.37964 0.22973 -0.89616
vn 0 0.01192 -0.99993
vn 0 0.21111 -0.97746
vn 0.56039 0.60094 -0.56994
vn 0.57369 0.49393 -0.65338
vn 0.35877 0.42 -0.8336
vn 0.36158 0.51022 -0.78034
vn -0 0.39518 -0.9186
vn -0 0.47239 -0.88139
vn 0.63477 0.71748 0.28687
vn 0.71066 0.60488 0.35927
vn 0.69921 0.66065 0.27322
vn 0.63043 0.7498 0.20088
vn 0.78714 0.44566 0.42637
vn 0.7943 0.49486 0.35241
vn 0.77824 0.56932 0.26499
vn 0.66966 0.72221 0.17312
vn 0.61376 0.78139 0.11284
vn 0.63233 0.77119 0.07366
vn 0.58747 0.80845 0.03597
vn 0.71104 0.69492 0.10727
vn 0.69166 0.7221 -0.01344
vn 0.60861 0.79323 -0.01942
vn 0.55913 0.8282 -0.0382
vn 0.52051 0.84174 -0.14337
vn 0.60583 0.77986 -0.15745
vn 0.61438 0.76355 -0.19883
vn 0.51908 0.83793 -0.16861
vn 0.70649 0.68338 -0.18401
vn 0.72338 0.6501 -0.23258
vn 0.72681 0.62033 -0.29486
vn 0.6172 0.74244 -0.26047
vn 0.52597 0.82244 -0.21666
vn 0.58118 0.75257 -0.30963
vn 0.6457 0.65405 -0.39406
vn 0.65027 0.5832 -0.48685
vn 0.60702 0.69026 -0.39379
vn 0.74341 0.46092 -0.48466
vn 0.71566 0.38364 -0.58366
vn 0.32654 0.7307 0.59954
vn 0.37953 0.58217 0.71906
vn 0.50549 0.57243 0.6456
vn 0.43407 0.71685 0.54563
vn 0.42794 0.39706 0.81192
vn 0.56507 0.39192 0.72601
vn 0.67999 0.39513 0.61765
vn 0.61653 0.565 0.54833
vn 0.54006 0.70052 0.46648
vn 0.83854 0.26987 0.47331
vn 0.86336 0.29264 0.41106
vn 0.87118 0.06405 0.48677
vn 0.90373 0.06038 0.42383
vn 0.92065 0.05157 0.38696
vn 0.87603 0.31134 0.36829
vn 0.82833 0.32284 -0.45786
vn 0.80738 0.43567 -0.39791
vn 0.82248 0.422 -0.38137
vn 0.83515 0.31828 -0.44857
vn 0.78632 0.52413 -0.32709
vn 0.81617 0.47824 -0.32427
vn 0.87895 0.34726 -0.3269
vn 0.87262 0.3142 -0.37392
vn 0.86297 0.2738 -0.42465
vn 0.89136 -0.36101 0.27415
vn 0.86625 -0.4733 0.16001
vn 0.8962 -0.42527 0.12637
vn 0.90816 -0.35009 0.22951
vn 0.82342 -0.56633 0.03547
vn 0.88706 -0.46128 0.01843
vn 0.96713 -0.25334 0.02195
vn 0.9567 -0.26428 0.12197
vn 0.94705 -0.26478 0.18161
vn 0.78399 0.23002 -0.57658
vn 0.7344 0.17273 -0.65637
vn 0.78048 0.08766 -0.619
vn 0.71368 0.03808 -0.69944
vn 0.45995 0.19167 0.86701
vn 0.60054 0.19863 0.77453
vn 0.47031 -0.02958 0.88201
vn 0.61268 -0.00594 0.79031
vn 0.72919 0.02455 0.68387
vn 0.71519 0.21659 0.66452
vn 0.87388 -0.17864 0.45213
vn 0.90409 -0.19604 0.37972
vn 0.80168 -0.45765 0.38455
vn 0.82775 -0.46862 0.3086
vn 0.81533 -0.51873 0.2572
vn 0.91081 -0.22105 0.34866
vn 0.7928 -0.60351 -0.0851
vn 0.87585 -0.47293 -0.09605
vn 0.80281 -0.57038 -0.1737
vn 0.88039 -0.43911 -0.17914
vn 0.96272 -0.19437 -0.18815
vn 0.96641 -0.23609 -0.10156
vn 0.7632 0.58078 -0.28325
vn 0.80427 0.52199 -0.28405
vn 0.7457 0.6262 -0.22759
vn 0.79762 0.55748 -0.23025
vn 0.88287 0.40884 -0.23104
vn 0.87857 0.38166 -0.28713
vn 0.76504 -0.05346 -0.64176
vn 0.68925 -0.08633 -0.71936
vn 0.74747 -0.26905 -0.60737
vn 0.65297 -0.25206 -0.71421
vn 0.45911 -0.24548 0.85379
vn 0.60248 -0.22112 0.76689
vn 0.42259 -0.46349 0.77884
vn 0.55417 -0.46399 0.69109
vn 0.66242 -0.46306 0.58888
vn 0.72292 -0.19553 0.66268
vn 0.65465 -0.68712 0.31512
vn 0.68091 -0.69115 0.24221
vn 0.53212 -0.80414 0.26497
vn 0.54608 -0.81547 0.19187
vn 0.55132 -0.82338 0.13452
vn 0.68252 -0.70872 0.17858
vn 0.67268 -0.73228 0.10613
vn 0.75396 -0.64346 0.13229
vn 0.5599 -0.82434 0.08353
vn 0.57469 -0.81791 0.02754
vn 0.67106 -0.741 0.02436
vn 0.73952 -0.67277 0.02224
vn 0.76722 -0.63094 -0.11529
vn 0.69411 -0.71402 -0.09156
vn 0.70894 -0.69037 -0.14417
vn 0.79076 -0.58683 -0.17414
vn 0.60821 -0.79078 -0.06895
vn 0.62542 -0.77183 -0.11457
vn 0.64253 -0.73974 -0.19986
vn 0.72318 -0.64437 -0.2486
vn 0.80193 -0.52113 -0.29213
vn 0.68115 -0.46173 -0.56819
vn 0.59801 -0.40596 -0.69107
vn 0.60639 -0.61468 -0.50444
vn 0.52366 -0.5659 -0.63682
vn 0.40898 0.90255 -0.13468
vn 0.43309 0.89257 -0.12549
vn 0.53476 0.8382 -0.10697
vn 0.24068 0.96558 -0.09865
vn 0.24494 0.96253 -0.11634
vn 0.48404 0.87132 -0.08062
vn 0.59762 0.76825 0.22945
vn 0.56997 0.76022 0.31178
vn 0.61205 0.69744 0.37277
vn 0.57161 0.77398 0.27243
vn 0.48568 0.78983 0.37455
vn 0.49014 0.77254 0.40366
vn 0.57757 0.78823 -0.21238
vn 0.49236 0.85186 -0.17864
vn 0.54585 0.79409 -0.26732
vn 0.64775 0.76133 0.02801
vn 0.40296 0.91433 -0.04025
vn 0.3027 0.9507 -0.06743
vn 0.43338 0.88757 -0.1562
vn 0.54862 0.83603 -0.00836
vn 0.59107 0.80349 0.07106
vn 0.36859 -0.64332 0.67103
vn 0.47114 -0.66557 0.57883
vn 0.32533 -0.74884 0.57741
vn 0.41014 -0.76757 0.49257
vn 0.46095 -0.78322 0.41725
vn 0.54448 -0.68318 0.48663
vn 0.28203 0.82901 0.48291
vn 0.29042 0.81083 0.50815
vn 0.38127 0.79481 0.47214
vn 0.36785 0.81294 0.45145
vn -0 0.43974 -0.89813
vn 0.41006 0.48715 -0.77106
vn 0 0.29812 -0.95453
vn 0.49314 0.33387 -0.80333
vn 0.76136 0.42169 -0.49246
vn 0.61843 0.59262 -0.51609
vn 0 -1 -3E-05
vn -0.00084 -1 -0.00025
vn -0.00102 -1 -0.00054
vn 0 -1 -0.00014
vn 0.00103 -1 0.00051
vn 0.00111 -1 0.00073
vn 0.00128 -1 0.00075
vn -0.00132 -1 -0.00121
vn -0 -1 -0.0006
vn -0 -1 -0.00112
vn 0.00117 -1 -0.0025
vn 0.00022 -1 -0.00063
vn 0 -1 -0.00011
vn 0.008 -0.9999 -0.0113
vn 0.00432 -0.99998 -0.00427
vn 0.00246 -1 -0.00167
vn -0.00022 -1 -0.00021
vn 0 -1 -5E-05
vn 0.64205 0.69972 -0.31331
vn 0.81192 0.54001 -0.22175
vn 0.72352 -0.55697 -0.4078
vn 0.78634 -0.41734 -0.45553
vn 0.64655 -0.68359 -0.33865
vn 0.8654 -0.34794 -0.36059
vn 0.86378 -0.15237 -0.48028
vn 0.87954 -0.14251 -0.45399
vn 0.90472 -0.25668 -0.33998
vn 0.86248 -0.01963 -0.50571
vn 0.86212 -0.01934 -0.50634
vn 0.87267 0.02558 -0.48764
vn 0.90304 -0.00223 -0.42956
vn 0.94306 -0.04986 -0.32887
vn 0.86311 0.12807 -0.48851
vn 0.8472 0.22104 -0.48311
vn 0.85662 0.20802 -0.47216
vn 0.87051 0.12577 -0.4758
vn 0.88092 0.19813 -0.4298
vn 0.88769 0.1347 -0.4403
vn 0.62369 0.70762 -0.33207
vn 0.72225 0.57922 -0.37796
vn 0 -0.99909 -0.04262
vn 0.00557 -0.99899 -0.04449
vn 0.00214 -0.99994 -0.01081
vn 0 -0.99996 -0.00925
vn 0.01353 -0.9989 -0.04481
vn 0.01298 -0.99958 -0.02604
vn 0 0.91454 0.4045
vn -0 0.98439 0.17601
vn 0.21618 0.97004 0.11087
vn 0.35693 0.87801 0.31891
vn -0 0.99818 0.06023
vn 0.13685 0.99033 0.02268
vn 0.86983 0.39035 0.3017
vn 0.81514 0.50234 0.28846
vn 0.39678 0.6781 0.61866
vn 0.46761 0.60451 0.64491
vn 0.71676 0.66961 0.19464
vn 0.3397 0.87472 0.34563
vn 0 0.9167 0.39958
vn 0 0.72476 0.689
vn 0 0.67646 0.73648
vn 0.86113 0.11508 -0.49519
vn 0.81792 0.21593 -0.53327
vn 0.94114 0.30561 -0.14441
vn 0.97413 0.19378 -0.11624
vn 0.73217 0.43013 -0.52813
vn 0.76178 0.61914 -0.19067
vn 0 0.09916 -0.99507
vn -0 0.22119 -0.97523
vn 0.44805 0.20499 -0.87019
vn 0.51039 0.09662 -0.8545
vn -0 0.59509 -0.80366
vn 0.38575 0.56055 -0.73279
vn 0.86021 0.18301 -0.47598
vn 0.95453 0.26704 -0.13254
vn 0.84751 0.47487 0.2371
vn 0.34348 0.90945 -0.23436
vn -0 0.96999 -0.24315
vn 0 0.1426 -0.98978
vn 0.53553 0.14981 -0.83112
vn 0.46813 0.69003 0.55201
vn 0 0.76597 0.64288
vn 0.60177 0.78413 0.15167
vn 0.60588 -0.68843 0.39871
vn 0.74675 -0.45881 0.48152
vn 0.50125 -0.79363 0.34482
vn 0.81554 -0.17811 0.55061
vn 0.81621 0.05222 0.57538
vn 0.79481 0.24357 0.55583
vn 0.75531 0.41254 0.50923
vn 0.6883 0.57235 0.44571
vn 0.40807 0.51211 0.75579
vn 0.2377 0.56691 0.78874
vn 0.20029 0.79139 0.57757
vn 0.32204 0.75918 0.56563
vn 0 0.60044 0.79967
vn 0 0.81263 0.58277
vn 0 0.85715 0.51507
vn 0.18149 0.84545 0.50227
vn 0.72998 0.42774 0.53307
vn 0.56806 0.4729 0.67355
vn 0.43243 0.73722 0.51915
vn 0.56811 0.71242 0.41196
vn 0.6663 0.68822 0.28705
vn 0.85048 0.36351 0.3802
vn 0.4112 -0.18641 -0.89228
vn 0 -1 -1E-05
vn -0.00065 -1 -9E-05
vn -0.00072 -1 -0.00013
vn 0 -1 -1E-05
vn 0.00084 -1 0.0002
vn 0.00091 -1 0.0003
vn 0.18594 -0.97828 0.0916
vn 0.17111 -0.98367 0.05586
vn 0.38076 -0.91539 0.13069
vn 0.39204 -0.8988 0.19613
vn 0.15937 -0.98651 0.03729
vn 0.36937 -0.92501 0.08902
vn 0.15702 -0.98726 0.02589
vn 0.37166 -0.92653 0.05835
vn 0.16167 -0.98676 0.01274
vn 0.38537 -0.92244 0.02448
vn 0.17559 -0.98435 -0.01469
vn 0.18487 -0.98229 -0.03053
vn 0.43914 -0.89529 -0.07489
vn 0.4201 -0.90656 -0.04085
vn 0.19144 -0.97973 -0.05898
vn 0.45468 -0.88021 -0.13601
vn 0.1813 -0.96843 -0.17108
vn 0.15477 -0.96288 -0.22114
vn 0.36157 -0.80555 -0.46941
vn 0.42734 -0.82472 -0.37043
vn 0.11428 -0.96145 -0.2501
vn 0.27277 -0.80666 -0.52431
vn 0.1922 -0.97552 -0.10685
vn 0.4579 -0.85613 -0.23951
vn 0.18588 -0.96751 0.1714
vn 0.19099 -0.9722 0.13549
vn 0.38529 -0.88222 0.27063
vn 0.36347 -0.87058 0.33165
vn 0.05754 -0.96403 -0.25948
vn 0.15034 -0.81563 -0.5587
vn -0 -0.96606 -0.25832
vn -0 -0.82084 -0.57115
vn 0.16897 -0.59758 -0.78381
vn 0 -0.61587 -0.78785
vn 0.13501 -0.95943 0.24754
vn 0.17177 -0.96305 0.20742
vn 0.32677 -0.86122 0.38926
vn 0.25644 -0.85344 0.45374
vn -0.00041 -1 -9E-05
vn -0 -1 -2E-05
vn 0.00154 -1 -0.00072
vn 0.00107 -1 -0.00031
vn -0.0005 -1 -4E-05
vn -0 -1 -1E-05
vn 0.40998 0.90197 -0.13549
vn 0.25885 0.96266 -0.07923
vn 0.68128 -0.73061 -0.04542
vn 0.74831 -0.66042 -0.06225
vn 0.59155 -0.80577 -0.02823
vn 0.77014 0.63783 -0.00714
vn 0.79503 0.59394 0.12314
vn 0.83145 0.54856 0.08815
vn 0.82319 0.56731 -0.02267
vn 0.83254 0.48516 0.26739
vn 0.85388 0.47221 0.21889
vn 0.90702 0.3914 0.1553
vn 0.90901 0.40896 0.08039
vn 0.9087 0.41715 -0.016
vn 0.90459 0.05062 0.42326
vn 0.90578 -0.19809 0.3746
vn 0.93007 -0.19631 0.31053
vn 0.93591 0.04042 0.34991
vn 0.96756 -0.1481 0.20469
vn 0.97662 0.05765 0.20712
vn 0.60285 0.79116 -0.10311
vn 0.69431 0.71051 -0.11447
vn 0.09875 0.99495 -0.01822
vn -0 0.99998 0.00638
vn -0 0.99961 -0.02781
vn 0.07848 0.99574 -0.04838
vn 0.06821 0.99496 -0.07345
vn 0 0.99862 -0.05242
vn 0 0.99703 -0.07697
vn 0.067 0.99144 -0.11209
vn 0.07275 0.97377 -0.21561
vn -0 0.98356 -0.18056
vn -0 0.84783 -0.53026
vn 0.14933 0.82193 -0.54966
vn 0.1683 -0.98573 -0.00222
vn 0.40247 -0.91535 -0.01188
vn -0.00166 -0.99999 -0.00301
vn -0 -1 -0.0025
vn 0.00205 -1 0.00114
vn 0.00183 -0.99999 0.00389
vn -0.00016 -1 0.00309
vn 0 -1 0.0024
vn -0 -0.46891 0.88324
vn -0 -0.62528 0.7804
vn 0.21309 -0.62902 0.74761
vn 0.2429 -0.46622 0.85067
vn 0 -0.73392 0.67924
vn 0.18691 -0.7369 0.64965
vn -0 -0.05351 0.99857
vn -0 -0.27444 0.9616
vn 0.26459 -0.26556 0.92707
vn 0.27251 -0.04652 0.96103
vn 0 0.40762 0.91315
vn 0 0.1886 0.98205
vn 0.26679 0.18936 0.94497
vn 0.24713 0.40406 0.88071
vn -0 0.74553 0.66647
vn 0 0.59433 0.80422
vn 0.21913 0.59025 0.77691
vn 0.19264 0.74044 0.64393
vn -0 0.83107 0.55617
vn 0.17994 0.82328 0.53835
vn 0.24252 0.16755 0.95557
vn 0 0.19167 0.98146
vn 0.44118 0.12389 0.88883
vn 0.62329 0.07854 0.77804
vn 0.7814 0.01865 0.62375
vn 0.88676 -0.07139 0.45668
vn 0.94169 -0.19169 0.27652
vn 0.9557 -0.2805 0.08924
vn 0.95183 -0.29184 -0.09406
vn 0.91195 -0.22294 -0.34446
vn 0.69468 -0.10259 -0.71197
vn 0.28972 0.0548 -0.95554
vn -0 0.12264 -0.99245
vn -0 -0.95987 0.28045
vn 0.07222 -0.95905 0.27387
vn 0.14294 -0.851 0.50534
vn -0 -0.85151 0.52434
vn 0.03696 -0.99925 0.01118
vn 0.03996 -0.99903 0.01873
vn 0.03472 -0.99937 0.00768
vn 0.00082 -1 0.00014
vn 0.03403 -0.9994 0.00564
vn 0.00083 -1 6E-05
vn 0.03434 -0.99941 0.00301
vn 0.03745 -0.99928 -0.00655
vn 0.03556 -0.99936 -0.00286
vn 0.03987 -0.99911 -0.01365
vn 0.04837 -0.99565 -0.07967
vn 0.04673 -0.99763 -0.05059
vn 0.04053 -0.9933 -0.10818
vn 0.04294 -0.99871 -0.02704
vn 0.04178 -0.99871 0.02888
vn 0.04311 -0.99832 0.03873
vn 0.01904 -0.99278 -0.11841
vn -0 -0.99308 -0.11748
vn 0.04412 -0.99766 0.05215
vn 0.03669 -0.99692 0.0693
vn 0.00089 -1 -8E-05
vn 0.0348 -0.99939 -0.00014
vn 0.0184 -0.99685 0.07711
vn 0 -0.99701 0.07725
vn 0 -1 -1E-05
vn -0.00061 -1 -6E-05
vn 0 -1 -0
vn -0.00058 -1 -4E-05
vn 0 -1 -0
vn -0.00055 -1 -3E-05
vn 0.82981 -0.55792 0.01134
vn 0.85068 -0.51069 0.12467
vn 0.82336 -0.54905 0.1436
vn 0.80416 -0.59397 0.02306
vn 0.88344 -0.4003 0.24351
vn 0.86234 -0.43198 0.26413
vn 0.90455 -0.28647 -0.3158
vn 0.89674 -0.38841 -0.21211
vn 0.86829 -0.45379 -0.20037
vn 0.87738 -0.36038 -0.31675
vn 0.86113 -0.48487 -0.15281
vn 0.83476 -0.53254 -0.13991
vn 0.85923 0.4647 0.21395
vn 0.83619 0.54137 0.08774
vn 0.79587 0.59522 0.11092
vn 0.82949 0.50237 0.24407
vn 0.8279 0.56036 -0.02381
vn 0.78782 0.61579 -0.01176
vn 0.83454 0.50766 -0.21408
vn 0.84887 0.4596 -0.26114
vn 0.81622 0.51845 -0.25494
vn 0.79936 0.56458 -0.20561
vn 0.85142 0.42605 -0.30589
vn 0.81899 0.48378 -0.30856
vn 0.92152 0.03144 0.38707
vn 0.895 0.29306 0.3363
vn 0.88553 0.3075 0.34824
vn 0.92384 0.04555 0.38007
vn 0.91222 -0.22349 0.34338
vn 0.90772 -0.22593 0.35357
vn 0.86565 -0.05126 -0.49803
vn 0.88535 -0.16932 -0.43299
vn 0.85432 -0.24881 -0.45633
vn 0.82884 -0.13059 -0.54404
vn 0.84303 0.39429 -0.36585
vn 0.80742 0.44966 -0.38193
vn 0.8372 0.32435 -0.44032
vn 0.80424 0.3681 -0.46658
vn 0.85112 0.12043 -0.51097
vn 0.85906 0.03354 -0.51078
vn 0.8272 -0.00114 -0.5619
vn 0.82807 0.11538 -0.54862
vn 0.84163 0.22094 -0.49279
vn 0.81848 0.23568 -0.52398
vn 0.83138 -0.54884 -0.08714
vn 0.80809 -0.58403 -0.07681
vn 0.82608 0.54755 -0.13337
vn 0.78868 0.60199 -0.1249
vn 0.94559 0.26268 0.19197
vn 0.96083 0.2615 0.09179
vn 0.99082 0.07774 0.11061
vn 0.99507 0.09869 0.00974
vn 0.96173 0.27398 -0.00369
vn 0.93439 0.26804 -0.23466
vn 0.92227 0.24964 -0.29512
vn 0.96393 0.12874 -0.23294
vn 0.94431 0.14477 -0.2955
vn 0.92659 0.15488 -0.34269
vn 0.91426 0.22741 -0.33529
vn 0.9864 -0.11376 0.11865
vn 0.99585 -0.08893 0.01931
vn 0.97704 -0.01981 -0.21214
vn 0.96212 0.03607 -0.27023
vn 0.96171 -0.12323 -0.24479
vn 0.93868 0.08364 -0.33448
vn 0.90778 0.09748 -0.40797
vn 0.90778 0.14925 -0.392
vn 0.88113 0.08002 -0.46606
vn 0.90318 0.20706 -0.37602
vn 0.99184 -0.05975 -0.11264
vn 0.98563 0.11494 -0.12378
vn 0.95207 0.2771 -0.12951
vn 0.89719 0.42072 -0.13432
vn 0.87337 0.30446 0.38016
vn 0.90131 0.28969 0.32206
vn 0.75025 0.64816 -0.13046
vn 0.80749 0.57351 -0.13803
vn 0.83983 -0.484 -0.24581
vn 0.90105 -0.35927 -0.24299
vn 0.86722 0.05079 -0.49533
vn 0.86925 0.0571 -0.49106
vn 0.6043 0.37598 -0.70247
vn 0.24133 -0.7632 0.5994
vn 0.30675 -0.75035 0.58555
vn 0.47929 -0.71127 0.51418
vn 0.43683 -0.72987 0.52581
vn 0.35157 -0.71094 0.60907
vn 0.49528 -0.66624 0.55752
vn 0.51695 -0.65607 0.54985
vn 0.52823 -0.69629 0.48595
vn 0.51486 -0.71308 0.47586
vn -0.01806 -0.45582 0.88989
vn -0.0067 -0.45436 0.89079
vn -0.04722 -0.1111 0.99269
vn -0.02296 -0.1519 0.98813
vn 0.02547 -0.48723 0.8729
vn -0.07013 -0.07271 0.99488
vn -0.10642 0.45745 0.88284
vn -0.07049 0.42476 0.90256
vn -0.03147 0.39857 0.9166
vn -0.43799 0.89565 -0.07725
vn -0.39095 0.89562 -0.2122
vn -0.62297 0.77759 -0.08527
vn -0.56671 0.78832 -0.23956
vn -0.4831 0.7976 -0.36118
vn -0.32328 0.89518 -0.30684
vn -0.31219 0.86566 -0.39137
vn -0.48398 0.74383 -0.46096
vn -0.46099 0.8435 -0.27569
vn -0.27456 0.94353 -0.18541
vn -0.79022 0.5097 -0.34022
vn -0.76047 0.63644 -0.12896
vn -0.66661 0.72993 0.15113
vn -0.47169 0.86025 0.19356
vn -0.27129 0.92693 0.25923
vn -0.34087 -0.59891 0.72464
vn -0.72291 -0.35771 0.59114
vn -0.67939 -0.27249 0.6813
vn -0.40517 -0.24781 0.88001
vn -0.8902 -0.06623 0.45074
vn -0.83835 -0.10593 0.53474
vn -0.81839 0.12156 0.56166
vn -0.69093 0.2314 0.68489
vn -0.41432 0.42199 0.80639
vn -0.61293 0.6793 -0.40356
vn -0.53504 0.68888 -0.48905
vn -0.38677 0.81462 -0.43222
vn -0.81963 0.45148 -0.35266
vn -0.79637 0.44195 -0.4129
vn -0.53558 -0.68191 0.49815
vn -0.96469 -0.00165 0.26338
vn -0.92852 -0.08375 0.36172
vn -0.47531 -0.69282 0.5423
vn -0.94164 0.28951 0.17174
vn -0.9346 0.25501 0.24799
vn -0.92847 0.19257 0.31759
vn -0.87364 -0.17643 0.45346
vn -0.40297 -0.70713 0.58102
vn -0.56911 -0.67674 0.46706
vn -0.98391 0.07966 0.15994
vn -0.59022 -0.66443 0.45846
vn -0.99109 0.12584 0.04372
vn -0.88226 0.47025 -0.02198
vn -0.93446 0.34266 0.09677
vn -0.00642 0.96049 0.27823
vn 0.01966 0.99361 0.1111
vn 0.00307 0.99192 0.12686
vn -0.00427 0.9535 0.30137
vn 0.03896 0.99038 -0.13278
vn 0.01139 0.99175 -0.12768
vn -0.03633 -0.98692 0.15703
vn -0.03976 -0.9911 0.12701
vn -0.0924 -0.98644 0.13562
vn -0.09268 -0.98454 0.1486
vn -0.05916 -0.9798 0.19103
vn -0.11478 -0.97251 0.2026
vn -0.18546 -0.95988 0.21034
vn -0.17237 -0.97504 0.13993
vn -0.18204 -0.97386 0.1359
vn -0.53973 -0.37651 0.75295
vn -0.98576 0.13379 0.10192
vn -0.99719 0.03983 -0.06352
vn -0.57213 -0.55705 0.60196
vn -0.99256 0.06462 -0.10323
vn -0.58468 -0.63776 0.5014
vn -0.75843 -0.62089 0.19819
vn -0.64534 -0.73602 0.20448
vn -0.93939 -0.23132 0.25306
vn -0.94116 -0.16976 0.29223
vn -0.6028 -0.76172 0.23752
vn -0.92381 -0.31124 0.22293
vn -0.98692 0.08125 0.13926
vn -0.9675 0.16712 0.18976
vn -0.94189 0.21588 0.25737
vn -0.27329 -0.1265 0.95358
vn -0.67313 0.41759 0.61034
vn -0.89081 0.29183 0.34827
vn -0.43346 -0.18933 0.88106
vn 0.02163 0.94297 -0.33218
vn 0.0519 0.94024 -0.33653
vn 0.06483 0.91106 -0.40715
vn 0.0341 0.91602 -0.39967
vn 0.21103 0.96778 -0.13736
vn 0.2012 0.96859 -0.14609
vn 0.16755 0.94916 -0.26652
vn 0.18453 0.93745 -0.29519
vn -0.17514 0.97656 -0.1251
vn -0.21899 0.96399 -0.15092
vn -0.21234 0.97435 -0.07447
vn 0.11335 0.93408 -0.33861
vn 0.1486 0.91402 -0.37747
vn 0.17562 -0.73443 0.65557
vn 0.13295 -0.75732 0.63936
vn 0.08397 -0.75964 0.6449
vn 0.14529 -0.69342 0.70574
vn 0.09058 -0.64223 0.76114
vn 0.01695 -0.61408 0.78907
vn 0.03249 -0.6769 0.73535
vn 0.03703 -0.61007 0.79148
vn 0.00452 -0.58169 0.8134
vn 0.32227 -0.64705 0.69099
vn 0.35126 -0.6644 0.65969
vn 0.19273 -0.70326 0.68431
vn 0.18859 -0.69827 0.69054
vn 0.24985 -0.77497 0.58052
vn 0.28822 -0.69713 0.65646
vn 0.17422 -0.75819 0.62833
vn 0.15179 -0.83668 0.52623
vn -0.37513 -0.00844 0.92693
vn -0.3481 -0.31182 0.88408
vn -0.16995 -0.32443 0.93052
vn -0.18291 -0.00688 0.9831
vn -0.25571 -0.68647 0.68072
vn -0.12228 -0.70394 0.69966
vn -0.85242 0.47221 -0.22449
vn -0.68435 0.67919 -0.26529
vn -0.7301 0.67899 -0.07695
vn 0.18946 -0.74239 0.64262
vn 0.05123 -0.7345 0.67668
vn -0.0419 0.87025 0.49083
vn -0.05417 0.87893 0.47387
vn -0.01157 0.93762 0.34748
vn -0.03013 0.91852 0.39422
vn -0.02061 0.90131 0.43269
vn 0.06193 0.96287 0.26278
vn 0.13767 0.9809 0.13742
vn 0.04369 0.97361 0.22401
vn -0.03772 -0.27649 0.96028
vn -0.23384 0.53288 0.81324
vn -0.41804 0.50674 0.75396
vn -0.12737 -0.18881 0.97372
vn -0.09181 0.53273 0.84129
vn 0.00471 -0.34258 0.93948
vn -0.10742 0.9458 0.30648
vn -0.0118 0.86915 0.49441
vn -0.00978 0.91146 0.41128
vn 0.30459 -0.72609 0.61646
vn 0.32459 -0.77153 0.54715
vn -0.59856 -0.65275 0.46438
vn 0.32333 -0.79779 0.50891
vn -0.92326 0.11477 0.36663
vn -0.89963 0.06032 0.43247
vn -0.92634 0.1821 0.32974
vn -0.92648 0.15275 0.34394
vn -0.92793 0.1044 0.35782
vn -0.87856 0.10075 0.46688
vn 0.47344 -0.72433 0.5012
vn 0.38809 -0.72227 0.57246
vn 0.40501 -0.73645 0.54185
vn 0.3248 -0.70194 0.63386
vn 0.10939 0.94009 -0.32289
vn 0.11528 0.98438 -0.13304
vn 0.1026 0.90987 -0.40202
vn -0.80976 -0.04009 0.58539
vn -0.739 -0.34583 0.57817
vn -0.52615 -0.31572 0.78961
vn -0.56898 -0.02114 0.82208
vn -0.50705 -0.70175 0.50045
vn -0.38219 -0.67816 0.62772
vn 0.37626 -0.60252 0.70385
vn 0.41729 -0.53121 0.73735
vn 0.37036 -0.61114 0.69953
vn 0.32106 -0.68914 0.64962
vn 0.45117 -0.52657 0.72053
vn 0.42076 -0.57621 0.70067
vn 0.48693 -0.58717 0.64663
vn 0.46946 -0.60893 0.63939
vn 0.31958 -0.74658 0.58351
vn 0.23691 -0.68503 0.68892
vn 0.22937 -0.7443 0.62722
vn 0.14185 -0.66751 0.73096
vn -0.20545 -0.91704 0.3418
vn -0.19911 -0.93549 0.29192
vn -0.14062 -0.94764 0.28671
vn -0.16853 -0.92251 0.34722
vn -0.08342 -0.95646 0.2797
vn -0.10897 -0.93208 0.34548
vn -0.01544 -0.99259 0.12052
vn -0.01476 -0.98673 0.16173
vn -0.02292 -0.98294 0.18251
vn 0.1936 0.98076 0.02508
vn 0.09274 0.99263 0.078
vn -0.24046 0.90529 -0.35017
vn -0.16727 0.94135 -0.29305
vn -0.12089 0.98829 -0.09313
vn -0.00507 -0.46361 0.88603
vn -0.005 -0.17349 0.98482
vn -0.00719 0.38974 0.9209
vn -0.91942 0.20587 0.3351
vn -0.93008 0.16993 0.32569
vn -0.87289 0.17965 0.45364
vn -0.87632 0.09548 0.47217
vn -0.92267 0.04313 0.38318
vn -0.94964 0.09238 0.29943
vn -0.90416 0.31426 0.28939
vn -0.87886 0.2897 0.37905
vn -0.90472 0.33767 0.25974
vn -0.91717 0.35162 0.18749
vn -0.90889 0.27954 0.30949
vn -0.83235 0.53577 0.14194
vn -0.90682 0.39662 0.14273
vn -0.80756 0.49673 0.31797
vn -0.89568 0.3589 0.26257
vn -0.63487 0.68083 0.36524
vn -0.64606 0.75638 0.10248
vn -0.46642 0.8788 0.10078
vn -0.47186 0.80776 0.35338
vn -0.72857 0.67228 0.13122
vn -0.69965 0.61488 0.36389
vn -0.88769 0.14782 0.43607
vn -0.81941 0.34083 0.46087
vn -0.93102 0.05637 0.36058
vn -0.93337 0.02691 0.35791
vn -0.91846 0.10602 0.38105
vn -0.87157 0.31946 0.3719
vn -0.0104 0.76933 0.63876
vn -0.04042 0.76673 0.64069
vn -0.07221 0.76763 0.63682
vn -0.08133 0.77486 0.62688
vn -0.63945 0.61884 0.45622
vn -0.35208 0.79001 0.50192
vn -0.67865 0.65802 0.32625
vn -0.29081 0.91101 0.2924
vn -0.00276 -0.5522 0.83371
vn -0.00039 -0.56661 0.82399
vn -0.80107 -0.27369 0.53234
vn -0.34568 -0.69196 0.6338
vn -0.9207 0.08927 0.37993
vn 0.05771 -0.60818 0.7917
vn 0.13285 -0.68371 0.71756
vn -0.92214 0.20071 0.33071
vn -0.95958 -0.04199 0.27829
vn -0.94729 -0.21051 0.24151
vn -0.9489 -0.14442 0.28059
vn 0.2892 -0.82214 0.49035
vn 0.23367 -0.83468 0.4987
vn 0.24141 -0.52903 0.81354
vn 0.25003 -0.4716 0.84562
vn 0.25466 -0.53165 0.80778
vn 0.27712 -0.64079 0.71595
vn 0.17937 -0.83201 0.52496
vn 0.13431 -0.82097 0.55496
vn 0.137 0.9891 0.05388
vn 0.18652 0.98205 -0.02819
vn -0.19217 0.98003 0.05101
vn -0.17328 0.98444 -0.02924
vn 0.07575 -0.7683 0.63559
vn -0.03202 -0.57499 0.81753
vn -0.19386 0.47568 0.85799
vn -0.14393 0.79686 0.58677
vn -0.04819 0.93304 0.35654
vn -0.28442 -0.87605 0.38941
vn -0.30264 -0.90259 0.30616
vn -0.57863 -0.74587 0.32993
vn -0.3018 -0.92848 0.21643
vn 0.05883 0.93116 -0.35982
vn 0.03863 0.93522 -0.35195
vn -0.0853 0.99598 0.0273
vn -0.0249 0.99887 0.04043
vn 0.10798 -0.81382 0.571
vn 0.17078 -0.74664 0.64293
vn 0.07717 0.92872 -0.36266
vn -0.15005 0.98863 -0.00983
vn 0.21006 -0.65162 0.72888
vn 0.05946 0.98419 0.16684
vn -0.23131 0.96116 0.15056
vn -0.15913 -0.09568 0.98261
vn -0.96515 -0.00776 0.26158
vn -0.83859 0.5284 0.13249
vn -0.81625 0.57738 0.01909
vn -0.72707 0.53902 0.42525
vn -0.30508 -0.94124 0.14492
vn -0.32944 -0.93598 0.12412
vn -0.06935 -0.89295 0.44479
vn -0.04501 -0.93914 0.34056
vn -0.15438 -0.88205 0.44514
vn -0.23075 -0.87151 0.43269
vn -0.51663 0.56823 0.64048
vn -0.3296 0.58671 0.73968
vn -0.77722 0.62303 0.08807
vn -0.74115 0.65062 0.16549
vn -0.15085 0.59691 0.788
vn -0.03268 -0.96152 0.27278
vn -0.71844 0.64963 0.24863
vn -0.91583 0.24315 0.3196
vn -0.94359 -0.04229 0.3284
vn -0.88119 -0.35471 0.31255
vn -0.5768 0.75888 -0.30233
vn -0.54478 0.70578 -0.45287
vn -0.71722 0.52083 -0.46295
vn -0.75955 0.57143 -0.31074
vn -0.51353 0.63879 -0.57292
vn -0.67051 0.45198 -0.58833
vn -0.73814 0.27703 -0.61515
vn -0.80285 0.34273 -0.48782
vn -0.85926 0.39184 -0.32884
vn -0.36834 -0.54896 -0.75031
vn -0.50069 -0.50136 -0.70565
vn -0.56424 -0.38065 -0.73262
vn -0.46706 -0.39513 -0.79103
vn -0.63332 -0.47559 -0.6105
vn -0.68587 -0.3634 -0.63049
vn -0.72509 -0.24774 -0.64255
vn -0.61112 -0.26462 -0.74599
vn -0.50571 -0.27676 -0.8171
vn -0.8999 -0.2439 -0.3615
vn -0.8254 -0.24249 -0.50982
vn -0.78855 -0.3638 -0.49583
vn -0.85856 -0.37157 -0.35328
vn -0.73937 -0.47274 -0.47943
vn -0.80887 -0.47812 -0.34226
vn -0.84265 0.16859 -0.51138
vn -0.9145 0.20367 -0.34959
vn -0.76097 0.12138 -0.63733
vn -0.76401 -0.02287 -0.6448
vn -0.85473 0.00294 -0.51907
vn -0.93245 0.01977 -0.36075
vn -0.84665 -0.12668 -0.51685
vn -0.92392 -0.11996 -0.36329
vn -0.75079 -0.14097 -0.64533
vn -0.29646 0.84207 -0.45059
vn -0.31436 0.90209 -0.29565
vn -0.28055 0.77329 -0.5686
vn -0.6922 -0.54715 0.47061
vn -0.73705 -0.53766 0.4095
vn -0.73116 -0.52149 0.43984
vn -0.65883 -0.54048 0.52329
vn -0.79198 -0.54463 0.27594
vn -0.78439 -0.54964 0.28744
vn -0.84221 -0.45343 0.29168
vn -0.79769 -0.37556 0.47186
vn -0.68314 -0.35884 0.63605
vn -0.81753 -0.56412 0.11582
vn -0.79686 -0.59391 0.11079
vn -0.80087 -0.59674 -0.05
vn -0.76616 -0.63963 -0.06215
vn -0.81096 -0.57993 -0.07763
vn -0.84169 -0.53024 0.10202
vn -0.75157 -0.62638 -0.20685
vn -0.69082 -0.6866 -0.22657
vn -0.68289 -0.6448 -0.34336
vn -0.58468 -0.72105 -0.3718
vn -0.51104 -0.67606 -0.53083
vn -0.73584 -0.61712 -0.27875
vn -0.28682 0.71779 0.63444
vn -0.26094 0.5618 0.78504
vn -0.30409 0.83929 0.4507
vn -0.56202 0.70854 0.42674
vn -0.51656 0.59903 0.61183
vn -0.44881 0.45821 0.76721
vn -0.31637 0.91027 0.26706
vn -0.32733 0.9411 0.08479
vn -0.60526 0.7943 0.05237
vn -0.59021 0.77169 0.23696
vn -0.32803 0.93863 -0.10662
vn -0.60122 0.78887 -0.12735
vn -0.71069 -0.0826 0.69864
vn -0.84788 -0.02502 0.5296
vn -0.85674 -0.14238 0.49571
vn -0.72326 -0.16588 0.67036
vn -0.93965 -0.00531 0.3421
vn -0.94197 -0.13137 0.30894
vn -0.92802 -0.2412 0.28391
vn -0.85377 -0.2458 0.45897
vn -0.74172 -0.24056 0.62608
vn -0.98409 -0.00304 0.17763
vn -0.97925 -0.13035 0.15515
vn -0.99994 0.00872 0.00681
vn -0.9921 -0.12533 -0.00544
vn -0.97047 -0.24069 -0.01574
vn -0.96077 -0.23935 0.14011
vn -0.98337 0.02178 -0.18028
vn -0.97483 -0.11939 -0.18829
vn -0.95018 -0.24336 -0.19474
vn -0.6487 0.19926 0.73449
vn -0.76308 0.28863 0.57828
vn -0.82036 0.12636 0.5577
vn -0.69492 0.04569 0.71764
vn -0.84865 0.34745 0.39885
vn -0.91219 0.16227 0.37627
vn -0.89858 0.38313 0.21393
vn -0.96304 0.17873 0.20152
vn -0.91353 0.40588 0.02709
vn -0.97967 0.19959 0.02017
vn -0.89797 0.4121 -0.15435
vn -0.96231 0.21393 -0.16792
vn -0.83366 -0.35174 0.42578
vn -0.75321 -0.3255 0.5716
vn -0.89661 -0.35244 0.2681
vn -0.85698 -0.44403 0.26158
vn -0.80161 -0.44251 0.40201
vn -0.75436 -0.409 0.51348
vn -0.92637 -0.35303 0.13117
vn -0.93158 -0.36278 -0.0233
vn -0.88589 -0.463 -0.02898
vn -0.88584 -0.44671 0.12543
vn -0.9069 -0.37242 -0.19706
vn -0.85678 -0.47715 -0.1956
vn -0.7686 -0.50312 0.39514
vn -0.73645 -0.48683 0.46973
vn -0.82263 -0.50289 0.26529
vn -0.85231 -0.50896 0.12053
vn -0.84635 -0.53128 -0.03788
vn -0.81026 -0.55169 -0.19779
vn -0.75687 -0.55984 -0.33723
vn -0.67141 0.44412 0.59327
vn -0.57 0.33528 0.75013
vn -0.74289 0.52881 0.41046
vn -0.785 0.5794 0.21925
vn -0.8 0.59912 0.03244
vn -0.79004 0.59626 -0.14251
vn -0.45983 0.74026 -0.49048
vn -0.25426 0.94519 -0.20488
vn -0.4592 0.88128 -0.11168
vn -0.78442 0.55676 -0.27334
vn -0.30743 0.9427 -0.12963
vn -0.4742 0.87853 -0.05764
vn -0.5564 0.83022 0.03388
vn -0.60231 0.79824 -0.00561
vn -0.91941 0.38754 -0.06706
vn -0.67934 0.72826 0.09014
vn -0.94851 0.30442 0.08754
vn -0.58787 0.80077 0.11482
vn -0.5956 0.78063 0.18941
vn -0.70047 0.68927 0.18504
vn -0.92228 0.30619 0.2359
vn -0.06274 -0.9377 0.34174
vn -0.02842 -0.93063 0.36485
vn -0.13735 -0.78054 0.60983
vn -0.06581 -0.75977 0.64685
vn -0.53344 0.47256 0.70152
vn -0.59515 0.41602 0.68755
vn -0.40671 0.30713 0.86038
vn -0.46842 0.23415 0.85191
vn -0.56242 0.10408 0.82028
vn -0.71727 0.30007 0.62887
vn -0.85169 -0.05041 0.52162
vn -0.89221 -0.29102 0.34535
vn -0.78888 -0.18261 0.58679
vn -0.81548 -0.35631 0.45611
vn -0.67717 -0.62384 0.3902
vn -0.68881 -0.68695 0.2316
vn -0.24553 -0.93118 0.26948
vn -0.13722 -0.9416 0.3075
vn -0.36109 -0.79309 0.49054
vn -0.24412 -0.79396 0.55681
vn -0.72604 -0.02908 0.68704
vn -0.75678 -0.03805 0.65256
vn -0.62248 -0.15583 0.76696
vn -0.6934 -0.15282 0.70416
vn -0.81288 0.14401 0.56435
vn -0.62281 -0.06717 0.77949
vn -0.61823 -0.14692 0.77214
vn -0.80998 0.07773 0.58129
vn -0.75881 0.03463 0.65039
vn -0.60211 -0.1556 0.7831
vn -0.40563 0.59365 0.69501
vn -0.29172 0.413 0.86275
vn -0.39146 -0.89068 0.23118
vn -0.48165 -0.76991 0.41862
vn -0.40464 -0.26835 -0.87422
vn -0.39117 -0.37314 -0.84128
vn -0.28021 -0.25296 -0.92601
vn -0.27305 -0.33925 -0.9002
vn -0.24856 -0.45077 -0.85734
vn -0.31616 -0.51132 -0.79913
vn -0.40532 0.47117 -0.7834
vn -0.2247 0.5905 -0.77512
vn -0.18502 0.4939 -0.84961
vn -0.33976 0.39405 -0.85398
vn -0.14682 0.36004 -0.92131
vn -0.26888 0.32266 -0.90752
vn -0.28716 -0.09052 -0.9536
vn -0.29408 0.00501 -0.95577
vn -0.14576 0.00432 -0.98931
vn -0.14249 -0.08874 -0.98581
vn -0.29837 0.10057 -0.94914
vn -0.14598 0.09927 -0.98429
vn -0.29215 0.20656 -0.9338
vn -0.13957 0.21086 -0.9675
vn -0.41975 0.24584 -0.87371
vn -0.51491 0.30541 -0.80099
vn -0.43359 0.12226 -0.89278
vn -0.55034 0.16022 -0.81942
vn -0.13617 -0.24949 -0.95876
vn -0.12819 -0.34335 -0.93042
vn -0.13249 -0.48405 -0.86496
vn -0.42907 0.01625 -0.90312
vn -0.55362 0.03918 -0.83185
vn -0.41998 -0.08953 -0.90311
vn -0.54489 -0.07851 -0.83483
vn -0.18959 -0.64273 -0.74227
vn -0.17114 -0.69307 -0.70026
vn -0.30785 -0.64685 -0.69772
vn -0.15798 -0.77129 -0.61657
vn -0.28414 -0.73421 -0.6166
vn -0.64253 -0.16454 -0.74839
vn -0.66251 -0.05346 -0.74714
vn -0.52784 -0.18424 -0.82912
vn -0.65622 0.21228 -0.72409
vn -0.66782 0.07505 -0.74053
vn -0.2576 0.68763 -0.67883
vn -0.46823 0.55742 -0.6856
vn -0.13942 -0.17462 -0.97472
vn -0.28251 -0.17871 -0.94247
vn -0.32337 -0.7819 -0.53298
vn -0.16924 -0.81364 -0.5562
vn -0.22293 -0.67429 -0.70401
vn -0.52666 -0.63625 -0.56375
vn -0.40658 -0.68845 -0.60061
vn -0.46984 -0.7309 -0.49501
vn -0.60082 -0.64975 -0.46566
vn -0.43702 -0.59854 -0.67139
vn -0.57687 -0.56387 -0.59098
vn -0.68551 -0.55853 -0.46703
vn -0.25562 -0.54749 0.79682
vn -0.12614 -0.52269 0.84314
vn -0.37789 -0.25151 0.89103
vn -0.19512 -0.22926 0.95361
vn -0.39301 0.33714 0.8555
vn -0.47921 0.24226 0.8436
vn -0.55622 0.11177 0.82348
vn -0.75456 -0.31881 0.57359
vn -0.75764 -0.43654 0.4852
vn -0.67405 -0.57667 0.46164
vn -0.50611 -0.59578 0.62362
vn -0.39825 -0.56642 0.7215
vn -0.54939 -0.28243 0.78639
vn -0.65067 -0.20961 0.72986
vn -0.70234 -0.25471 0.66471
vn -0.59957 -0.04887 0.79883
vn -0.60275 -0.1486 0.78397
vn -0.61361 -0.18037 0.76873
vn -0.2503 0.43477 0.86506
vn -0.57404 -0.62896 0.52429
vn -0.99223 0.11265 -0.05286
vn -0.53364 -0.24827 -0.80845
vn -0.33412 -0.24843 -0.9092
vn -0.29935 -0.35776 -0.88453
vn -0.48493 -0.37808 -0.7886
vn -0.24598 -0.54056 -0.80454
vn -0.41514 -0.54704 -0.72692
vn -0.59674 -0.02413 -0.80207
vn -0.37703 -0.0774 -0.92296
vn -0.36059 -0.1511 -0.9204
vn -0.5711 -0.11808 -0.81234
vn -0.61093 0.29289 -0.73551
vn -0.37964 0.22973 -0.89616
vn -0.38718 0.03129 -0.92147
vn -0.61761 0.09056 -0.78125
vn -0.56039 0.60094 -0.56994
vn -0.36158 0.51022 -0.78034
vn -0.35877 0.42 -0.8336
vn -0.57369 0.49393 -0.65338
vn -0.63477 0.71748 0.28687
vn -0.63043 0.7498 0.20088
vn -0.69921 0.66065 0.27322
vn -0.71066 0.60488 0.35927
vn -0.61376 0.78139 0.11284
vn -0.66966 0.72221 0.17312
vn -0.77824 0.56932 0.26499
vn -0.7943 0.49486 0.35241
vn -0.78714 0.44566 0.42637
vn -0.58747 0.80845 0.03597
vn -0.63233 0.77119 0.07366
vn -0.55913 0.8282 -0.0382
vn -0.60861 0.79323 -0.01942
vn -0.69166 0.7221 -0.01344
vn -0.71104 0.69492 0.10727
vn -0.52051 0.84174 -0.14337
vn -0.51908 0.83793 -0.16861
vn -0.61438 0.76355 -0.19883
vn -0.60583 0.77986 -0.15745
vn -0.52597 0.82244 -0.21666
vn -0.6172 0.74244 -0.26047
vn -0.72681 0.62033 -0.29486
vn -0.72338 0.6501 -0.23258
vn -0.70649 0.68339 -0.18401
vn -0.58118 0.75257 -0.30963
vn -0.60702 0.69026 -0.39379
vn -0.65027 0.5832 -0.48685
vn -0.6457 0.65405 -0.39406
vn -0.71566 0.38364 -0.58366
vn -0.74341 0.46092 -0.48466
vn -0.32654 0.7307 0.59954
vn -0.43407 0.71685 0.54563
vn -0.5055 0.57243 0.6456
vn -0.37953 0.58217 0.71906
vn -0.54006 0.70052 0.46648
vn -0.61653 0.565 0.54833
vn -0.67999 0.39513 0.61765
vn -0.56507 0.39192 0.72601
vn -0.42794 0.39706 0.81192
vn -0.86336 0.29263 0.41106
vn -0.83854 0.26987 0.47331
vn -0.87603 0.31134 0.36829
vn -0.92065 0.05157 0.38696
vn -0.90373 0.06038 0.42383
vn -0.87118 0.06405 0.48677
vn -0.83375 0.32377 -0.44725
vn -0.83515 0.31828 -0.44857
vn -0.82248 0.422 -0.38137
vn -0.82731 0.41322 -0.38055
vn -0.86297 0.2738 -0.42465
vn -0.87262 0.3142 -0.37392
vn -0.87895 0.34725 -0.3269
vn -0.81617 0.47824 -0.32427
vn -0.82036 0.47591 -0.31705
vn -0.88706 -0.38383 0.25652
vn -0.90816 -0.35009 0.22951
vn -0.8962 -0.42527 0.12637
vn -0.85827 -0.49339 0.14124
vn -0.94705 -0.26478 0.18161
vn -0.9567 -0.26428 0.12197
vn -0.96713 -0.25334 0.02195
vn -0.88706 -0.46129 0.01843
vn -0.82666 -0.5622 0.02349
vn -0.7344 0.17273 -0.65637
vn -0.78399 0.23002 -0.57658
vn -0.71368 0.03808 -0.69944
vn -0.78048 0.08766 -0.619
vn -0.60054 0.19862 0.77453
vn -0.45995 0.19167 0.86701
vn -0.71519 0.21659 0.66452
vn -0.7292 0.02455 0.68387
vn -0.61268 -0.00594 0.79031
vn -0.47031 -0.02958 0.88201
vn -0.90409 -0.19604 0.37972
vn -0.87388 -0.17864 0.45213
vn -0.91081 -0.22105 0.34866
vn -0.81533 -0.51873 0.2572
vn -0.82775 -0.46862 0.3086
vn -0.80168 -0.45765 0.38455
vn -0.87585 -0.47293 -0.09605
vn -0.81252 -0.57653 -0.08617
vn -0.96641 -0.23609 -0.10156
vn -0.96272 -0.19437 -0.18815
vn -0.88039 -0.43911 -0.17914
vn -0.83379 -0.52739 -0.16325
vn -0.80427 0.52199 -0.28405
vn -0.80837 0.52158 -0.27295
vn -0.87857 0.38166 -0.28713
vn -0.88287 0.40884 -0.23104
vn -0.79762 0.55748 -0.23025
vn -0.79282 0.56784 -0.22137
vn -0.68925 -0.08633 -0.71936
vn -0.76504 -0.05346 -0.64176
vn -0.65297 -0.25206 -0.71421
vn -0.74747 -0.26905 -0.60737
vn -0.60248 -0.22112 0.76689
vn -0.45911 -0.24548 0.85379
vn -0.72292 -0.19553 0.66268
vn -0.66242 -0.46306 0.58888
vn -0.55417 -0.46399 0.69109
vn -0.42259 -0.46349 0.77884
vn -0.68091 -0.69115 0.24221
vn -0.65465 -0.68712 0.31512
vn -0.68252 -0.70872 0.17858
vn -0.55132 -0.82338 0.13452
vn -0.54608 -0.81547 0.19187
vn -0.53212 -0.80414 0.26497
vn -0.75396 -0.64346 0.13229
vn -0.67268 -0.73228 0.10613
vn -0.73952 -0.67277 0.02224
vn -0.67106 -0.741 0.02436
vn -0.57469 -0.81791 0.02754
vn -0.5599 -0.82434 0.08353
vn -0.76722 -0.63094 -0.11529
vn -0.79076 -0.58683 -0.17414
vn -0.70894 -0.69037 -0.14417
vn -0.69411 -0.71402 -0.09156
vn -0.80193 -0.52113 -0.29213
vn -0.72317 -0.64437 -0.2486
vn -0.64253 -0.73974 -0.19986
vn -0.62542 -0.77183 -0.11457
vn -0.60821 -0.79078 -0.06895
vn -0.59801 -0.40596 -0.69107
vn -0.68115 -0.46173 -0.56819
vn -0.52366 -0.5659 -0.63682
vn -0.60639 -0.61468 -0.50444
vn -0.53476 0.8382 -0.10697
vn -0.43309 0.89257 -0.12549
vn -0.40898 0.90255 -0.13468
vn -0.48404 0.87132 -0.08062
vn -0.24494 0.96253 -0.11634
vn -0.24068 0.96558 -0.09865
vn -0.61205 0.69744 0.37277
vn -0.56997 0.76022 0.31178
vn -0.59762 0.76825 0.22945
vn -0.49014 0.77254 0.40366
vn -0.48568 0.78983 0.37455
vn -0.57161 0.77398 0.27243
vn -0.54585 0.7941 -0.26732
vn -0.49236 0.85186 -0.17864
vn -0.57757 0.78823 -0.21238
vn -0.43338 0.88757 -0.1562
vn -0.3027 0.9507 -0.06743
vn -0.40296 0.91433 -0.04025
vn -0.64776 0.76133 0.02801
vn -0.54862 0.83603 -0.00836
vn -0.59107 0.80349 0.07106
vn -0.47114 -0.66557 0.57883
vn -0.36859 -0.64332 0.67103
vn -0.54448 -0.68318 0.48663
vn -0.46095 -0.78322 0.41725
vn -0.41014 -0.76757 0.49257
vn -0.32533 -0.74884 0.57741
vn -0.28203 0.82901 0.48291
vn -0.36785 0.81295 0.45145
vn -0.38127 0.79481 0.47214
vn -0.29042 0.81083 0.50815
vn -0.41006 0.48715 -0.77106
vn -0.61843 0.59262 -0.51609
vn -0.76136 0.42169 -0.49246
vn -0.49314 0.33387 -0.80334
vn 0.00102 -1 -0.00054
vn 0.00084 -1 -0.00025
vn 0.00132 -1 -0.00121
vn -0.00128 -1 0.00075
vn -0.00111 -1 0.00073
vn -0.00103 -1 0.00051
vn -0.00022 -1 -0.00063
vn -0.00117 -1 -0.0025
vn 0.00022 -1 -0.00021
vn -0.00246 -1 -0.00167
vn -0.00432 -0.99998 -0.00427
vn -0.008 -0.9999 -0.0113
vn -0.64205 0.69972 -0.31331
vn -0.81192 0.54001 -0.22175
vn -0.78634 -0.41734 -0.45553
vn -0.72352 -0.55697 -0.4078
vn -0.64655 -0.68359 -0.33865
vn -0.8858 -0.31748 -0.33849
vn -0.90472 -0.25668 -0.33998
vn -0.87954 -0.14251 -0.45399
vn -0.87582 -0.16164 -0.45476
vn -0.94306 -0.04986 -0.32887
vn -0.90304 -0.00223 -0.42956
vn -0.87267 0.02558 -0.48764
vn -0.86212 -0.01934 -0.50634
vn -0.86446 -0.03831 -0.50124
vn -0.85699 0.12414 -0.50016
vn -0.87051 0.12577 -0.4758
vn -0.85662 0.20802 -0.47216
vn -0.84415 0.22099 -0.48844
vn -0.88769 0.1347 -0.4403
vn -0.88092 0.19813 -0.4298
vn -0.62369 0.70763 -0.33207
vn -0.72225 0.57922 -0.37796
vn -0.00214 -0.99994 -0.01081
vn -0.00557 -0.99899 -0.04449
vn -0.01298 -0.99958 -0.02605
vn -0.01353 -0.9989 -0.04481
vn -0.35693 0.87801 0.31891
vn -0.21618 0.97004 0.11087
vn -0.13685 0.99033 0.02268
vn -0.86983 0.39035 0.3017
vn -0.46761 0.60451 0.64491
vn -0.39678 0.6781 0.61866
vn -0.81514 0.50234 0.28846
vn -0.3397 0.87472 0.34563
vn -0.71676 0.66961 0.19464
vn -0.86113 0.11508 -0.49519
vn -0.97413 0.19378 -0.11624
vn -0.94114 0.30561 -0.14441
vn -0.81792 0.21593 -0.53327
vn -0.76178 0.61914 -0.19067
vn -0.73217 0.43013 -0.52813
vn -0.51039 0.09662 -0.8545
vn -0.44805 0.20499 -0.87019
vn -0.38575 0.56055 -0.73279
vn -0.95453 0.26704 -0.13254
vn -0.86021 0.18301 -0.47598
vn -0.84751 0.47487 0.2371
vn -0.34348 0.90945 -0.23436
vn -0.53553 0.14981 -0.83112
vn -0.46813 0.69004 0.55201
vn -0.60177 0.78413 0.15167
vn -0.74675 -0.45881 0.48152
vn -0.60588 -0.68843 0.39871
vn -0.50125 -0.79363 0.34482
vn -0.81621 0.05222 0.57538
vn -0.81554 -0.17811 0.55061
vn -0.75531 0.41254 0.50923
vn -0.79481 0.24357 0.55583
vn -0.6883 0.57235 0.44571
vn -0.40807 0.51211 0.75579
vn -0.32204 0.75918 0.56563
vn -0.20029 0.79139 0.57757
vn -0.2377 0.56691 0.78874
vn -0.18149 0.84545 0.50227
vn -0.72998 0.42774 0.53307
vn -0.56811 0.71242 0.41196
vn -0.43243 0.73722 0.51915
vn -0.56806 0.4729 0.67355
vn -0.6663 0.68822 0.28705
vn -0.85048 0.36351 0.3802
vn -0.4112 -0.18641 -0.89228
vn 0.00072 -1 -0.00013
vn 0.00065 -1 -9E-05
vn -0.00091 -1 0.0003
vn -0.00084 -1 0.0002
vn -0.18594 -0.97828 0.0916
vn -0.39204 -0.8988 0.19613
vn -0.38076 -0.91539 0.13069
vn -0.17111 -0.98367 0.05586
vn -0.36937 -0.92501 0.08902
vn -0.15937 -0.98651 0.03729
vn -0.37166 -0.92653 0.05835
vn -0.15702 -0.98726 0.02589
vn -0.38537 -0.92244 0.02448
vn -0.16167 -0.98676 0.01274
vn -0.17559 -0.98435 -0.01469
vn -0.4201 -0.90656 -0.04085
vn -0.43914 -0.89529 -0.07489
vn -0.18487 -0.98229 -0.03053
vn -0.45468 -0.88021 -0.13601
vn -0.19144 -0.97973 -0.05898
vn -0.1813 -0.96843 -0.17108
vn -0.42734 -0.82472 -0.37043
vn -0.36157 -0.80556 -0.46941
vn -0.15477 -0.96288 -0.22114
vn -0.27277 -0.80666 -0.52431
vn -0.11428 -0.96145 -0.2501
vn -0.4579 -0.85613 -0.23951
vn -0.1922 -0.97552 -0.10685
vn -0.18587 -0.96751 0.1714
vn -0.36347 -0.87058 0.33165
vn -0.38529 -0.88222 0.27063
vn -0.19099 -0.9722 0.13549
vn -0.15034 -0.81563 -0.5587
vn -0.05754 -0.96403 -0.25948
vn -0.16897 -0.59758 -0.78381
vn -0.13501 -0.95943 0.24754
vn -0.25644 -0.85344 0.45374
vn -0.32677 -0.86122 0.38926
vn -0.17177 -0.96305 0.20742
vn 0.00041 -1 -9E-05
vn 0.0005 -1 -4E-05
vn -0.00107 -1 -0.00031
vn -0.00154 -1 -0.00072
vn -0.40998 0.90197 -0.13549
vn -0.25885 0.96266 -0.07923
vn -0.74831 -0.66042 -0.06225
vn -0.68128 -0.73062 -0.04542
vn -0.59155 -0.80577 -0.02823
vn -0.80014 0.59961 -0.01554
vn -0.82319 0.56731 -0.02267
vn -0.83145 0.54856 0.08815
vn -0.81776 0.56606 0.10417
vn -0.9087 0.41715 -0.016
vn -0.90901 0.40896 0.08039
vn -0.90702 0.3914 0.1553
vn -0.85388 0.47221 0.21889
vn -0.84881 0.47323 0.23574
vn -0.91419 0.04 0.4033
vn -0.93591 0.04042 0.3499
vn -0.93007 -0.19631 0.31053
vn -0.90961 -0.21252 0.35699
vn -0.97662 0.05765 0.20712
vn -0.96756 -0.1481 0.20469
vn -0.60285 0.79116 -0.10311
vn -0.69431 0.71051 -0.11447
vn -0.09875 0.99495 -0.01822
vn -0.07848 0.99574 -0.04838
vn -0.06821 0.99496 -0.07345
vn -0.067 0.99144 -0.11209
vn -0.07275 0.97377 -0.21561
vn -0.14933 0.82193 -0.54966
vn -0.40247 -0.91535 -0.01188
vn -0.1683 -0.98573 -0.00222
vn 0.00166 -0.99999 -0.00301
vn 0.00016 -1 0.00309
vn -0.00183 -0.99999 0.00389
vn -0.00205 -1 0.00114
vn -0.2429 -0.46622 0.85067
vn -0.21309 -0.62902 0.74761
vn -0.18691 -0.7369 0.64965
vn -0.27251 -0.04653 0.96103
vn -0.2646 -0.26556 0.92707
vn -0.24713 0.40406 0.88071
vn -0.26679 0.18936 0.94497
vn -0.19264 0.74044 0.64393
vn -0.21913 0.59025 0.77691
vn -0.17994 0.82328 0.53835
vn -0.24252 0.16755 0.95557
vn -0.44118 0.12389 0.88883
vn -0.62329 0.07854 0.77804
vn -0.7814 0.01865 0.62375
vn -0.88676 -0.07139 0.45668
vn -0.94169 -0.19169 0.27652
vn -0.9557 -0.2805 0.08923
vn -0.95183 -0.29184 -0.09406
vn -0.91195 -0.22294 -0.34446
vn -0.69468 -0.10259 -0.71197
vn -0.28972 0.05481 -0.95554
vn -0.14294 -0.851 0.50534
vn -0.07222 -0.95905 0.27387
vn -0.03996 -0.99903 0.01873
vn -0.03696 -0.99925 0.01118
vn -0.03472 -0.99937 0.00768
vn -0.03403 -0.9994 0.00564
vn -0.00082 -1 0.00014
vn -0.03434 -0.99941 0.00301
vn -0.00083 -1 6E-05
vn -0.03556 -0.99936 -0.00286
vn -0.03745 -0.99928 -0.00655
vn -0.03987 -0.99911 -0.01365
vn -0.04673 -0.99763 -0.05059
vn -0.04837 -0.99565 -0.07967
vn -0.04053 -0.9933 -0.10818
vn -0.04294 -0.99871 -0.02704
vn -0.04311 -0.99832 0.03873
vn -0.04178 -0.99871 0.02888
vn -0.01905 -0.99278 -0.11841
vn -0.03669 -0.99692 0.0693
vn -0.04412 -0.99766 0.05215
vn -0.0348 -0.99939 -0.00014
vn -0.00089 -1 -8E-05
vn -0.0184 -0.99685 0.07711
vn 0.00061 -1 -6E-05
vn 0.00058 -1 -4E-05
vn 0.00055 -1 -3E-05
vn -0.80416 -0.59397 0.02306
vn -0.82336 -0.54905 0.1436
vn -0.86234 -0.43198 0.26413
vn -0.87738 -0.36038 -0.31675
vn -0.86829 -0.45379 -0.20037
vn -0.86996 -0.43661 -0.22923
vn -0.83476 -0.53254 -0.13991
vn -0.82949 0.50237 0.24407
vn -0.79587 0.59522 0.11092
vn -0.78782 0.61579 -0.01176
vn -0.79936 0.56458 -0.20561
vn -0.81622 0.51845 -0.25494
vn -0.81899 0.48378 -0.30856
vn -0.92384 0.04555 0.38007
vn -0.88553 0.3075 0.34824
vn -0.88613 0.29797 0.35495
vn -0.90772 -0.22593 0.35356
vn -0.82883 -0.13059 -0.54404
vn -0.85432 -0.24882 -0.45633
vn -0.80742 0.44966 -0.38193
vn -0.80424 0.3681 -0.46658
vn -0.82807 0.11538 -0.54862
vn -0.8272 -0.00114 -0.5619
vn -0.86282 0.04136 -0.50382
vn -0.81848 0.23568 -0.52398
vn -0.80809 -0.58403 -0.07681
vn -0.78868 0.60199 -0.1249
vn -0.78978 0.59898 -0.13218
vn -0.96083 0.2615 0.09179
vn -0.94559 0.26268 0.19197
vn -0.96173 0.27398 -0.00369
vn -0.99507 0.09869 0.00974
vn -0.99082 0.07774 0.11061
vn -0.92227 0.24964 -0.29512
vn -0.93439 0.26804 -0.23466
vn -0.91426 0.22741 -0.33529
vn -0.92659 0.15488 -0.34269
vn -0.94431 0.14477 -0.2955
vn -0.96393 0.12874 -0.23294
vn -0.9864 -0.11376 0.11865
vn -0.99585 -0.08893 0.01931
vn -0.96212 0.03607 -0.27023
vn -0.97704 -0.01981 -0.21214
vn -0.93868 0.08364 -0.33448
vn -0.96171 -0.12323 -0.24479
vn -0.90778 0.14925 -0.392
vn -0.90778 0.09748 -0.40797
vn -0.88113 0.08002 -0.46606
vn -0.90318 0.20706 -0.37602
vn -0.98563 0.11494 -0.12378
vn -0.99184 -0.05975 -0.11264
vn -0.89719 0.42072 -0.13432
vn -0.95207 0.2771 -0.12951
vn -0.90131 0.28969 0.32206
vn -0.80749 0.57351 -0.13803
vn -0.90105 -0.35927 -0.24299
vn -0.86925 0.0571 -0.49106
vn -0.6043 0.37598 -0.70247
vt 0.91595 0.85415
vt 0.91396 0.8638
vt 0.92949 0.86428
vt 0.93146 0.8545
vt 0.91176 0.87515
vt 0.92724 0.87574
vt 0.94291 0.87635
vt 0.94499 0.86503
vt 0.94685 0.8552
vt 0.87246 0.85608
vt 0.8677 0.85632
vt 0.86693 0.8648
vt 0.87146 0.8649
vt 0.86292 0.85959
vt 0.86219 0.86472
vt 0.86145 0.86986
vt 0.86558 0.8732
vt 0.86963 0.87401
vt 0.64213 0.76087
vt 0.62127 0.76087
vt 0.62242 0.79079
vt 0.64322 0.7925
vt 0.59844 0.76087
vt 0.59963 0.78819
vt 0.60117 0.81581
vt 0.62418 0.82088
vt 0.64537 0.82433
vt 0.56108 0.80606
vt 0.54596 0.80304
vt 0.54838 0.82525
vt 0.56242 0.83112
vt 0.5333 0.80211
vt 0.53662 0.82185
vt 0.53912 0.83641
vt 0.54773 0.8447
vt 0.56002 0.85447
vt 0.67783 0.972
vt 0.6725 0.9749
vt 0.6877 0.97618
vt 0.68829 0.97098
vt 0.66717 0.97781
vt 0.68533 0.98064
vt 0.7035 0.98348
vt 0.70159 0.97671
vt 0.70137 0.97013
vt 0.57967 0.81056
vt 0.5795 0.83712
vt 0.60015 0.84366
vt 0.57502 0.86235
vt 0.59428 0.87023
vt 0.63781 0.94957
vt 0.64859 0.95516
vt 0.66747 0.94709
vt 0.65636 0.93798
vt 0.65937 0.96074
vt 0.67723 0.95603
vt 0.6946 0.95205
vt 0.68511 0.94017
vt 0.67356 0.92732
vt 0.64431 0.92914
vt 0.6251 0.94766
vt 0.66214 0.91347
vt 0.6478 0.89188
vt 0.62848 0.91872
vt 0.61239 0.94575
vt 0.90915 0.62174
vt 0.90911 0.63552
vt 0.9165 0.63584
vt 0.91644 0.62223
vt 0.90892 0.65147
vt 0.91636 0.65155
vt 0.92531 0.65164
vt 0.92536 0.63628
vt 0.9251 0.62289
vt 0.85092 0.7507
vt 0.84883 0.73566
vt 0.82134 0.73948
vt 0.82231 0.75622
vt 0.84674 0.72062
vt 0.82155 0.7211
vt 0.79488 0.72723
vt 0.79532 0.74344
vt 0.79556 0.75948
vt 0.53247 0.89124
vt 0.5484 0.90344
vt 0.5639 0.88396
vt 0.54995 0.87313
vt 0.56434 0.91564
vt 0.58217 0.89413
vt 0.86991 0.64203
vt 0.83294 0.65009
vt 0.80967 0.66863
vt 0.82241 0.6762
vt 0.81207 0.65256
vt 0.79382 0.66724
vt 0.77144 0.68246
vt 0.78158 0.68639
vt 0.78956 0.69465
vt 0.5216 0.84842
vt 0.52704 0.86983
vt 0.5397 0.85859
vt 0.53188 0.84185
vt 0.936 0.65175
vt 0.93589 0.63677
vt 0.95018 0.6519
vt 0.94982 0.63689
vt 0.94807 0.62296
vt 0.93514 0.62349
vt 0.92504 0.60194
vt 0.93433 0.60234
vt 0.93827 0.58911
vt 0.92712 0.58844
vt 0.94225 0.60253
vt 0.94906 0.59307
vt 0.95917 0.57304
vt 0.94428 0.57306
vt 0.92939 0.57309
vt 0.94839 0.82731
vt 0.93293 0.82731
vt 0.93259 0.84193
vt 0.94801 0.84234
vt 0.91717 0.82731
vt 0.91695 0.84174
vt 0.89557 0.85535
vt 0.89643 0.84258
vt 0.88898 0.84291
vt 0.88821 0.85582
vt 0.89655 0.82731
vt 0.88908 0.82731
vt 0.88275 0.82731
vt 0.88266 0.84306
vt 0.88201 0.85601
vt 0.96574 0.85557
vt 0.96653 0.84251
vt 0.95906 0.84258
vt 0.95809 0.85562
vt 0.96676 0.82731
vt 0.95937 0.82731
vt 0.97736 0.85529
vt 0.97852 0.84199
vt 0.97239 0.84214
vt 0.97153 0.85515
vt 0.97894 0.82731
vt 0.97268 0.82731
vt 0.70688 0.75471
vt 0.70143 0.77644
vt 0.70956 0.7774
vt 0.71446 0.75661
vt 0.70005 0.79639
vt 0.70829 0.79639
vt 0.71845 0.79639
vt 0.71954 0.7784
vt 0.72363 0.75888
vt 0.64714 0.8566
vt 0.624 0.85113
vt 0.61885 0.88026
vt 0.90518 0.84206
vt 0.90426 0.8546
vt 0.90533 0.82731
vt 0.89714 0.6213
vt 0.90322 0.62143
vt 0.90307 0.61082
vt 0.89728 0.61085
vt 0.90883 0.61121
vt 0.90829 0.6008
vt 0.90222 0.60037
vt 0.89653 0.60063
vt 0.509 0.80707
vt 0.5153 0.82775
vt 0.52597 0.8235
vt 0.52169 0.80359
vt 0.50814 0.76087
vt 0.50857 0.78397
vt 0.51977 0.78249
vt 0.51931 0.76087
vt 0.53155 0.78155
vt 0.53115 0.76087
vt 0.89657 0.65134
vt 0.90282 0.65141
vt 0.90304 0.63533
vt 0.89682 0.63519
vt 0.92527 0.89312
vt 0.94121 0.89346
vt 0.90984 0.89241
vt 0.90552 0.91415
vt 0.9234 0.91435
vt 0.94128 0.91454
vt 0.71209 0.97566
vt 0.71215 0.96865
vt 0.71288 0.98256
vt 0.72226 0.98164
vt 0.72048 0.97369
vt 0.719 0.96801
vt 0.90226 0.86403
vt 0.90013 0.87483
vt 0.8936 0.86453
vt 0.89155 0.87466
vt 0.92464 0.61244
vt 0.93396 0.61282
vt 0.94488 0.61106
vt 0.73284 0.70949
vt 0.71773 0.73077
vt 0.72428 0.73355
vt 0.73882 0.71314
vt 0.7319 0.73752
vt 0.74514 0.71889
vt 0.9745 0.87347
vt 0.97575 0.86607
vt 0.97035 0.86531
vt 0.97009 0.87495
vt 0.96451 0.86555
vt 0.96364 0.87622
vt 0.95654 0.86551
vt 0.95496 0.87662
vt 0.8864 0.86479
vt 0.88443 0.87447
vt 0.88046 0.86486
vt 0.87851 0.87432
vt 0.75886 0.73549
vt 0.75498 0.74718
vt 0.77279 0.74666
vt 0.77263 0.73219
vt 0.75205 0.76311
vt 0.77197 0.76212
vt 0.85399 0.79639
vt 0.85246 0.77354
vt 0.82331 0.77555
vt 0.82381 0.79639
vt 0.79588 0.77732
vt 0.79607 0.79639
vt 0.91611 0.61178
vt 0.91606 0.60139
vt 0.57794 0.76087
vt 0.57859 0.78523
vt 0.56019 0.76087
vt 0.56028 0.78277
vt 0.54467 0.76087
vt 0.54478 0.78156
vt 0.87292 0.82731
vt 0.86806 0.82731
vt 0.868 0.84313
vt 0.87285 0.8431
vt 0.86305 0.82731
vt 0.86299 0.84345
vt 0.72825 0.97083
vt 0.72366 0.96248
vt 0.73039 0.98235
vt 0.73852 0.98307
vt 0.73649 0.96713
vt 0.73447 0.95119
vt 0.69602 0.91278
vt 0.68734 0.91967
vt 0.70064 0.93535
vt 0.71524 0.93199
vt 0.71117 0.9497
vt 0.67676 0.90393
vt 0.66894 0.88415
vt 0.68839 0.89785
vt 0.68076 0.88293
vt 0.67767 0.8254
vt 0.67088 0.79314
vt 0.65878 0.7931
vt 0.66219 0.82518
vt 0.66409 0.76087
vt 0.65682 0.76087
vt 0.66499 0.85639
vt 0.67921 0.85417
vt 0.82538 0.6217
vt 0.8232 0.62815
vt 0.83475 0.62358
vt 0.83325 0.61463
vt 0.82332 0.63498
vt 0.83662 0.63151
vt 0.84474 0.62837
vt 0.84391 0.62025
vt 0.84112 0.60755
vt 0.88003 0.65117
vt 0.88884 0.65126
vt 0.8891 0.63497
vt 0.88038 0.63443
vt 0.8895 0.62103
vt 0.88072 0.6177
vt 0.88994 0.61144
vt 0.88155 0.6123
vt 0.88984 0.60224
vt 0.88239 0.6069
vt 0.78528 0.63298
vt 0.78991 0.63803
vt 0.80741 0.63303
vt 0.80533 0.62734
vt 0.79455 0.64308
vt 0.80769 0.6391
vt 0.87759 0.82731
vt 0.87751 0.84311
vt 0.877 0.85608
vt 0.6686 0.96637
vt 0.68442 0.96415
vt 0.69968 0.96204
vt 0.87573 0.86491
vt 0.87376 0.87424
vt 0.71318 0.96053
vt 0.85312 0.61961
vt 0.84913 0.60342
vt 0.85168 0.63238
vt 0.86353 0.62066
vt 0.85715 0.5993
vt 0.89878 0.89122
vt 0.89046 0.89005
vt 0.88996 0.90824
vt 0.89774 0.9112
vt 0.97201 0.88688
vt 0.97825 0.87971
vt 0.96395 0.89154
vt 0.96557 0.91267
vt 0.97546 0.90097
vt 0.98534 0.88927
vt 0.95392 0.89322
vt 0.95343 0.91361
vt 0.88319 0.88938
vt 0.87674 0.88899
vt 0.87491 0.90702
vt 0.88243 0.90763
vt 0.91675 0.58797
vt 0.90764 0.58738
vt 0.91774 0.57253
vt 0.9061 0.57198
vt 0.87122 0.88869
vt 0.86669 0.88793
vt 0.86151 0.90614
vt 0.86821 0.90658
vt 0.88871 0.58951
vt 0.88338 0.59292
vt 0.89417 0.58724
vt 0.88929 0.5704
vt 0.88683 0.57467
vt 0.88437 0.57895
vt 0.76934 0.71823
vt 0.75219 0.7277
vt 0.79356 0.70958
vt 0.76409 0.70651
vt 0.96856 0.63634
vt 0.96543 0.6206
vt 0.96927 0.65209
vt 0.99222 0.65233
vt 0.99052 0.63551
vt 0.98881 0.61869
vt 0.98633 0.84251
vt 0.98688 0.82731
vt 0.98482 0.85685
vt 0.99419 0.85963
vt 0.99535 0.84347
vt 0.9965 0.82731
vt 0.95833 0.60499
vt 0.97399 0.59586
vt 0.98218 0.86946
vt 0.98977 0.87445
vt 0.90036 0.58686
vt 0.8977 0.57119
vt 0.86353 0.88598
vt 0.8609 0.88328
vt 0.86035 0.8967
vt 0.86093 0.90142
vt 0.76137 0.67957
vt 0.74376 0.69111
vt 0.75078 0.69494
vt 0.75248 0.67665
vt 0.73687 0.68687
vt 0.72127 0.6971
vt 0.72686 0.70574
vt 0.824 0.697
vt 0.85832 0.68133
vt 0.75005 0.79639
vt 0.75051 0.77971
vt 0.73313 0.77938
vt 0.73232 0.79639
vt 0.73599 0.76157
vt 0.74178 0.74308
vt 0.70397 0.72505
vt 0.71109 0.72808
vt 0.68667 0.753
vt 0.69893 0.753
vt 0.77881 0.66713
vt 0.79362 0.65527
vt 0.77679 0.65793
vt 0.76463 0.66729
vt 0.6844 0.77469
vt 0.69326 0.77549
vt 0.68213 0.79639
vt 0.69179 0.79639
vt 0.77149 0.77888
vt 0.77137 0.79639
vt 0.78567 0.6505
vt 0.80317 0.64618
vt 0.82104 0.64232
vt 0.83848 0.63884
vt 0.75773 0.69929
vt 0.89379 0.1187
vt 0.86847 0.12115
vt 0.86422 0.10504
vt 0.88736 0.10103
vt 0.84876 0.12205
vt 0.84609 0.10656
vt 0.84311 0.09269
vt 0.85957 0.09098
vt 0.8802 0.08585
vt 0.76508 0.05865
vt 0.78119 0.06204
vt 0.78232 0.07608
vt 0.76948 0.07582
vt 0.793 0.06275
vt 0.79375 0.07669
vt 0.79498 0.09059
vt 0.78398 0.08991
vt 0.77227 0.08944
vt 0.79641 0.11969
vt 0.78475 0.119
vt 0.78469 0.10401
vt 0.79593 0.10479
vt 0.77283 0.11832
vt 0.77307 0.10321
vt 0.83414 0.12177
vt 0.83219 0.1067
vt 0.82177 0.121
vt 0.82018 0.10619
vt 0.81818 0.09223
vt 0.82989 0.09283
vt 0.80902 0.12031
vt 0.80796 0.10551
vt 0.80647 0.09141
vt 0.96099 0.10967
vt 0.9245 0.11462
vt 0.91546 0.09371
vt 0.94652 0.08416
vt 0.90516 0.07559
vt 0.93204 0.05865
vt 0.74923 0.22706
vt 0.73264 0.23347
vt 0.73026 0.21693
vt 0.74641 0.21245
vt 0.7146 0.24141
vt 0.71562 0.22113
vt 0.71586 0.20307
vt 0.72903 0.19992
vt 0.74449 0.19678
vt 0.72758 0.18064
vt 0.74283 0.17814
vt 0.71505 0.18317
vt 0.71334 0.15993
vt 0.72621 0.15858
vt 0.74192 0.15719
vt 0.7256 0.13421
vt 0.74234 0.13549
vt 0.71098 0.13263
vt 0.70808 0.10074
vt 0.72702 0.11086
vt 0.74391 0.11549
vt 0.92653 0.26333
vt 0.90291 0.25038
vt 0.9144 0.22995
vt 0.94 0.24426
vt 0.88159 0.24068
vt 0.89012 0.21942
vt 0.8959 0.19877
vt 0.92307 0.20851
vt 0.95348 0.2252
vt 0.92853 0.18423
vt 0.96088 0.19272
vt 0.89881 0.17818
vt 0.8993 0.15775
vt 0.93095 0.15949
vt 0.96828 0.16024
vt 0.9295 0.13649
vt 0.96463 0.13496
vt 0.89774 0.13779
vt 0.81833 0.22903
vt 0.80678 0.22627
vt 0.80738 0.21129
vt 0.81984 0.21232
vt 0.79582 0.22382
vt 0.79588 0.21029
vt 0.79621 0.19452
vt 0.80822 0.19479
vt 0.82128 0.19499
vt 0.80886 0.175
vt 0.82228 0.17544
vt 0.79632 0.1748
vt 0.79633 0.15412
vt 0.80925 0.15455
vt 0.82274 0.15548
vt 0.80939 0.13637
vt 0.82261 0.13729
vt 0.79645 0.13581
vt 0.8443 0.2333
vt 0.83032 0.23134
vt 0.83313 0.21291
vt 0.8487 0.21337
vt 0.8352 0.1947
vt 0.85154 0.19431
vt 0.83609 0.17572
vt 0.85234 0.17575
vt 0.83605 0.15666
vt 0.85178 0.15741
vt 0.83541 0.1385
vt 0.85061 0.13925
vt 0.7857 0.22249
vt 0.78541 0.20983
vt 0.77534 0.22235
vt 0.77445 0.20983
vt 0.77388 0.19494
vt 0.78539 0.19464
vt 0.78516 0.17513
vt 0.77329 0.1758
vt 0.7728 0.15499
vt 0.78487 0.15431
vt 0.78474 0.13555
vt 0.77265 0.13558
vt 0.76343 0.22355
vt 0.76142 0.21031
vt 0.75998 0.19533
vt 0.75876 0.17664
vt 0.75811 0.15597
vt 0.75841 0.13576
vt 0.75926 0.11752
vt 0.86168 0.23562
vt 0.86789 0.21462
vt 0.87185 0.19481
vt 0.87322 0.17591
vt 0.87277 0.15738
vt 0.87126 0.13888
vt 0.31142 0.28131
vt 0.30759 0.31254
vt 0.30115 0.31202
vt 0.30989 0.28499
vt 0.30377 0.34378
vt 0.29806 0.3413
vt 0.28576 0.34265
vt 0.28814 0.31226
vt 0.29676 0.27867
vt 0.30212 0.366
vt 0.29626 0.36622
vt 0.30047 0.38823
vt 0.29493 0.38758
vt 0.28232 0.39031
vt 0.28399 0.36828
vt 0.72731 0.30059
vt 0.71916 0.30641
vt 0.71408 0.30008
vt 0.72127 0.29458
vt 0.71102 0.31223
vt 0.70652 0.30617
vt 0.70203 0.30011
vt 0.70833 0.29273
vt 0.71509 0.28633
vt 0.85731 0.29043
vt 0.84406 0.28543
vt 0.84503 0.28228
vt 0.85853 0.28769
vt 0.83082 0.28043
vt 0.8331 0.27758
vt 0.83516 0.26955
vt 0.84794 0.27389
vt 0.86255 0.2792
vt 0.78227 0.25151
vt 0.77288 0.25737
vt 0.77118 0.25433
vt 0.78035 0.25032
vt 0.7635 0.26323
vt 0.76063 0.26186
vt 0.75766 0.25469
vt 0.76907 0.24799
vt 0.77867 0.24459
vt 0.73901 0.29381
vt 0.73316 0.2972
vt 0.72789 0.28982
vt 0.73614 0.2834
vt 0.72172 0.28048
vt 0.73065 0.27347
vt 0.79822 0.25456
vt 0.79024 0.25303
vt 0.78915 0.25022
vt 0.79799 0.25364
vt 0.78796 0.24452
vt 0.79737 0.24777
vt 0.82319 0.27669
vt 0.82385 0.27328
vt 0.81555 0.27294
vt 0.81565 0.26799
vt 0.81621 0.26043
vt 0.82508 0.26546
vt 0.80688 0.26375
vt 0.80697 0.26056
vt 0.80693 0.25384
vt 0.88481 0.30466
vt 0.87106 0.29754
vt 0.87238 0.29408
vt 0.88585 0.3013
vt 0.87723 0.28625
vt 0.88689 0.29795
vt 0.75125 0.27852
vt 0.74801 0.27286
vt 0.74371 0.26409
vt 0.78239 0.0483
vt 0.79321 0.04863
vt 0.77174 0.0445
vt 0.77562 0.03581
vt 0.78323 0.03556
vt 0.79326 0.03486
vt 0.8685 0.06261
vt 0.86316 0.05085
vt 0.87674 0.04112
vt 0.88665 0.05159
vt 0.85928 0.04149
vt 0.86584 0.03237
vt 0.87513 0.01877
vt 0.89095 0.02731
vt 0.90677 0.03584
vt 0.81439 0.03504
vt 0.81462 0.02104
vt 0.82688 0.02202
vt 0.82568 0.03637
vt 0.81449 0.00696
vt 0.82844 0.00787
vt 0.8424 0.00878
vt 0.83975 0.02394
vt 0.83754 0.03828
vt 0.85317 0.02717
vt 0.84962 0.0403
vt 0.85876 0.01377
vt 0.85239 0.06695
vt 0.8499 0.05378
vt 0.83831 0.06699
vt 0.83715 0.05288
vt 0.78144 0.02352
vt 0.79199 0.02188
vt 0.77164 0.02683
vt 0.76691 0.01381
vt 0.77824 0.01144
vt 0.78956 0.00906
vt 0.82599 0.06577
vt 0.82533 0.05119
vt 0.81478 0.0644
vt 0.81429 0.0497
vt 0.74758 0.06371
vt 0.73669 0.04801
vt 0.75132 0.04121
vt 0.73232 0.07038
vt 0.72123 0.05557
vt 0.70862 0.03912
vt 0.72445 0.03105
vt 0.74028 0.02297
vt 0.80496 0.0775
vt 0.80395 0.06339
vt 0.8162 0.07849
vt 0.82765 0.07946
vt 0.8404 0.07992
vt 0.87402 0.07372
vt 0.89576 0.06248
vt 0.91941 0.04725
vt 0.80366 0.03457
vt 0.80306 0.02107
vt 0.80203 0.00801
vt 0.69576 0.07454
vt 0.70728 0.06538
vt 0.71925 0.08199
vt 0.68287 0.05477
vt 0.69574 0.04695
vt 0.74906 0.08994
vt 0.74634 0.09964
vt 0.73267 0.0932
vt 0.74198 0.0821
vt 0.75927 0.08934
vt 0.75506 0.07721
vt 0.76001 0.10221
vt 0.70122 0.28389
vt 0.70772 0.27579
vt 0.69447 0.29219
vt 0.68691 0.28426
vt 0.69364 0.27569
vt 0.69985 0.26592
vt 0.85418 0.25699
vt 0.87123 0.26218
vt 0.83926 0.25352
vt 0.76624 0.2369
vt 0.77687 0.23455
vt 0.75344 0.24209
vt 0.71421 0.26788
vt 0.7235 0.25921
vt 0.70595 0.2558
vt 0.78667 0.23463
vt 0.79646 0.23703
vt 0.82739 0.25026
vt 0.8171 0.24633
vt 0.80674 0.24145
vt 0.88899 0.27034
vt 0.90671 0.28064
vt 0.73796 0.25013
vt 0.60553 0.90627
vt 0.58836 0.9307
vt 0.09686 0.08491
vt 0.07046 0.0812
vt 0.07057 0.0514
vt 0.0999 0.04975
vt 0.04757 0.07832
vt 0.04409 0.05419
vt 0.03273 0.03417
vt 0.07009 0.02235
vt 0.10745 0.01054
vt 0.14276 0.08878
vt 0.12081 0.08741
vt 0.12407 0.0496
vt 0.14547 0.04999
vt 0.12773 0.00897
vt 0.14801 0.0074
vt 0.18627 0.08973
vt 0.16444 0.08951
vt 0.16695 0.05093
vt 0.18908 0.05286
vt 0.17005 0.00912
vt 0.19208 0.01084
vt 0.23031 0.08945
vt 0.2083 0.08956
vt 0.21208 0.05694
vt 0.23436 0.06197
vt 0.21772 0.02335
vt 0.24336 0.03586
vt 0.23367 0.40357
vt 0.21187 0.41049
vt 0.21415 0.38447
vt 0.23618 0.37865
vt 0.19123 0.41664
vt 0.19274 0.39075
vt 0.19387 0.36142
vt 0.21622 0.35596
vt 0.23849 0.35122
vt 0.21726 0.32343
vt 0.23943 0.31991
vt 0.20073 0.32526
vt 0.20059 0.29382
vt 0.21688 0.29241
vt 0.23936 0.28965
vt 0.23806 0.2445
vt 0.215 0.24638
vt 0.21353 0.22551
vt 0.23692 0.22395
vt 0.19807 0.24701
vt 0.19612 0.22579
vt 0.19399 0.20383
vt 0.21187 0.20308
vt 0.23557 0.20134
vt 0.23231 0.14713
vt 0.20825 0.15052
vt 0.20735 0.12079
vt 0.23032 0.11811
vt 0.18416 0.15477
vt 0.18519 0.12264
vt 0.24245 0.49563
vt 0.21835 0.50927
vt 0.2137 0.48595
vt 0.23673 0.47447
vt 0.19554 0.51823
vt 0.19221 0.49352
vt 0.19031 0.46846
vt 0.21097 0.46182
vt 0.23325 0.45219
vt 0.16739 0.42156
vt 0.16764 0.39763
vt 0.14028 0.42283
vt 0.1393 0.39993
vt 0.1386 0.38173
vt 0.1672 0.37803
vt 0.44534 0.57663
vt 0.45427 0.60731
vt 0.44778 0.61753
vt 0.43403 0.59815
vt 0.4632 0.638
vt 0.45724 0.64785
vt 0.44211 0.6529
vt 0.43495 0.62474
vt 0.42773 0.60896
vt 0.2604 0.94093
vt 0.26133 0.87755
vt 0.27313 0.87017
vt 0.28673 0.91773
vt 0.26226 0.81417
vt 0.27196 0.81635
vt 0.29271 0.81632
vt 0.29347 0.86777
vt 0.29953 0.90506
vt 0.16105 0.14843
vt 0.16296 0.12259
vt 0.13907 0.14716
vt 0.1406 0.12185
vt 0.1721 0.52382
vt 0.16957 0.49817
vt 0.14643 0.52575
vt 0.14446 0.49932
vt 0.14276 0.47318
vt 0.1679 0.47255
vt 0.11128 0.41906
vt 0.10934 0.39512
vt 0.08306 0.41498
vt 0.08073 0.38811
vt 0.07858 0.35749
vt 0.10851 0.37538
vt 0.26133 0.77041
vt 0.27225 0.7697
vt 0.2604 0.72664
vt 0.27529 0.72785
vt 0.29592 0.72979
vt 0.29317 0.7705
vt 0.47744 0.68332
vt 0.46819 0.68676
vt 0.49168 0.72865
vt 0.47818 0.72919
vt 0.45856 0.73105
vt 0.45065 0.68999
vt 0.11665 0.1466
vt 0.11787 0.12042
vt 0.09179 0.15049
vt 0.09402 0.11769
vt 0.1178 0.52382
vt 0.11652 0.49679
vt 0.08847 0.51986
vt 0.08791 0.49352
vt 0.08676 0.46723
vt 0.115 0.47014
vt 0.05854 0.41521
vt 0.0569 0.38584
vt 0.04019 0.41797
vt 0.03925 0.3868
vt 0.03845 0.35382
vt 0.05534 0.3543
vt 0.0542 0.32138
vt 0.06991 0.32156
vt 0.0384 0.32099
vt 0.03877 0.2904
vt 0.05408 0.29055
vt 0.06888 0.29055
vt 0.06995 0.24175
vt 0.0551 0.24035
vt 0.05726 0.21713
vt 0.07268 0.2197
vt 0.04018 0.23869
vt 0.0422 0.21431
vt 0.04498 0.18972
vt 0.06042 0.19365
vt 0.07656 0.19764
vt 0.06774 0.14251
vt 0.06965 0.11226
vt 0.04975 0.13707
vt 0.04947 0.10714
vt 0.26531 0.24057
vt 0.26597 0.26116
vt 0.23887 0.26522
vt 0.29378 0.23539
vt 0.2948 0.2552
vt 0.26623 0.28539
vt 0.25955 0.39622
vt 0.25832 0.41867
vt 0.23241 0.42827
vt 0.28126 0.41052
vt 0.28176 0.4288
vt 0.25905 0.43982
vt 0.26006 0.14226
vt 0.26238 0.17064
vt 0.23411 0.17539
vt 0.29326 0.13462
vt 0.29043 0.16559
vt 0.29163 0.19169
vt 0.26363 0.19709
vt 0.26522 0.31564
vt 0.26384 0.3464
vt 0.06157 0.51594
vt 0.06162 0.49237
vt 0.04073 0.51299
vt 0.04133 0.4927
vt 0.041 0.47052
vt 0.06086 0.46796
vt 0.28994 0.46016
vt 0.26827 0.47716
vt 0.26247 0.45904
vt 0.28469 0.44496
vt 0.25945 0.04598
vt 0.25398 0.06704
vt 0.27553 0.05611
vt 0.27196 0.07201
vt 0.26839 0.0879
vt 0.25165 0.08957
vt 0.13653 0.21614
vt 0.14759 0.21655
vt 0.14573 0.2074
vt 0.13681 0.20718
vt 0.15681 0.21681
vt 0.15332 0.20733
vt 0.14968 0.2002
vt 0.1438 0.20049
vt 0.13701 0.20039
vt 0.13297 0.33313
vt 0.14388 0.33397
vt 0.14648 0.32508
vt 0.13324 0.32426
vt 0.15284 0.33533
vt 0.15729 0.32625
vt 0.16035 0.31606
vt 0.14835 0.31528
vt 0.13353 0.31462
vt 0.25508 0.11497
vt 0.28082 0.11126
vt 0.06412 0.16927
vt 0.08147 0.17521
vt 0.04791 0.16442
vt 0.28906 0.64269
vt 0.29696 0.61254
vt 0.30379 0.62201
vt 0.29494 0.6512
vt 0.30486 0.5824
vt 0.31733 0.60239
vt 0.32422 0.6125
vt 0.31731 0.62826
vt 0.31078 0.65545
vt 0.37688 0.58037
vt 0.41111 0.5785
vt 0.4088 0.59265
vt 0.37647 0.59327
vt 0.40795 0.60801
vt 0.37665 0.60892
vt 0.21015 0.17806
vt 0.19145 0.18073
vt 0.13253 0.34757
vt 0.13842 0.34754
vt 0.14076 0.34168
vt 0.13273 0.34117
vt 0.14318 0.34694
vt 0.14736 0.34263
vt 0.32711 0.14336
vt 0.33203 0.16196
vt 0.31278 0.1632
vt 0.31018 0.13899
vt 0.33695 0.18057
vt 0.31569 0.18666
vt 0.54142 0.26765
vt 0.53792 0.28125
vt 0.54638 0.28374
vt 0.5525 0.27026
vt 0.53581 0.29479
vt 0.54039 0.29761
vt 0.54497 0.30044
vt 0.55397 0.28714
vt 0.56298 0.27385
vt 0.51672 0.269
vt 0.51821 0.28209
vt 0.5279 0.28059
vt 0.52882 0.26721
vt 0.51917 0.29488
vt 0.52744 0.29233
vt 0.49873 0.27859
vt 0.50438 0.2888
vt 0.51069 0.28504
vt 0.50707 0.27278
vt 0.51003 0.299
vt 0.5146 0.29694
vt 0.51302 0.24162
vt 0.51573 0.25589
vt 0.53057 0.25429
vt 0.53281 0.24162
vt 0.54581 0.25483
vt 0.55259 0.24162
vt 0.53653 0.30557
vt 0.53617 0.30018
vt 0.52701 0.29971
vt 0.52655 0.3051
vt 0.51787 0.29976
vt 0.51656 0.30463
vt 0.48941 0.25092
vt 0.49407 0.26476
vt 0.50406 0.25974
vt 0.50121 0.24627
vt 0.55865 0.25756
vt 0.56503 0.24524
vt 0.57022 0.26136
vt 0.57747 0.24887
vt 0.26174 0.37283
vt 0.05984 0.44242
vt 0.08511 0.44116
vt 0.04069 0.44581
vt 0.11324 0.44421
vt 0.1414 0.44756
vt 0.1673 0.44685
vt 0.19017 0.44265
vt 0.21053 0.43641
vt 0.30679 0.44495
vt 0.3149 0.45771
vt 0.30908 0.46395
vt 0.30207 0.45038
vt 0.323 0.47047
vt 0.31781 0.47725
vt 0.31262 0.48403
vt 0.29769 0.47502
vt 0.30206 0.42186
vt 0.30443 0.4334
vt 0.29756 0.43712
vt 0.29508 0.42299
vt 0.29441 0.40639
vt 0.30127 0.40504
vt 0.80373 0.04887
vt 0.13576 0.24162
vt 0.15003 0.24224
vt 0.14901 0.22846
vt 0.13617 0.2279
vt 0.16163 0.24287
vt 0.15955 0.22898
vt 0.02374 0.42588
vt 0.0207 0.39118
vt 0.02814 0.38872
vt 0.02938 0.42079
vt 0.01767 0.35648
vt 0.02705 0.35482
vt 0.019 0.32203
vt 0.02723 0.32137
vt 0.02033 0.28758
vt 0.028 0.29012
vt 0.02273 0.23553
vt 0.02621 0.20972
vt 0.03246 0.21187
vt 0.03013 0.2371
vt 0.0297 0.18391
vt 0.03531 0.18651
vt 0.03451 0.13116
vt 0.03029 0.10269
vt 0.03733 0.10434
vt 0.03908 0.13336
vt 0.02606 0.07422
vt 0.03365 0.07765
vt 0.03211 0.15753
vt 0.03793 0.16065
vt 0.02337 0.47581
vt 0.02356 0.45085
vt 0.0297 0.4485
vt 0.02964 0.4726
vt 0.01901 0.06175
vt 0.02861 0.05783
vt 0.01196 0.04929
vt 0.02235 0.04173
vt 0.7623 0.03335
vt 0.7536 0.01839
vt 0.02222 0.51301
vt 0.0228 0.49441
vt 0.02952 0.49337
vt 0.02839 0.51162
vt 0.14955 0.30473
vt 0.13385 0.30417
vt 0.16221 0.30529
vt 0.16331 0.29426
vt 0.15033 0.29378
vt 0.13418 0.29325
vt 0.26457 0.21997
vt 0.29283 0.21467
vt 0.05424 0.26408
vt 0.06893 0.26456
vt 0.03921 0.26344
vt 0.49703 0.81639
vt 0.497 0.88753
vt 0.48528 0.87934
vt 0.48609 0.82085
vt 0.49697 0.95868
vt 0.47149 0.92958
vt 0.45916 0.91457
vt 0.46529 0.87531
vt 0.46558 0.82036
vt 0.37941 0.98194
vt 0.3199 0.96144
vt 0.32616 0.94608
vt 0.37958 0.9585
vt 0.33029 0.92056
vt 0.37982 0.93012
vt 0.21608 0.2675
vt 0.19949 0.26856
vt 0.31855 0.20947
vt 0.34257 0.20464
vt 0.3482 0.22872
vt 0.32101 0.23032
vt 0.32287 0.24746
vt 0.35034 0.24019
vt 0.35248 0.25166
vt 0.32529 0.26092
vt 0.32926 0.26838
vt 0.35332 0.25742
vt 0.35416 0.26319
vt 0.33279 0.27225
vt 0.02153 0.26155
vt 0.02882 0.26264
vt 0.14224 0.19511
vt 0.13718 0.19493
vt 0.14658 0.19491
vt 0.14455 0.19176
vt 0.14142 0.19104
vt 0.13731 0.19061
vt 0.08663 0.57577
vt 0.05715 0.56167
vt 0.06009 0.53892
vt 0.08828 0.54633
vt 0.02766 0.54756
vt 0.03774 0.53177
vt 0.15347 0.58172
vt 0.12005 0.57875
vt 0.11892 0.55102
vt 0.14877 0.55257
vt 0.20382 0.57134
vt 0.17864 0.57653
vt 0.17516 0.54985
vt 0.19971 0.54338
vt 0.25775 0.54185
vt 0.23078 0.55659
vt 0.22427 0.53261
vt 0.24975 0.51682
vt 0.28518 0.51294
vt 0.27597 0.49513
vt 0.67368 0.27833
vt 0.6796 0.26639
vt 0.68647 0.27028
vt 0.6803 0.28129
vt 0.68551 0.25445
vt 0.69237 0.25945
vt 0.69022 0.24526
vt 0.69777 0.24899
vt 0.69492 0.23606
vt 0.70245 0.23703
vt 0.69773 0.22137
vt 0.70527 0.22189
vt 0.70053 0.20667
vt 0.70666 0.20468
vt 0.70074 0.18647
vt 0.7066 0.18489
vt 0.70096 0.16626
vt 0.70508 0.16142
vt 0.69585 0.13351
vt 0.70164 0.1328
vt 0.69074 0.10075
vt 0.69617 0.10334
vt 0.68221 0.07835
vt 0.68785 0.07803
vt 0.67368 0.05594
vt 0.67828 0.05536
vt 0.01196 0.53617
vt 0.01709 0.52459
vt 0.02496 0.52738
vt 0.01981 0.54187
vt 0.1663 0.22901
vt 0.16301 0.21645
vt 0.16883 0.24309
vt 0.17365 0.24294
vt 0.17085 0.22858
vt 0.16806 0.21421
vt 0.1632 0.25722
vt 0.17075 0.25752
vt 0.16405 0.27087
vt 0.17187 0.27124
vt 0.17723 0.27249
vt 0.17544 0.25771
vt 0.16984 0.30572
vt 0.17107 0.29461
vt 0.16775 0.31668
vt 0.17321 0.31726
vt 0.17453 0.30608
vt 0.17586 0.2949
vt 0.15142 0.34425
vt 0.15875 0.3367
vt 0.14403 0.34937
vt 0.14423 0.3538
vt 0.15425 0.34635
vt 0.16428 0.33891
vt 0.16411 0.32721
vt 0.16874 0.32808
vt 0.15869 0.20673
vt 0.15406 0.19923
vt 0.16279 0.20561
vt 0.15753 0.19701
vt 0.13791 0.35141
vt 0.1324 0.35175
vt 0.1323 0.35505
vt 0.13827 0.35442
vt 0.14975 0.19367
vt 0.14571 0.18985
vt 0.15233 0.19169
vt 0.14712 0.18637
vt 0.164 0.28302
vt 0.17183 0.28335
vt 0.17654 0.28369
vt 0.14163 0.18793
vt 0.13741 0.18725
vt 0.14232 0.1851
vt 0.13752 0.18382
vt 0.13532 0.25604
vt 0.15074 0.25664
vt 0.1349 0.26984
vt 0.15105 0.27039
vt 0.13453 0.28205
vt 0.15086 0.28257
vt 0.08406 0.28627
vt 0.08408 0.31784
vt 0.07935 0.31971
vt 0.07823 0.28989
vt 0.08411 0.34942
vt 0.08765 0.34756
vt 0.09784 0.20183
vt 0.09078 0.22229
vt 0.08337 0.22137
vt 0.08834 0.20085
vt 0.08373 0.24275
vt 0.07952 0.24259
vt 0.18819 0.35537
vt 0.18695 0.32251
vt 0.19146 0.32408
vt 0.18503 0.35207
vt 0.18572 0.28965
vt 0.1912 0.29372
vt 0.1832 0.2479
vt 0.17775 0.22651
vt 0.18512 0.22613
vt 0.18811 0.2474
vt 0.1723 0.20511
vt 0.18191 0.20513
vt 0.1393 0.36835
vt 0.16374 0.36186
vt 0.16517 0.367
vt 0.13839 0.37081
vt 0.11171 0.35889
vt 0.11014 0.36424
vt 0.10642 0.17417
vt 0.10213 0.188
vt 0.09359 0.1821
vt 0.10256 0.16801
vt 0.16978 0.19069
vt 0.17882 0.18571
vt 0.16726 0.17627
vt 0.17191 0.17069
vt 0.13776 0.17593
vt 0.12209 0.17505
vt 0.11889 0.16363
vt 0.13814 0.16388
vt 0.15251 0.1761
vt 0.1569 0.16503
vt 0.08389 0.26451
vt 0.07826 0.26474
vt 0.18446 0.26878
vt 0.18993 0.26895
vt 0.42892 0.92698
vt 0.4285 0.87898
vt 0.37987 0.88067
vt 0.37966 0.82428
vt 0.4279 0.82285
vt 0.4236 0.7341
vt 0.41893 0.69311
vt 0.37863 0.73559
vt 0.37807 0.69466
vt 0.37754 0.65782
vt 0.41393 0.65619
vt 0.33088 0.87455
vt 0.33104 0.82053
vt 0.33263 0.73331
vt 0.33621 0.69339
vt 0.30278 0.69058
vt 0.34034 0.65759
vt 0.34326 0.63004
vt 0.37704 0.62961
vt 0.34475 0.61021
vt 0.41014 0.62806
vt 0.33123 0.77414
vt 0.3792 0.77694
vt 0.42647 0.77549
vt 0.46332 0.77277
vt 0.43819 0.97031
vt 0.43255 0.95386
vt 0.49435 0.77252
vt 0.48361 0.77217
vt 0.27473 0.68467
vt 0.28433 0.68771
vt 0.34087 0.58138
vt 0.34343 0.59514
vt 0.85563 0.07886
vt 0.91595 0.80048
vt 0.93146 0.80012
vt 0.92949 0.79035
vt 0.91396 0.79082
vt 0.94685 0.79943
vt 0.94499 0.7896
vt 0.94291 0.77827
vt 0.92724 0.77888
vt 0.91176 0.77948
vt 0.87246 0.79855
vt 0.87146 0.78973
vt 0.86693 0.78982
vt 0.8677 0.79831
vt 0.86963 0.78061
vt 0.86558 0.78143
vt 0.86145 0.78477
vt 0.86219 0.78991
vt 0.86292 0.79504
vt 0.64322 0.72924
vt 0.62242 0.73096
vt 0.64537 0.69742
vt 0.62418 0.70086
vt 0.60117 0.70594
vt 0.59963 0.73356
vt 0.56108 0.71569
vt 0.56242 0.69062
vt 0.54838 0.6965
vt 0.54596 0.71871
vt 0.56002 0.66727
vt 0.54773 0.67704
vt 0.53912 0.68534
vt 0.53662 0.6999
vt 0.5333 0.71964
vt 0.67783 0.54975
vt 0.68829 0.55076
vt 0.6877 0.54556
vt 0.6725 0.54684
vt 0.70137 0.55162
vt 0.7016 0.54503
vt 0.7035 0.53827
vt 0.68533 0.5411
vt 0.66717 0.54394
vt 0.60015 0.67808
vt 0.5795 0.68462
vt 0.57967 0.71118
vt 0.59428 0.65151
vt 0.57502 0.65939
vt 0.63781 0.57217
vt 0.65636 0.58376
vt 0.66748 0.57465
vt 0.64859 0.56659
vt 0.67356 0.59443
vt 0.68511 0.58157
vt 0.6946 0.5697
vt 0.67723 0.56571
vt 0.65937 0.56101
vt 0.6251 0.57408
vt 0.64431 0.59261
vt 0.61239 0.57599
vt 0.62848 0.60302
vt 0.6478 0.62986
vt 0.66214 0.60828
vt 0.90854 0.6812
vt 0.91584 0.68086
vt 0.91618 0.66726
vt 0.90878 0.66742
vt 0.92451 0.68038
vt 0.92504 0.667
vt 0.85092 0.84208
vt 0.82231 0.83656
vt 0.82134 0.8533
vt 0.84883 0.85712
vt 0.79556 0.8333
vt 0.79532 0.84933
vt 0.79488 0.86554
vt 0.82155 0.87168
vt 0.84674 0.87215
vt 0.53247 0.6305
vt 0.54995 0.64862
vt 0.5639 0.63779
vt 0.5484 0.6183
vt 0.58217 0.62762
vt 0.56434 0.6061
vt 0.86991 0.95075
vt 0.82241 0.91658
vt 0.80967 0.92415
vt 0.83294 0.94268
vt 0.78956 0.89813
vt 0.78158 0.90639
vt 0.77144 0.91031
vt 0.79382 0.92553
vt 0.81207 0.94022
vt 0.5216 0.67332
vt 0.53188 0.67989
vt 0.5397 0.66315
vt 0.52704 0.65191
vt 0.93558 0.66672
vt 0.93456 0.67999
vt 0.94748 0.68078
vt 0.94951 0.66689
vt 0.92402 0.70132
vt 0.92582 0.71486
vt 0.93698 0.71443
vt 0.93331 0.70111
vt 0.92777 0.73026
vt 0.94265 0.73059
vt 0.95754 0.73092
vt 0.94785 0.71069
vt 0.94123 0.70109
vt 0.94801 0.81228
vt 0.93259 0.81269
vt 0.91695 0.81289
vt 0.89557 0.79928
vt 0.88821 0.79881
vt 0.88898 0.81171
vt 0.89643 0.81205
vt 0.88201 0.79861
vt 0.88266 0.81156
vt 0.96574 0.79906
vt 0.95809 0.79901
vt 0.95906 0.81204
vt 0.96653 0.81212
vt 0.97736 0.79933
vt 0.97153 0.79948
vt 0.97239 0.81248
vt 0.97852 0.81263
vt 0.70688 0.83806
vt 0.71446 0.83617
vt 0.70956 0.81537
vt 0.70143 0.81634
vt 0.72363 0.8339
vt 0.71954 0.81438
vt 0.61885 0.64148
vt 0.624 0.67062
vt 0.64714 0.66515
vt 0.90426 0.80003
vt 0.90518 0.81256
vt 0.89652 0.6814
vt 0.89645 0.69184
vt 0.90223 0.69199
vt 0.9026 0.68139
vt 0.89548 0.70204
vt 0.90117 0.70242
vt 0.90724 0.70212
vt 0.908 0.69172
vt 0.509 0.71468
vt 0.52169 0.71816
vt 0.52597 0.69825
vt 0.5153 0.694
vt 0.51977 0.73926
vt 0.50857 0.73777
vt 0.53155 0.74019
vt 0.89649 0.6675
vt 0.90271 0.66749
vt 0.94121 0.76117
vt 0.92527 0.76151
vt 0.94128 0.74008
vt 0.9234 0.74028
vt 0.90552 0.74048
vt 0.90984 0.76222
vt 0.71215 0.5531
vt 0.71209 0.54609
vt 0.719 0.55374
vt 0.72048 0.54805
vt 0.72226 0.54011
vt 0.71288 0.53919
vt 0.90013 0.7798
vt 0.90226 0.79059
vt 0.89155 0.77997
vt 0.8936 0.7901
vt 0.93316 0.69063
vt 0.92383 0.69082
vt 0.94404 0.69262
vt 0.73284 0.88328
vt 0.73882 0.87963
vt 0.72428 0.85923
vt 0.71773 0.86201
vt 0.74514 0.87388
vt 0.7319 0.85526
vt 0.9745 0.78116
vt 0.97009 0.77968
vt 0.97035 0.78932
vt 0.97575 0.78855
vt 0.96364 0.77841
vt 0.96451 0.78908
vt 0.95496 0.778
vt 0.95654 0.78912
vt 0.88443 0.78015
vt 0.8864 0.78984
vt 0.87851 0.78031
vt 0.88046 0.78976
vt 0.75886 0.85728
vt 0.77263 0.86058
vt 0.77279 0.84611
vt 0.75498 0.8456
vt 0.77197 0.83066
vt 0.75205 0.82966
vt 0.82331 0.81722
vt 0.85246 0.81923
vt 0.79588 0.81545
vt 0.91503 0.70169
vt 0.91529 0.69131
vt 0.57859 0.73651
vt 0.56028 0.73897
vt 0.54478 0.74019
vt 0.87285 0.81153
vt 0.868 0.8115
vt 0.86299 0.81118
vt 0.72366 0.55926
vt 0.72825 0.55091
vt 0.73447 0.57055
vt 0.73649 0.55461
vt 0.73852 0.53868
vt 0.73039 0.53939
vt 0.69602 0.60897
vt 0.71524 0.58976
vt 0.70064 0.58639
vt 0.68734 0.60208
vt 0.71117 0.57205
vt 0.66894 0.6376
vt 0.67676 0.61782
vt 0.68076 0.63881
vt 0.68839 0.62389
vt 0.67767 0.69635
vt 0.66219 0.69656
vt 0.65878 0.72864
vt 0.67088 0.72861
vt 0.66499 0.66535
vt 0.67921 0.66758
vt 0.82538 0.97107
vt 0.83325 0.97815
vt 0.83475 0.9692
vt 0.8232 0.96463
vt 0.84112 0.98522
vt 0.84391 0.97253
vt 0.84474 0.9644
vt 0.83662 0.96126
vt 0.82332 0.95779
vt 0.88003 0.66792
vt 0.88876 0.66756
vt 0.88003 0.68466
vt 0.88888 0.68151
vt 0.88075 0.69007
vt 0.88912 0.6911
vt 0.88147 0.69549
vt 0.88882 0.7003
vt 0.78528 0.95979
vt 0.80533 0.96543
vt 0.80741 0.95974
vt 0.78991 0.95475
vt 0.80769 0.95367
vt 0.79455 0.9497
vt 0.87751 0.81152
vt 0.877 0.79854
vt 0.68442 0.5576
vt 0.6686 0.55538
vt 0.69968 0.5597
vt 0.87573 0.78972
vt 0.87376 0.78038
vt 0.71318 0.56121
vt 0.84913 0.98935
vt 0.85312 0.97316
vt 0.85715 0.99348
vt 0.86353 0.97211
vt 0.85168 0.9604
vt 0.89878 0.76341
vt 0.89774 0.74343
vt 0.88996 0.74639
vt 0.89046 0.76457
vt 0.97825 0.77492
vt 0.97201 0.76774
vt 0.98534 0.76536
vt 0.97546 0.75366
vt 0.96557 0.74196
vt 0.96395 0.76309
vt 0.95392 0.76141
vt 0.95343 0.74102
vt 0.88319 0.76525
vt 0.88243 0.747
vt 0.87491 0.74761
vt 0.87674 0.76564
vt 0.90631 0.71553
vt 0.91544 0.71512
vt 0.90446 0.73089
vt 0.91611 0.73058
vt 0.87122 0.76594
vt 0.86821 0.74805
vt 0.86151 0.74849
vt 0.86669 0.76669
vt 0.88218 0.70948
vt 0.88744 0.713
vt 0.88288 0.72347
vt 0.88525 0.7278
vt 0.88762 0.73212
vt 0.89285 0.71538
vt 0.75219 0.86508
vt 0.76934 0.87455
vt 0.76409 0.88627
vt 0.79356 0.8832
vt 0.96478 0.6835
vt 0.96824 0.66783
vt 0.98812 0.68589
vt 0.99017 0.66911
vt 0.98633 0.81212
vt 0.99535 0.81115
vt 0.99419 0.79499
vt 0.98482 0.79778
vt 0.95736 0.69896
vt 0.97283 0.70841
vt 0.98218 0.78517
vt 0.98977 0.78018
vt 0.89903 0.71589
vt 0.89604 0.7315
vt 0.86353 0.76864
vt 0.86093 0.75321
vt 0.86035 0.75793
vt 0.8609 0.77135
vt 0.75078 0.89783
vt 0.74376 0.90166
vt 0.76137 0.91321
vt 0.72686 0.88703
vt 0.72127 0.89568
vt 0.73687 0.9059
vt 0.75248 0.91613
vt 0.824 0.89578
vt 0.85832 0.91145
vt 0.73313 0.8134
vt 0.75051 0.81307
vt 0.73599 0.83121
vt 0.74178 0.8497
vt 0.71109 0.8647
vt 0.70397 0.86773
vt 0.69893 0.83977
vt 0.68667 0.83978
vt 0.77881 0.92564
vt 0.76463 0.92549
vt 0.77679 0.93485
vt 0.79362 0.93751
vt 0.69326 0.81728
vt 0.6844 0.81808
vt 0.77149 0.8139
vt 0.80317 0.9466
vt 0.78567 0.94227
vt 0.82104 0.95046
vt 0.83848 0.95393
vt 0.75773 0.89349
vt 0.76971 0.4513
vt 0.77614 0.46897
vt 0.79929 0.46496
vt 0.79503 0.44885
vt 0.7833 0.48415
vt 0.80394 0.47902
vt 0.8204 0.47731
vt 0.81742 0.46344
vt 0.81475 0.44795
vt 0.89843 0.51136
vt 0.89403 0.49419
vt 0.88119 0.49392
vt 0.88232 0.50796
vt 0.89124 0.48056
vt 0.87953 0.48009
vt 0.86853 0.47942
vt 0.86976 0.49331
vt 0.87051 0.50725
vt 0.8671 0.45032
vt 0.86758 0.46522
vt 0.87882 0.466
vt 0.87876 0.451
vt 0.89043 0.4668
vt 0.89068 0.45168
vt 0.83132 0.4633
vt 0.82937 0.44823
vt 0.83362 0.47717
vt 0.84533 0.47777
vt 0.84333 0.46382
vt 0.84174 0.449
vt 0.85555 0.46449
vt 0.85449 0.44969
vt 0.85704 0.47859
vt 0.70252 0.46034
vt 0.71699 0.48585
vt 0.74804 0.47629
vt 0.739 0.45539
vt 0.73146 0.51135
vt 0.75835 0.49441
vt 0.91428 0.34294
vt 0.9171 0.35755
vt 0.93325 0.35307
vt 0.93087 0.33653
vt 0.91901 0.37323
vt 0.93447 0.37008
vt 0.94765 0.36693
vt 0.94789 0.34887
vt 0.9489 0.3286
vt 0.92067 0.39187
vt 0.93592 0.38936
vt 0.92158 0.41281
vt 0.9373 0.41142
vt 0.95016 0.41007
vt 0.94846 0.38683
vt 0.92117 0.43451
vt 0.93791 0.43579
vt 0.9196 0.45451
vt 0.93648 0.45914
vt 0.95543 0.46926
vt 0.95252 0.43737
vt 0.73698 0.30668
vt 0.72351 0.32574
vt 0.74911 0.34005
vt 0.7606 0.31962
vt 0.71003 0.3448
vt 0.74044 0.36149
vt 0.76761 0.37123
vt 0.77339 0.35058
vt 0.78192 0.32933
vt 0.70263 0.37728
vt 0.73498 0.38577
vt 0.69523 0.40976
vt 0.73255 0.41051
vt 0.76421 0.41225
vt 0.7647 0.39182
vt 0.69888 0.43505
vt 0.73401 0.43352
vt 0.76576 0.43221
vt 0.84518 0.34097
vt 0.84367 0.35768
vt 0.85612 0.35872
vt 0.85673 0.34373
vt 0.84223 0.37501
vt 0.85529 0.37521
vt 0.86729 0.37548
vt 0.86763 0.35971
vt 0.86769 0.34618
vt 0.84123 0.39456
vt 0.85465 0.395
vt 0.84076 0.41452
vt 0.85426 0.41546
vt 0.86717 0.41588
vt 0.86719 0.3952
vt 0.8409 0.43271
vt 0.85412 0.43364
vt 0.86706 0.43419
vt 0.81921 0.3367
vt 0.8148 0.35663
vt 0.83037 0.35709
vt 0.83319 0.33866
vt 0.81196 0.37569
vt 0.8283 0.3753
vt 0.81116 0.39425
vt 0.82742 0.39428
vt 0.81173 0.41259
vt 0.82746 0.41334
vt 0.8129 0.43075
vt 0.8281 0.4315
vt 0.87809 0.36017
vt 0.87781 0.34752
vt 0.87812 0.37536
vt 0.88962 0.37506
vt 0.88906 0.36017
vt 0.88817 0.34765
vt 0.87835 0.39487
vt 0.87864 0.41569
vt 0.89071 0.41502
vt 0.89022 0.3942
vt 0.87876 0.43445
vt 0.89086 0.43443
vt 0.90208 0.35969
vt 0.90008 0.34645
vt 0.90353 0.37467
vt 0.90475 0.39336
vt 0.90539 0.41403
vt 0.9051 0.43424
vt 0.90425 0.45248
vt 0.79561 0.35538
vt 0.80183 0.33438
vt 0.79166 0.37519
vt 0.79029 0.3941
vt 0.79074 0.41262
vt 0.79224 0.43112
vt 0.35789 0.30534
vt 0.35943 0.30166
vt 0.36816 0.27463
vt 0.36172 0.27411
vt 0.37256 0.30798
vt 0.38117 0.27439
vt 0.38355 0.244
vt 0.37125 0.24535
vt 0.36555 0.24287
vt 0.37306 0.22043
vt 0.3672 0.22065
vt 0.38532 0.21837
vt 0.38699 0.19634
vt 0.37438 0.19906
vt 0.36885 0.19842
vt 0.9362 0.26941
vt 0.94223 0.27542
vt 0.94942 0.26992
vt 0.94434 0.26359
vt 0.94842 0.28367
vt 0.95517 0.27727
vt 0.96147 0.26989
vt 0.95698 0.26383
vt 0.95249 0.25777
vt 0.8062 0.27958
vt 0.80497 0.28232
vt 0.81847 0.28772
vt 0.81944 0.28457
vt 0.80096 0.2908
vt 0.81557 0.29611
vt 0.82834 0.30046
vt 0.83041 0.29242
vt 0.83269 0.28957
vt 0.88124 0.31849
vt 0.88316 0.31969
vt 0.89233 0.31567
vt 0.89062 0.31263
vt 0.88483 0.32542
vt 0.89443 0.32201
vt 0.90584 0.31531
vt 0.90288 0.30814
vt 0.90001 0.30677
vt 0.9245 0.27619
vt 0.92737 0.2866
vt 0.93562 0.28018
vt 0.93035 0.2728
vt 0.93286 0.29653
vt 0.94179 0.28952
vt 0.86529 0.31544
vt 0.86551 0.31636
vt 0.87436 0.31978
vt 0.87326 0.31697
vt 0.86614 0.32223
vt 0.87554 0.32548
vt 0.83965 0.29672
vt 0.84032 0.29331
vt 0.83843 0.30454
vt 0.8473 0.30957
vt 0.84786 0.30201
vt 0.84796 0.29706
vt 0.85654 0.30944
vt 0.85662 0.30625
vt 0.85658 0.31616
vt 0.7787 0.26534
vt 0.77766 0.2687
vt 0.79113 0.27592
vt 0.79245 0.27246
vt 0.77662 0.27205
vt 0.78628 0.28376
vt 0.9155 0.29714
vt 0.91225 0.29148
vt 0.9198 0.30591
vt 0.8703 0.52137
vt 0.88112 0.52171
vt 0.87025 0.53514
vt 0.88028 0.53444
vt 0.88788 0.53419
vt 0.89176 0.5255
vt 0.79501 0.50739
vt 0.77686 0.51841
vt 0.78677 0.52888
vt 0.80034 0.51915
vt 0.75673 0.53416
vt 0.77255 0.54269
vt 0.78837 0.55123
vt 0.79767 0.53763
vt 0.80423 0.52851
vt 0.84912 0.53496
vt 0.83783 0.53363
vt 0.83663 0.54798
vt 0.84888 0.54897
vt 0.82597 0.53172
vt 0.82375 0.54606
vt 0.82111 0.56123
vt 0.83507 0.56213
vt 0.84902 0.56304
vt 0.81389 0.52971
vt 0.81034 0.54284
vt 0.80474 0.55623
vt 0.81361 0.51622
vt 0.81112 0.50305
vt 0.82635 0.51712
vt 0.8252 0.50301
vt 0.87152 0.54812
vt 0.88207 0.54648
vt 0.87394 0.56094
vt 0.88527 0.55857
vt 0.89659 0.55619
vt 0.89187 0.54317
vt 0.83818 0.51881
vt 0.83751 0.50423
vt 0.84922 0.5203
vt 0.84873 0.5056
vt 0.91219 0.52879
vt 0.92681 0.52199
vt 0.91592 0.50629
vt 0.92323 0.54703
vt 0.93906 0.53895
vt 0.95489 0.53088
vt 0.94228 0.51443
vt 0.93119 0.49962
vt 0.85854 0.4925
vt 0.8473 0.49151
vt 0.85956 0.50662
vt 0.82311 0.49009
vt 0.83585 0.49054
vt 0.76775 0.50752
vt 0.78949 0.49628
vt 0.7441 0.52276
vt 0.86045 0.54893
vt 0.85985 0.53543
vt 0.86148 0.56199
vt 0.94425 0.48802
vt 0.95623 0.50462
vt 0.96774 0.49546
vt 0.96776 0.52305
vt 0.98064 0.51523
vt 0.91444 0.48006
vt 0.92153 0.4879
vt 0.93084 0.4768
vt 0.91717 0.47037
vt 0.90845 0.49279
vt 0.90424 0.48066
vt 0.9035 0.46779
vt 0.95579 0.29422
vt 0.96229 0.28611
vt 0.96365 0.30408
vt 0.96987 0.29432
vt 0.9766 0.28574
vt 0.96904 0.27782
vt 0.79228 0.30782
vt 0.80933 0.31301
vt 0.82425 0.31648
vt 0.88664 0.33545
vt 0.89727 0.3331
vt 0.91007 0.32791
vt 0.94 0.31079
vt 0.94929 0.30212
vt 0.95756 0.3142
vt 0.86704 0.33297
vt 0.87684 0.33537
vt 0.83612 0.31974
vt 0.84641 0.32367
vt 0.85677 0.32855
vt 0.7568 0.28936
vt 0.77452 0.29966
vt 0.92555 0.31988
vt 0.60553 0.61547
vt 0.58836 0.59105
vt 0.57245 0.50174
vt 0.56941 0.5369
vt 0.59874 0.53525
vt 0.59885 0.50544
vt 0.56187 0.57611
vt 0.59922 0.5643
vt 0.63658 0.55248
vt 0.62523 0.53246
vt 0.62174 0.50833
vt 0.52655 0.49787
vt 0.52385 0.53666
vt 0.54525 0.53705
vt 0.5485 0.49924
vt 0.5213 0.57924
vt 0.54158 0.57768
vt 0.48305 0.49692
vt 0.48023 0.53378
vt 0.50237 0.53571
vt 0.50488 0.49714
vt 0.47724 0.57581
vt 0.49927 0.57753
vt 0.439 0.4972
vt 0.43496 0.52468
vt 0.45723 0.5297
vt 0.46101 0.49708
vt 0.42595 0.55079
vt 0.45159 0.5633
vt 0.43564 0.18308
vt 0.43314 0.208
vt 0.45517 0.20217
vt 0.45744 0.17616
vt 0.43082 0.23542
vt 0.4531 0.23069
vt 0.47544 0.22523
vt 0.47657 0.1959
vt 0.47808 0.17001
vt 0.42988 0.26674
vt 0.45205 0.26322
vt 0.42996 0.297
vt 0.45244 0.29424
vt 0.46872 0.29283
vt 0.46858 0.26139
vt 0.43125 0.34215
vt 0.4324 0.3627
vt 0.45578 0.36114
vt 0.45431 0.34026
vt 0.43374 0.38531
vt 0.45744 0.38356
vt 0.47532 0.38282
vt 0.4732 0.36086
vt 0.47125 0.33964
vt 0.43701 0.43952
vt 0.43899 0.46854
vt 0.46196 0.46585
vt 0.46107 0.43612
vt 0.48412 0.464
vt 0.48516 0.43187
vt 0.42687 0.09102
vt 0.43259 0.11218
vt 0.45561 0.1007
vt 0.45096 0.07738
vt 0.43606 0.13445
vt 0.45835 0.12483
vt 0.479 0.11818
vt 0.4771 0.09313
vt 0.47377 0.06842
vt 0.50168 0.18901
vt 0.50193 0.16509
vt 0.50211 0.20862
vt 0.53072 0.20492
vt 0.53002 0.18672
vt 0.52903 0.16382
vt 0.19355 0.58836
vt 0.18224 0.60989
vt 0.19599 0.62927
vt 0.20248 0.61905
vt 0.17594 0.62069
vt 0.18315 0.63647
vt 0.19031 0.66464
vt 0.20544 0.65958
vt 0.21141 0.64973
vt 0.0086 0.95267
vt 0.03494 0.92947
vt 0.02134 0.8819
vt 0.00954 0.88929
vt 0.04774 0.91679
vt 0.04168 0.8795
vt 0.04091 0.82805
vt 0.02016 0.82808
vt 0.01047 0.82591
vt 0.50636 0.46406
vt 0.50827 0.43822
vt 0.52871 0.4648
vt 0.53024 0.43949
vt 0.49974 0.08848
vt 0.49722 0.06283
vt 0.50141 0.1141
vt 0.52656 0.11347
vt 0.52485 0.08733
vt 0.52288 0.06089
vt 0.55998 0.19152
vt 0.55804 0.16758
vt 0.5608 0.21127
vt 0.59073 0.22916
vt 0.58858 0.19854
vt 0.58625 0.17167
vt 0.02045 0.78144
vt 0.00954 0.78214
vt 0.04138 0.78223
vt 0.04413 0.74152
vt 0.0235 0.73958
vt 0.0086 0.73837
vt 0.2164 0.69849
vt 0.22565 0.69506
vt 0.19886 0.70172
vt 0.20677 0.74279
vt 0.22639 0.74092
vt 0.23989 0.74038
vt 0.55144 0.46623
vt 0.55267 0.44005
vt 0.5753 0.46896
vt 0.57752 0.43616
vt 0.5528 0.08986
vt 0.55152 0.06283
vt 0.55431 0.11651
vt 0.58256 0.11941
vt 0.5814 0.09313
vt 0.58085 0.06679
vt 0.61242 0.20081
vt 0.61078 0.17144
vt 0.61397 0.23235
vt 0.63086 0.23283
vt 0.63007 0.19985
vt 0.62912 0.16868
vt 0.5994 0.26509
vt 0.61512 0.26527
vt 0.60044 0.2961
vt 0.61524 0.2961
vt 0.63054 0.29625
vt 0.63091 0.26566
vt 0.59937 0.3449
vt 0.59664 0.36695
vt 0.61206 0.36952
vt 0.61421 0.3463
vt 0.59275 0.38901
vt 0.6089 0.393
vt 0.62434 0.39693
vt 0.62712 0.37234
vt 0.62913 0.34796
vt 0.59966 0.47438
vt 0.60157 0.44414
vt 0.61984 0.47951
vt 0.61956 0.44958
vt 0.43044 0.32142
vt 0.40334 0.32549
vt 0.404 0.34608
vt 0.40308 0.30126
vt 0.37452 0.33145
vt 0.37554 0.35126
vt 0.43691 0.15838
vt 0.411 0.16798
vt 0.40977 0.19043
vt 0.41026 0.14683
vt 0.38755 0.15785
vt 0.38806 0.17613
vt 0.4352 0.41126
vt 0.40694 0.41601
vt 0.40926 0.44439
vt 0.40568 0.38956
vt 0.37768 0.39496
vt 0.37888 0.42105
vt 0.37606 0.45203
vt 0.40409 0.27101
vt 0.40547 0.24025
vt 0.6077 0.09428
vt 0.60775 0.07071
vt 0.60846 0.11869
vt 0.62831 0.11613
vt 0.62798 0.09395
vt 0.62858 0.07366
vt 0.37937 0.12649
vt 0.38462 0.14169
vt 0.40684 0.12761
vt 0.40104 0.10949
vt 0.41534 0.5196
vt 0.40987 0.54066
vt 0.41766 0.49708
vt 0.40093 0.49875
vt 0.39735 0.51464
vt 0.39378 0.53054
vt 0.12788 0.20685
vt 0.12547 0.21588
vt 0.13024 0.20008
vt 0.12438 0.19943
vt 0.12031 0.20632
vt 0.11626 0.21557
vt 0.11997 0.32428
vt 0.12203 0.33331
vt 0.1187 0.31437
vt 0.10668 0.31443
vt 0.10912 0.32478
vt 0.113 0.33412
vt 0.41424 0.47168
vt 0.38849 0.47539
vt 0.58784 0.41144
vt 0.60519 0.41738
vt 0.6214 0.42222
vt 0.03727 0.65442
vt 0.04315 0.66293
vt 0.052 0.63374
vt 0.04517 0.62428
vt 0.05899 0.66718
vt 0.06552 0.63999
vt 0.07243 0.62423
vt 0.06554 0.61412
vt 0.05307 0.59413
vt 0.12509 0.5921
vt 0.12467 0.60501
vt 0.15701 0.60438
vt 0.15932 0.59023
vt 0.12485 0.62065
vt 0.15616 0.61974
vt 0.45917 0.40859
vt 0.47787 0.40592
vt 0.12467 0.34119
vt 0.12665 0.34718
vt 0.11803 0.34173
vt 0.12194 0.34629
vt 0.3422 0.44329
vt 0.35913 0.44766
vt 0.35653 0.42345
vt 0.33728 0.42468
vt 0.35362 0.39999
vt 0.33237 0.40608
vt 0.52802 0.33815
vt 0.51694 0.34075
vt 0.52306 0.35423
vt 0.53152 0.35174
vt 0.50646 0.34434
vt 0.51546 0.35764
vt 0.52447 0.37093
vt 0.52905 0.36811
vt 0.53363 0.36528
vt 0.55272 0.33949
vt 0.54062 0.33771
vt 0.54154 0.35109
vt 0.55122 0.35258
vt 0.54199 0.36282
vt 0.55027 0.36537
vt 0.57071 0.34909
vt 0.56237 0.34328
vt 0.55874 0.35553
vt 0.56506 0.35929
vt 0.55484 0.36743
vt 0.55941 0.36949
vt 0.55641 0.31211
vt 0.53663 0.31211
vt 0.53887 0.32478
vt 0.55371 0.32638
vt 0.51684 0.31211
vt 0.52363 0.32532
vt 0.53291 0.37606
vt 0.54289 0.37559
vt 0.54242 0.3702
vt 0.53327 0.37067
vt 0.55287 0.37513
vt 0.55157 0.37025
vt 0.58003 0.32142
vt 0.56822 0.31676
vt 0.56538 0.33024
vt 0.57537 0.33525
vt 0.50441 0.31573
vt 0.51079 0.32806
vt 0.49197 0.31936
vt 0.49921 0.33185
vt 0.40758 0.21382
vt 0.5842 0.14549
vt 0.60947 0.14423
vt 0.62863 0.14084
vt 0.52791 0.13909
vt 0.55608 0.14243
vt 0.47915 0.144
vt 0.50202 0.1398
vt 0.45878 0.15024
vt 0.36252 0.1417
vt 0.36725 0.13627
vt 0.36024 0.1227
vt 0.35442 0.12894
vt 0.37162 0.11163
vt 0.3567 0.10262
vt 0.3515 0.1094
vt 0.34631 0.11618
vt 0.36725 0.16479
vt 0.37424 0.16366
vt 0.37175 0.14952
vt 0.36489 0.15325
vt 0.37491 0.18026
vt 0.36805 0.18161
vt 0.85978 0.52114
vt 0.12333 0.22768
vt 0.12148 0.24137
vt 0.11278 0.22755
vt 0.10986 0.24129
vt 0.64557 0.16077
vt 0.63993 0.16586
vt 0.64117 0.19792
vt 0.64861 0.19547
vt 0.64226 0.23183
vt 0.65165 0.23017
vt 0.64208 0.26528
vt 0.65031 0.26462
vt 0.64131 0.29653
vt 0.64898 0.29907
vt 0.64659 0.35112
vt 0.63919 0.34955
vt 0.63685 0.37478
vt 0.6431 0.37693
vt 0.634 0.40014
vt 0.63962 0.40274
vt 0.6348 0.45549
vt 0.63023 0.45328
vt 0.63199 0.48231
vt 0.63903 0.48396
vt 0.63566 0.509
vt 0.64326 0.51242
vt 0.63138 0.426
vt 0.63721 0.42911
vt 0.64594 0.11083
vt 0.63967 0.11405
vt 0.63961 0.13815
vt 0.64576 0.1358
vt 0.6407 0.52882
vt 0.65031 0.52489
vt 0.64697 0.54492
vt 0.65735 0.53736
vt 0.90121 0.53665
vt 0.90991 0.55161
vt 0.64709 0.07364
vt 0.64092 0.07503
vt 0.63979 0.09328
vt 0.64652 0.09224
vt 0.11815 0.30377
vt 0.11804 0.29279
vt 0.10505 0.29248
vt 0.10547 0.30356
vt 0.40474 0.36668
vt 0.37649 0.37198
vt 0.60039 0.32209
vt 0.61507 0.32257
vt 0.63011 0.32321
vt 0.24524 0.82812
vt 0.2343 0.83258
vt 0.23348 0.89107
vt 0.24521 0.89927
vt 0.21379 0.83209
vt 0.2135 0.88704
vt 0.20737 0.92631
vt 0.2197 0.94131
vt 0.24518 0.97041
vt 0.12762 0.99368
vt 0.12778 0.97023
vt 0.07437 0.95781
vt 0.06811 0.97317
vt 0.12803 0.94185
vt 0.0785 0.93229
vt 0.45324 0.31915
vt 0.46983 0.31809
vt 0.35077 0.37718
vt 0.3483 0.35633
vt 0.32112 0.35793
vt 0.32674 0.382
vt 0.34644 0.33919
vt 0.34403 0.32573
vt 0.31683 0.33499
vt 0.31897 0.34646
vt 0.34005 0.31827
vt 0.33652 0.3144
vt 0.31515 0.32346
vt 0.31599 0.32922
vt 0.64049 0.32401
vt 0.64778 0.32509
vt 0.13212 0.1948
vt 0.13318 0.19078
vt 0.13001 0.19131
vt 0.12779 0.19434
vt 0.58268 0.01088
vt 0.58104 0.04032
vt 0.60923 0.04773
vt 0.61217 0.02498
vt 0.63157 0.05488
vt 0.64166 0.03908
vt 0.51585 0.00493
vt 0.52054 0.03408
vt 0.5504 0.03563
vt 0.54926 0.0079
vt 0.4655 0.01531
vt 0.4696 0.04327
vt 0.49415 0.0368
vt 0.49067 0.01012
vt 0.41157 0.0448
vt 0.41956 0.06982
vt 0.44504 0.05404
vt 0.43853 0.03005
vt 0.39334 0.09152
vt 0.38413 0.07371
vt 0.98982 0.29168
vt 0.98321 0.28871
vt 0.97704 0.29972
vt 0.98391 0.30361
vt 0.97114 0.31055
vt 0.97799 0.31555
vt 0.96574 0.32101
vt 0.97329 0.32474
vt 0.96106 0.33298
vt 0.96858 0.33394
vt 0.95823 0.34811
vt 0.96578 0.34864
vt 0.95685 0.36533
vt 0.96298 0.36333
vt 0.95691 0.38511
vt 0.96276 0.38354
vt 0.95842 0.40858
vt 0.96255 0.40374
vt 0.96187 0.43721
vt 0.96766 0.4365
vt 0.96734 0.46666
vt 0.97277 0.46925
vt 0.97565 0.49198
vt 0.9813 0.49166
vt 0.98523 0.51465
vt 0.98982 0.51406
vt 0.65735 0.05048
vt 0.6495 0.04478
vt 0.64435 0.05926
vt 0.65222 0.06206
vt 0.11008 0.21484
vt 0.10604 0.22717
vt 0.10519 0.2123
vt 0.10152 0.22647
vt 0.09785 0.24063
vt 0.10266 0.24108
vt 0.09986 0.25536
vt 0.10742 0.25552
vt 0.09517 0.25527
vt 0.09249 0.26991
vt 0.09791 0.26899
vt 0.10574 0.26909
vt 0.09728 0.29236
vt 0.09784 0.30353
vt 0.09249 0.29236
vt 0.09313 0.3036
vt 0.09377 0.31484
vt 0.09926 0.31459
vt 0.10702 0.33513
vt 0.11388 0.34311
vt 0.10137 0.33699
vt 0.11092 0.34503
vt 0.12047 0.35307
vt 0.12095 0.34866
vt 0.10225 0.32533
vt 0.09757 0.32592
vt 0.12006 0.19819
vt 0.11499 0.2054
vt 0.11674 0.19577
vt 0.11096 0.20403
vt 0.12693 0.35107
vt 0.12639 0.35406
vt 0.12897 0.18934
vt 0.12471 0.19291
vt 0.12777 0.18578
vt 0.12226 0.19077
vt 0.09721 0.28108
vt 0.10504 0.28123
vt 0.09249 0.28113
vt 0.13317 0.18768
vt 0.13265 0.1848
vt 0.11989 0.2557
vt 0.11874 0.2694
vt 0.11819 0.28158
vt 0.58526 0.30038
vt 0.59108 0.29676
vt 0.58996 0.26694
vt 0.58523 0.2688
vt 0.58166 0.23909
vt 0.5852 0.23722
vt 0.57148 0.38481
vt 0.58098 0.38579
vt 0.58594 0.36528
vt 0.57853 0.36436
vt 0.58979 0.34406
vt 0.58558 0.3439
vt 0.48113 0.23127
vt 0.48428 0.23458
vt 0.47785 0.26257
vt 0.48236 0.26413
vt 0.47812 0.29293
vt 0.4836 0.29699
vt 0.48611 0.33874
vt 0.48121 0.33925
vt 0.4842 0.36051
vt 0.49156 0.36014
vt 0.4874 0.38151
vt 0.49702 0.38153
vt 0.53001 0.2183
vt 0.53092 0.21584
vt 0.50414 0.21965
vt 0.50557 0.22479
vt 0.55918 0.22241
vt 0.55761 0.22776
vt 0.5629 0.41248
vt 0.56675 0.41864
vt 0.57572 0.40455
vt 0.56719 0.39865
vt 0.4905 0.40094
vt 0.49954 0.39596
vt 0.49741 0.41596
vt 0.50206 0.41038
vt 0.53155 0.41072
vt 0.53118 0.42276
vt 0.55043 0.42301
vt 0.54722 0.4116
vt 0.51241 0.42162
vt 0.51681 0.41055
vt 0.59106 0.3219
vt 0.58542 0.32214
vt 0.47939 0.3177
vt 0.48485 0.31787
vt 0.17671 0.89071
vt 0.17713 0.93872
vt 0.17611 0.83459
vt 0.12787 0.83601
vt 0.12808 0.89241
vt 0.16713 0.70484
vt 0.17181 0.74583
vt 0.16214 0.66793
vt 0.12574 0.66955
vt 0.12628 0.70639
vt 0.12684 0.74732
vt 0.07908 0.88629
vt 0.07925 0.83226
vt 0.08442 0.70512
vt 0.08084 0.74505
vt 0.08855 0.66933
vt 0.05099 0.70231
vt 0.12525 0.64134
vt 0.09146 0.64177
vt 0.09295 0.62195
vt 0.15835 0.63979
vt 0.12741 0.78868
vt 0.07944 0.78587
vt 0.21153 0.7845
vt 0.17468 0.78722
vt 0.18076 0.96559
vt 0.1864 0.98204
vt 0.23182 0.7839
vt 0.24256 0.78425
vt 0.03254 0.69945
vt 0.02294 0.6964
vt 0.09164 0.60687
vt 0.08908 0.59311
vt 0.80788 0.49114
usemtl mat0
f 1/1/1 2/2/2 3/3/3
f 1/1/1 3/3/3 4/4/4
f 2/2/2 5/5/5 6/6/6
f 2/2/2 6/6/6 3/3/3
f 3/3/3 6/6/6 7/7/7
f 3/3/3 7/7/7 8/8/8
f 4/4/4 3/3/3 8/8/8
f 4/4/4 8/8/8 9/9/9
f 10/10/10 11/11/11 12/12/12
f 10/10/10 12/12/12 13/13/13
f 11/11/11 14/14/14 15/15/15
f 11/11/11 15/15/15 12/12/12
f 12/12/12 15/15/15 16/16/16
f 12/12/12 16/16/16 17/17/17
f 13/13/13 12/12/12 17/17/17
f 13/13/13 17/17/17 18/18/18
f 19/19/19 20/20/20 21/21/21
f 19/19/19 21/21/21 22/22/22
f 20/20/20 23/23/23 24/24/24
f 20/20/20 24/24/24 21/21/21
f 21/21/21 24/24/24 25/25/25
f 21/21/21 25/25/25 26/26/26
f 22/22/22 21/21/21 26/26/26
f 22/22/22 26/26/26 27/27/27
f 28/28/28 29/29/29 30/30/30
f 28/28/28 30/30/30 31/31/31
f 29/29/29 32/32/32 33/33/33
f 29/29/29 33/33/33 30/30/30
f 30/30/30 33/33/33 34/34/34
f 30/30/30 34/34/34 35/35/35
f 31/31/31 30/30/30 35/35/35
f 31/31/31 35/35/35 36/36/36
f 37/37/37 38/38/38 39/39/39
f 37/37/37 39/39/39 40/40/40
f 38/38/38 41/41/41 42/42/42
f 38/38/38 42/42/42 39/39/39
f 39/39/39 42/42/42 43/43/43
f 39/39/39 43/43/43 44/44/44
f 40/40/40 39/39/39 44/44/44
f 40/40/40 44/44/44 45/45/45
f 25/25/25 46/46/46 47/47/47
f 25/25/25 47/47/47 48/48/48
f 46/46/46 28/28/28 31/31/31
f 46/46/46 31/31/31 47/47/47
f 47/47/47 31/31/31 36/36/36
f 47/47/47 36/36/36 49/49/49
f 48/48/48 47/47/47 49/49/49
f 48/48/48 49/49/49 50/50/50
f 51/51/51 52/52/52 53/53/53
f 51/51/51 53/53/53 54/54/54
f 52/52/52 55/55/55 56/56/56
f 52/52/52 56/56/56 53/53/53
f 53/53/53 56/56/56 57/57/57
f 53/53/53 57/57/57 58/58/58
f 54/54/54 53/53/53 58/58/58
f 54/54/54 58/58/58 59/59/59
f 51/51/51 54/54/54 60/60/60
f 51/51/51 60/60/60 61/61/61
f 54/54/54 59/59/59 62/62/62
f 54/54/54 62/62/62 60/60/60
f 60/60/60 62/62/62 63/63/63
f 60/60/60 63/63/63 64/64/64
f 61/61/61 60/60/60 64/64/64
f 61/61/61 64/64/64 65/65/65
f 66/66/66 67/67/67 68/68/68
f 66/66/66 68/68/68 69/69/69
f 67/67/67 70/70/70 71/71/71
f 67/67/67 71/71/71 68/68/68
f 68/68/68 71/71/71 72/72/72
f 68/68/68 72/72/72 73/73/73
f 69/69/69 68/68/68 73/73/73
f 69/69/69 73/73/73 74/74/74
f 75/75/75 76/76/76 77/77/77
f 75/75/75 77/77/77 78/78/78
f 76/76/76 79/79/79 80/80/80
f 76/76/76 80/80/80 77/77/77
f 77/77/77 80/80/80 81/81/81
f 77/77/77 81/81/81 82/82/82
f 78/78/78 77/77/77 82/82/82
f 78/78/78 82/82/82 83/83/83
f 84/84/84 85/85/85 86/86/86
f 84/84/84 86/86/86 87/87/87
f 85/85/85 88/88/88 89/89/89
f 85/85/85 89/89/89 86/86/86
f 86/86/86 89/89/89 50/50/50
f 86/86/86 50/50/50 49/49/49
f 87/87/87 86/86/86 49/49/49
f 87/87/87 49/49/49 36/36/36
f 90/90/90 91/91/91 92/92/92
f 90/90/90 92/92/92 93/93/93
f 91/91/91 94/94/94 95/95/95
f 91/91/91 95/95/95 92/92/92
f 92/92/92 95/95/95 96/96/96
f 92/92/92 96/96/96 97/97/97
f 93/93/93 92/92/92 97/97/97
f 93/93/93 97/97/97 98/98/98
f 99/99/99 100/100/100 101/101/101
f 99/99/99 101/101/101 102/102/102
f 100/100/100 84/84/84 87/87/87
f 100/100/100 87/87/87 101/101/101
f 101/101/101 87/87/87 36/36/36
f 101/101/101 36/36/36 35/35/35
f 102/102/102 101/101/101 35/35/35
f 102/102/102 35/35/35 34/34/34
f 72/72/72 103/103/103 104/104/104
f 72/72/72 104/104/104 73/73/73
f 103/103/103 105/105/105 106/106/106
f 103/103/103 106/106/106 104/104/104
f 104/104/104 106/106/106 107/107/107
f 104/104/104 107/107/107 108/108/108
f 73/73/73 104/104/104 108/108/108
f 73/73/73 108/108/108 74/74/74
f 109/109/109 110/110/110 111/111/111
f 109/109/109 111/111/111 112/112/112
f 110/110/110 113/113/113 114/114/114
f 110/110/110 114/114/114 111/111/111
f 111/111/111 114/114/114 115/115/115
f 111/111/111 115/115/115 116/116/116
f 112/112/112 111/111/111 116/116/116
f 112/112/112 116/116/116 117/117/117
f 118/118/118 119/119/119 120/120/120
f 118/118/118 120/120/120 121/121/121
f 119/119/119 122/122/122 123/123/123
f 119/119/119 123/123/123 120/120/120
f 120/120/120 123/123/123 1/1/1
f 120/120/120 1/1/1 4/4/4
f 121/121/121 120/120/120 4/4/4
f 121/121/121 4/4/4 9/9/9
f 124/124/124 125/125/125 126/126/126
f 124/124/124 126/126/126 127/127/127
f 125/125/125 128/128/128 129/129/129
f 125/125/125 129/129/129 126/126/126
f 126/126/126 129/129/129 130/130/130
f 126/126/126 130/130/130 131/131/131
f 127/127/127 126/126/126 131/131/131
f 127/127/127 131/131/131 132/132/132
f 133/133/133 134/134/134 135/135/135
f 133/133/133 135/135/135 136/136/136
f 134/134/134 137/137/137 138/138/138
f 134/134/134 138/138/138 135/135/135
f 135/135/135 138/138/138 118/118/118
f 135/135/135 118/118/118 121/121/121
f 136/136/136 135/135/135 121/121/121
f 136/136/136 121/121/121 9/9/9
f 139/139/139 140/140/140 141/141/141
f 139/139/139 141/141/141 142/142/142
f 140/140/140 143/143/143 144/144/144
f 140/140/140 144/144/144 141/141/141
f 141/141/141 144/144/144 137/137/137
f 141/141/141 137/137/137 134/134/134
f 142/142/142 141/141/141 134/134/134
f 142/142/142 134/134/134 133/133/133
f 145/145/145 146/146/146 147/147/147
f 145/145/145 147/147/147 148/148/148
f 146/146/146 149/149/149 150/150/150
f 146/146/146 150/150/150 147/147/147
f 147/147/147 150/150/150 151/151/151
f 147/147/147 151/151/151 152/152/152
f 148/148/148 147/147/147 152/152/152
f 148/148/148 152/152/152 153/153/153
f 63/63/63 154/154/154 155/155/155
f 63/63/63 155/155/155 156/156/156
f 154/154/154 27/27/27 26/26/26
f 154/154/154 26/26/26 155/155/155
f 155/155/155 26/26/26 25/25/25
f 155/155/155 25/25/25 48/48/48
f 156/156/156 155/155/155 48/48/48
f 156/156/156 48/48/48 50/50/50
f 1/1/1 123/123/123 157/157/157
f 1/1/1 157/157/157 158/158/158
f 123/123/123 122/122/122 159/159/159
f 123/123/123 159/159/159 157/157/157
f 157/157/157 159/159/159 128/128/128
f 157/157/157 128/128/128 125/125/125
f 158/158/158 157/157/157 125/125/125
f 158/158/158 125/125/125 124/124/124
f 160/160/160 161/161/161 162/162/162
f 160/160/160 162/162/162 163/163/163
f 161/161/161 66/66/66 164/164/164
f 161/161/161 164/164/164 162/162/162
f 162/162/162 164/164/164 165/165/165
f 162/162/162 165/165/165 166/166/166
f 163/163/163 162/162/162 166/166/166
f 163/163/163 166/166/166 167/167/167
f 168/168/168 169/169/169 170/170/170
f 168/168/168 170/170/170 171/171/171
f 169/169/169 99/99/99 102/102/102
f 169/169/169 102/102/102 170/170/170
f 170/170/170 102/102/102 34/34/34
f 170/170/170 34/34/34 33/33/33
f 171/171/171 170/170/170 33/33/33
f 171/171/171 33/33/33 32/32/32
f 172/172/172 173/173/173 174/174/174
f 172/172/172 174/174/174 175/175/175
f 173/173/173 168/168/168 171/171/171
f 173/173/173 171/171/171 174/174/174
f 174/174/174 171/171/171 32/32/32
f 174/174/174 32/32/32 176/176/176
f 175/175/175 174/174/174 176/176/176
f 175/175/175 176/176/176 177/177/177
f 178/178/178 179/179/179 180/180/180
f 178/178/178 180/180/180 181/181/181
f 179/179/179 70/70/70 67/67/67
f 179/179/179 67/67/67 180/180/180
f 180/180/180 67/67/67 66/66/66
f 180/180/180 66/66/66 161/161/161
f 181/181/181 180/180/180 161/161/161
f 181/181/181 161/161/161 160/160/160
f 7/7/7 6/6/6 182/182/182
f 7/7/7 182/182/182 183/183/183
f 6/6/6 5/5/5 184/184/184
f 6/6/6 184/184/184 182/182/182
f 182/182/182 184/184/184 185/185/65
f 182/182/182 185/185/65 186/186/185
f 183/183/183 182/182/182 186/186/185
f 183/183/183 186/186/185 187/187/88
f 45/45/45 44/44/44 188/188/186
f 45/45/45 188/188/186 189/189/187
f 44/44/44 43/43/43 190/190/188
f 44/44/44 190/190/188 188/188/186
f 188/188/186 190/190/188 191/191/189
f 188/188/186 191/191/189 192/192/190
f 189/189/187 188/188/186 192/192/190
f 189/189/187 192/192/190 193/193/191
f 5/5/5 2/2/2 194/194/192
f 5/5/5 194/194/192 195/195/193
f 2/2/2 1/1/1 158/158/158
f 2/2/2 158/158/158 194/194/192
f 194/194/192 158/158/158 124/124/124
f 194/194/192 124/124/124 196/196/194
f 195/195/193 194/194/192 196/196/194
f 195/195/193 196/196/194 197/197/195
f 109/109/109 198/198/196 199/199/197
f 109/109/109 199/199/197 110/110/110
f 198/198/196 74/74/74 108/108/108
f 198/198/196 108/108/108 199/199/197
f 199/199/197 108/108/108 107/107/107
f 199/199/197 107/107/107 200/200/198
f 110/110/110 199/199/197 200/200/198
f 110/110/110 200/200/198 113/113/113
f 201/201/199 202/202/200 203/203/201
f 201/201/199 203/203/201 204/204/202
f 202/202/200 145/145/145 148/148/148
f 202/202/200 148/148/148 203/203/201
f 203/203/201 148/148/148 153/153/153
f 203/203/201 153/153/153 205/205/203
f 204/204/202 203/203/201 205/205/203
f 204/204/202 205/205/203 206/206/204
f 207/207/205 208/208/206 209/209/207
f 207/207/205 209/209/207 210/210/208
f 208/208/206 139/139/139 142/142/142
f 208/208/206 142/142/142 209/209/207
f 209/209/207 142/142/142 133/133/133
f 209/209/207 133/133/133 211/211/209
f 210/210/208 209/209/207 211/211/209
f 210/210/208 211/211/209 212/212/210
f 212/212/210 211/211/209 213/213/211
f 212/212/210 213/213/211 214/214/212
f 211/211/209 133/133/133 136/136/136
f 211/211/209 136/136/136 213/213/211
f 213/213/211 136/136/136 9/9/9
f 213/213/211 9/9/9 8/8/8
f 214/214/212 213/213/211 8/8/8
f 214/214/212 8/8/8 7/7/7
f 197/197/195 196/196/194 215/215/213
f 197/197/195 215/215/213 216/216/214
f 196/196/194 124/124/124 127/127/127
f 196/196/194 127/127/127 215/215/213
f 215/215/213 127/127/127 132/132/132
f 215/215/213 132/132/132 217/217/215
f 216/216/214 215/215/213 217/217/215
f 216/216/214 217/217/215 218/218/216
f 219/219/217 220/220/218 221/221/219
f 219/219/217 221/221/219 222/222/220
f 220/220/218 223/223/221 224/224/222
f 220/220/218 224/224/222 221/221/219
f 221/221/219 224/224/222 83/83/83
f 221/221/219 83/83/83 82/82/82
f 222/222/220 221/221/219 82/82/82
f 222/222/220 82/82/82 81/81/81
f 225/225/223 226/226/224 227/227/225
f 225/225/223 227/227/225 228/228/226
f 226/226/224 75/75/75 78/78/78
f 226/226/224 78/78/78 227/227/225
f 227/227/225 78/78/78 83/83/83
f 227/227/225 83/83/83 229/229/227
f 228/228/226 227/227/225 229/229/227
f 228/228/226 229/229/227 230/230/228
f 165/165/165 164/164/164 231/231/229
f 165/165/165 231/231/229 232/232/230
f 164/164/164 66/66/66 69/69/69
f 164/164/164 69/69/69 231/231/229
f 231/231/229 69/69/69 74/74/74
f 231/231/229 74/74/74 198/198/196
f 232/232/230 231/231/229 198/198/196
f 232/232/230 198/198/196 109/109/109
f 23/23/23 233/233/231 234/234/232
f 23/23/23 234/234/232 24/24/24
f 233/233/231 235/235/233 236/236/234
f 233/233/231 236/236/234 234/234/232
f 234/234/232 236/236/234 28/28/28
f 234/234/232 28/28/28 46/46/46
f 24/24/24 234/234/232 46/46/46
f 24/24/24 46/46/46 25/25/25
f 235/235/233 237/237/235 238/238/236
f 235/235/233 238/238/236 236/236/234
f 237/237/235 177/177/177 176/176/176
f 237/237/235 176/176/176 238/238/236
f 238/238/236 176/176/176 32/32/32
f 238/238/236 32/32/32 29/29/29
f 236/236/234 238/238/236 29/29/29
f 236/236/234 29/29/29 28/28/28
f 239/239/237 240/240/238 241/241/239
f 239/239/237 241/241/239 242/242/240
f 240/240/238 243/243/241 244/244/242
f 240/240/238 244/244/242 241/241/239
f 241/241/239 244/244/242 14/14/14
f 241/241/239 14/14/14 11/11/11
f 242/242/240 241/241/239 11/11/11
f 242/242/240 11/11/11 10/10/10
f 193/193/191 192/192/190 245/245/243
f 193/193/191 245/245/243 246/246/244
f 192/192/190 191/191/189 247/247/245
f 192/192/190 247/247/245 245/245/243
f 245/245/243 247/247/245 248/248/246
f 245/245/243 248/248/246 249/249/247
f 246/246/244 245/245/243 249/249/247
f 246/246/244 249/249/247 250/250/248
f 251/251/249 252/252/250 253/253/251
f 251/251/249 253/253/251 254/254/252
f 252/252/250 59/59/59 58/58/58
f 252/252/250 58/58/58 253/253/251
f 253/253/251 58/58/58 57/57/57
f 253/253/251 57/57/57 255/255/253
f 254/254/252 253/253/251 255/255/253
f 254/254/252 255/255/253 250/250/248
f 63/63/63 62/62/62 256/256/254
f 63/63/63 256/256/254 257/257/255
f 62/62/62 59/59/59 252/252/250
f 62/62/62 252/252/250 256/256/254
f 256/256/254 252/252/250 251/251/249
f 256/256/254 251/251/249 258/258/256
f 257/257/255 256/256/254 258/258/256
f 257/257/255 258/258/256 259/259/257
f 260/260/258 261/261/259 262/262/260
f 260/260/258 262/262/260 263/263/261
f 261/261/259 264/264/262 265/265/263
f 261/261/259 265/265/263 262/262/260
f 262/262/260 265/265/263 19/19/19
f 262/262/260 19/19/19 22/22/22
f 263/263/261 262/262/260 22/22/22
f 263/263/261 22/22/22 27/27/27
f 27/27/27 154/154/154 266/266/264
f 27/27/27 266/266/264 263/263/261
f 154/154/154 63/63/63 257/257/255
f 154/154/154 257/257/255 266/266/264
f 266/266/264 257/257/255 259/259/257
f 266/266/264 259/259/257 267/267/265
f 263/263/261 266/266/264 267/267/265
f 263/263/261 267/267/265 260/260/258
f 268/268/43 269/269/266 270/270/267
f 268/268/43 270/270/267 271/271/188
f 269/269/266 272/272/268 273/273/269
f 269/269/266 273/273/269 270/270/267
f 270/270/267 273/273/269 274/274/270
f 270/270/267 274/274/270 275/275/271
f 271/271/188 270/270/267 275/275/271
f 271/271/188 275/275/271 276/276/189
f 277/277/241 278/278/272 279/279/273
f 277/277/241 279/279/273 280/280/242
f 278/278/272 178/178/178 181/181/181
f 278/278/272 181/181/181 279/279/273
f 279/279/273 181/181/181 160/160/160
f 279/279/273 160/160/160 281/281/274
f 280/280/242 279/279/273 281/281/274
f 280/280/242 281/281/274 282/282/14
f 282/282/14 281/281/274 283/283/275
f 282/282/14 283/283/275 284/284/15
f 281/281/274 160/160/160 163/163/163
f 281/281/274 163/163/163 283/283/275
f 283/283/275 163/163/163 167/167/167
f 283/283/275 167/167/167 285/285/276
f 284/284/15 283/283/275 285/285/276
f 284/284/15 285/285/276 286/286/16
f 287/287/41 288/288/277 289/289/278
f 287/287/41 289/289/278 290/290/42
f 288/288/277 291/291/279 292/292/280
f 288/288/277 292/292/280 289/289/278
f 289/289/278 292/292/280 272/272/268
f 289/289/278 272/272/268 269/269/266
f 290/290/42 289/289/278 269/269/266
f 290/290/42 269/269/266 268/268/43
f 130/130/130 293/293/281 294/294/282
f 130/130/130 294/294/282 131/131/131
f 293/293/281 239/239/237 242/242/240
f 293/293/281 242/242/240 294/294/282
f 294/294/282 242/242/240 10/10/10
f 294/294/282 10/10/10 295/295/283
f 131/131/131 294/294/282 295/295/283
f 131/131/131 295/295/283 132/132/132
f 55/55/55 296/296/284 297/297/285
f 55/55/55 297/297/285 56/56/56
f 296/296/284 37/37/37 40/40/40
f 296/296/284 40/40/40 297/297/285
f 297/297/285 40/40/40 45/45/45
f 297/297/285 45/45/45 298/298/286
f 56/56/56 297/297/285 298/298/286
f 56/56/56 298/298/286 57/57/57
f 132/132/132 295/295/283 299/299/287
f 132/132/132 299/299/287 217/217/215
f 295/295/283 10/10/10 13/13/13
f 295/295/283 13/13/13 299/299/287
f 299/299/287 13/13/13 18/18/18
f 299/299/287 18/18/18 300/300/288
f 217/217/215 299/299/287 300/300/288
f 217/217/215 300/300/288 218/218/216
f 57/57/57 298/298/286 301/301/289
f 57/57/57 301/301/289 255/255/253
f 298/298/286 45/45/45 189/189/187
f 298/298/286 189/189/187 301/301/289
f 301/301/289 189/189/187 193/193/191
f 301/301/289 193/193/191 246/246/244
f 255/255/253 301/301/289 246/246/244
f 255/255/253 246/246/244 250/250/248
f 276/276/189 275/275/271 302/302/290
f 276/276/189 302/302/290 303/303/245
f 275/275/271 274/274/270 304/304/291
f 275/275/271 304/304/291 302/302/290
f 302/302/290 304/304/291 90/90/90
f 302/302/290 90/90/90 305/305/292
f 303/303/245 302/302/290 305/305/292
f 303/303/245 305/305/292 306/306/246
f 5/5/5 195/195/193 307/307/293
f 5/5/5 307/307/293 184/184/184
f 195/195/193 197/197/195 308/308/294
f 195/195/193 308/308/294 307/307/293
f 307/307/293 308/308/294 309/309/51
f 307/307/293 309/309/51 310/310/61
f 184/184/184 307/307/293 310/310/61
f 184/184/184 310/310/61 185/185/65
f 207/207/205 210/210/208 311/311/295
f 207/207/205 311/311/295 312/312/296
f 210/210/208 212/212/210 313/313/297
f 210/210/208 313/313/297 311/311/295
f 311/311/295 313/313/297 314/314/84
f 311/311/295 314/314/84 315/315/100
f 312/312/296 311/311/295 315/315/100
f 312/312/296 315/315/100 316/316/99
f 212/212/210 214/214/212 317/317/298
f 212/212/210 317/317/298 313/313/297
f 214/214/212 7/7/7 183/183/183
f 214/214/212 183/183/183 317/317/298
f 317/317/298 183/183/183 187/187/88
f 317/317/298 187/187/88 318/318/85
f 313/313/297 317/317/298 318/318/85
f 313/313/297 318/318/85 314/314/84
f 197/197/195 216/216/214 319/319/299
f 197/197/195 319/319/299 308/308/294
f 216/216/214 218/218/216 320/320/300
f 216/216/214 320/320/300 319/319/299
f 319/319/299 320/320/300 321/321/55
f 319/319/299 321/321/55 322/322/52
f 308/308/294 319/319/299 322/322/52
f 308/308/294 322/322/52 309/309/51
f 165/165/165 232/232/230 323/323/301
f 165/165/165 323/323/301 324/324/302
f 232/232/230 109/109/109 112/112/112
f 232/232/230 112/112/112 323/323/301
f 323/323/301 112/112/112 117/117/117
f 323/323/301 117/117/117 325/325/303
f 324/324/302 323/323/301 325/325/303
f 324/324/302 325/325/303 326/326/304
f 218/218/216 300/300/288 327/327/305
f 218/218/216 327/327/305 320/320/300
f 300/300/288 18/18/18 328/328/306
f 300/300/288 328/328/306 327/327/305
f 327/327/305 328/328/306 329/329/37
f 327/327/305 329/329/37 330/330/284
f 320/320/300 327/327/305 330/330/284
f 320/320/300 330/330/284 321/321/55
f 286/286/16 285/285/276 331/331/307
f 286/286/16 331/331/307 332/332/308
f 285/285/276 167/167/167 333/333/309
f 285/285/276 333/333/309 331/331/307
f 331/331/307 333/333/309 334/334/279
f 331/331/307 334/334/279 335/335/277
f 332/332/308 331/331/307 335/335/277
f 332/332/308 335/335/277 336/336/41
f 219/219/217 222/222/220 337/337/310
f 219/219/217 337/337/310 338/338/311
f 222/222/220 81/81/81 339/339/312
f 222/222/220 339/339/312 337/337/310
f 337/337/310 339/339/312 98/98/98
f 337/337/310 98/98/98 340/340/313
f 338/338/311 337/337/310 340/340/313
f 338/338/311 340/340/313 206/206/204
f 107/107/107 106/106/106 341/341/314
f 107/107/107 341/341/314 342/342/315
f 106/106/106 105/105/105 343/343/316
f 106/106/106 343/343/316 341/341/314
f 341/341/314 343/343/316 344/344/317
f 341/341/314 344/344/317 345/345/318
f 342/342/315 341/341/314 345/345/318
f 342/342/315 345/345/318 346/346/319
f 143/143/143 140/140/140 347/347/320
f 143/143/143 347/347/320 348/348/321
f 140/140/140 139/139/139 349/349/322
f 140/140/140 349/349/322 347/347/320
f 347/347/320 349/349/322 350/350/168
f 347/347/320 350/350/168 351/351/173
f 348/348/321 347/347/320 351/351/173
f 348/348/321 351/351/173 352/352/172
f 113/113/113 200/200/198 353/353/323
f 113/113/113 353/353/323 114/114/114
f 200/200/198 107/107/107 342/342/315
f 200/200/198 342/342/315 353/353/323
f 353/353/323 342/342/315 346/346/319
f 353/353/323 346/346/319 354/354/324
f 114/114/114 353/353/323 354/354/324
f 114/114/114 354/354/324 115/115/115
f 139/139/139 208/208/206 355/355/325
f 139/139/139 355/355/325 349/349/322
f 208/208/206 207/207/205 312/312/296
f 208/208/206 312/312/296 355/355/325
f 355/355/325 312/312/296 316/316/99
f 355/355/325 316/316/99 356/356/169
f 349/349/322 355/355/325 356/356/169
f 349/349/322 356/356/169 350/350/168
f 167/167/167 166/166/166 357/357/326
f 167/167/167 357/357/326 333/333/309
f 166/166/166 165/165/165 324/324/302
f 166/166/166 324/324/302 357/357/326
f 357/357/326 324/324/302 326/326/304
f 357/357/326 326/326/304 358/358/327
f 333/333/309 357/357/326 358/358/327
f 333/333/309 358/358/327 334/334/279
f 18/18/18 17/17/17 359/359/328
f 18/18/18 359/359/328 328/328/306
f 17/17/17 16/16/16 360/360/308
f 17/17/17 360/360/308 359/359/328
f 359/359/328 360/360/308 361/361/41
f 359/359/328 361/361/41 362/362/38
f 328/328/306 359/359/328 362/362/38
f 328/328/306 362/362/38 329/329/37
f 96/96/96 363/363/329 364/364/330
f 96/96/96 364/364/330 365/365/331
f 363/363/329 366/366/117 367/367/116
f 363/363/329 367/367/116 364/364/330
f 364/364/330 367/367/116 368/368/115
f 364/364/330 368/368/115 369/369/332
f 365/365/331 364/364/330 369/369/332
f 365/365/331 369/369/332 201/201/199
f 81/81/81 80/80/80 370/370/333
f 81/81/81 370/370/333 339/339/312
f 80/80/80 79/79/79 371/371/334
f 80/80/80 371/371/334 370/370/333
f 370/370/333 371/371/334 90/90/90
f 370/370/333 90/90/90 93/93/93
f 339/339/312 370/370/333 93/93/93
f 339/339/312 93/93/93 98/98/98
f 372/372/335 373/373/336 374/374/337
f 372/372/335 374/374/337 375/375/338
f 373/373/336 223/223/221 376/376/339
f 373/373/336 376/376/339 374/374/337
f 374/374/337 376/376/339 153/153/153
f 374/374/337 153/153/153 152/152/152
f 375/375/338 374/374/337 152/152/152
f 375/375/338 152/152/152 151/151/151
f 223/223/221 220/220/218 377/377/340
f 223/223/221 377/377/340 376/376/339
f 220/220/218 219/219/217 338/338/311
f 220/220/218 338/338/311 377/377/340
f 377/377/340 338/338/311 206/206/204
f 377/377/340 206/206/204 205/205/203
f 376/376/339 377/377/340 205/205/203
f 376/376/339 205/205/203 153/153/153
f 368/368/115 378/378/324 379/379/341
f 368/368/115 379/379/341 369/369/332
f 378/378/324 380/380/319 381/381/342
f 378/378/324 381/381/342 379/379/341
f 379/379/341 381/381/342 145/145/145
f 379/379/341 145/145/145 202/202/200
f 369/369/332 379/379/341 202/202/200
f 369/369/332 202/202/200 201/201/199
f 96/96/96 95/95/95 382/382/343
f 96/96/96 382/382/343 363/363/329
f 95/95/95 94/94/94 383/383/344
f 95/95/95 383/383/344 382/382/343
f 382/382/343 383/383/344 384/384/304
f 382/382/343 384/384/304 385/385/303
f 363/363/329 382/382/343 385/385/303
f 363/363/329 385/385/303 366/366/117
f 380/380/319 386/386/318 387/387/345
f 380/380/319 387/387/345 381/381/342
f 386/386/318 388/388/317 389/389/346
f 386/386/318 389/389/346 387/387/345
f 387/387/345 389/389/346 149/149/149
f 387/387/345 149/149/149 146/146/146
f 381/381/342 387/387/345 146/146/146
f 381/381/342 146/146/146 145/145/145
f 230/230/228 229/229/227 390/390/347
f 230/230/228 390/390/347 391/391/348
f 229/229/227 83/83/83 224/224/222
f 229/229/227 224/224/222 390/390/347
f 390/390/347 224/224/222 223/223/221
f 390/390/347 223/223/221 373/373/336
f 391/391/348 390/390/347 373/373/336
f 391/391/348 373/373/336 372/372/335
f 291/291/279 392/392/327 393/393/349
f 291/291/279 393/393/349 292/292/280
f 392/392/327 384/384/304 383/383/344
f 392/392/327 383/383/344 393/393/349
f 393/393/349 383/383/344 94/94/94
f 393/393/349 94/94/94 394/394/350
f 292/292/280 393/393/349 394/394/350
f 292/292/280 394/394/350 272/272/268
f 272/272/268 394/394/350 395/395/351
f 272/272/268 395/395/351 273/273/269
f 394/394/350 94/94/94 91/91/91
f 394/394/350 91/91/91 395/395/351
f 395/395/351 91/91/91 90/90/90
f 395/395/351 90/90/90 304/304/291
f 273/273/269 395/395/351 304/304/291
f 273/273/269 304/304/291 274/274/270
f 98/98/98 97/97/97 396/396/352
f 98/98/98 396/396/352 340/340/313
f 97/97/97 96/96/96 365/365/331
f 97/97/97 365/365/331 396/396/352
f 396/396/352 365/365/331 201/201/199
f 396/396/352 201/201/199 204/204/202
f 340/340/313 396/396/352 204/204/202
f 340/340/313 204/204/202 206/206/204
f 397/397/353 398/398/354 399/399/355
f 397/397/353 399/399/355 400/400/356
f 398/398/354 401/401/357 402/402/358
f 398/398/354 402/402/358 399/399/355
f 399/399/355 402/402/358 403/403/359
f 399/399/355 403/403/359 404/404/360
f 400/400/356 399/399/355 404/404/360
f 400/400/356 404/404/360 405/405/361
f 406/406/362 407/407/363 408/408/364
f 406/406/362 408/408/364 409/409/365
f 407/407/363 410/410/366 411/411/367
f 407/407/363 411/411/367 408/408/364
f 408/408/364 411/411/367 412/412/368
f 408/408/364 412/412/368 413/413/369
f 409/409/365 408/408/364 413/413/369
f 409/409/365 413/413/369 414/414/370
f 415/415/371 416/416/372 417/417/373
f 415/415/371 417/417/373 418/418/374
f 416/416/372 419/419/375 420/420/376
f 416/416/372 420/420/376 417/417/373
f 417/417/373 420/420/376 414/414/370
f 417/417/373 414/414/370 413/413/369
f 418/418/374 417/417/373 413/413/369
f 418/418/374 413/413/369 412/412/368
f 401/401/357 421/421/377 422/422/378
f 401/401/357 422/422/378 402/402/358
f 421/421/377 423/423/379 424/424/380
f 421/421/377 424/424/380 422/422/378
f 422/422/378 424/424/380 425/425/381
f 422/422/378 425/425/381 426/426/382
f 402/402/358 422/422/378 426/426/382
f 402/402/358 426/426/382 403/403/359
f 423/423/379 427/427/383 428/428/384
f 423/423/379 428/428/384 424/424/380
f 427/427/383 415/415/371 418/418/374
f 427/427/383 418/418/374 428/428/384
f 428/428/384 418/418/374 412/412/368
f 428/428/384 412/412/368 429/429/385
f 424/424/380 428/428/384 429/429/385
f 424/424/380 429/429/385 425/425/381
f 430/430/386 431/431/387 432/432/388
f 430/430/386 432/432/388 433/433/389
f 431/431/387 397/397/353 400/400/356
f 431/431/387 400/400/356 432/432/388
f 432/432/388 400/400/356 405/405/361
f 432/432/388 405/405/361 434/434/390
f 433/433/389 432/432/388 434/434/390
f 433/433/389 434/434/390 435/435/391
f 436/436/392 437/437/393 438/438/394
f 436/436/392 438/438/394 439/439/395
f 437/437/393 440/440/396 441/441/397
f 437/437/393 441/441/397 438/438/394
f 438/438/394 441/441/397 442/442/398
f 438/438/394 442/442/398 443/443/399
f 439/439/395 438/438/394 443/443/399
f 439/439/395 443/443/399 444/444/400
f 444/444/400 443/443/399 445/445/401
f 444/444/400 445/445/401 446/446/402
f 443/443/399 442/442/398 447/447/403
f 443/443/399 447/447/403 445/445/401
f 445/445/401 447/447/403 448/448/404
f 445/445/401 448/448/404 449/449/405
f 446/446/402 445/445/401 449/449/405
f 446/446/402 449/449/405 450/450/406
f 450/450/406 449/449/405 451/451/407
f 450/450/406 451/451/407 452/452/408
f 449/449/405 448/448/404 453/453/409
f 449/449/405 453/453/409 451/451/407
f 451/451/407 453/453/409 454/454/410
f 451/451/407 454/454/410 455/455/411
f 452/452/408 451/451/407 455/455/411
f 452/452/408 455/455/411 456/456/412
f 457/457/413 458/458/414 459/459/415
f 457/457/413 459/459/415 460/460/416
f 458/458/414 461/461/417 462/462/418
f 458/458/414 462/462/418 459/459/415
f 459/459/415 462/462/418 463/463/419
f 459/459/415 463/463/419 464/464/420
f 460/460/416 459/459/415 464/464/420
f 460/460/416 464/464/420 465/465/421
f 465/465/421 464/464/420 466/466/422
f 465/465/421 466/466/422 467/467/423
f 464/464/420 463/463/419 468/468/424
f 464/464/420 468/468/424 466/466/422
f 466/466/422 468/468/424 469/469/425
f 466/466/422 469/469/425 470/470/426
f 467/467/423 466/466/422 470/470/426
f 467/467/423 470/470/426 471/471/427
f 471/471/427 470/470/426 472/472/428
f 471/471/427 472/472/428 473/473/429
f 470/470/426 469/469/425 474/474/430
f 470/470/426 474/474/430 472/472/428
f 472/472/428 474/474/430 397/397/353
f 472/472/428 397/397/353 431/431/387
f 473/473/429 472/472/428 431/431/387
f 473/473/429 431/431/387 430/430/386
f 475/475/431 476/476/432 477/477/433
f 475/475/431 477/477/433 478/478/434
f 476/476/432 479/479/435 480/480/436
f 476/476/432 480/480/436 477/477/433
f 477/477/433 480/480/436 481/481/437
f 477/477/433 481/481/437 482/482/438
f 478/478/434 477/477/433 482/482/438
f 478/478/434 482/482/438 483/483/439
f 483/483/439 482/482/438 484/484/440
f 483/483/439 484/484/440 485/485/441
f 482/482/438 481/481/437 486/486/442
f 482/482/438 486/486/442 484/484/440
f 484/484/440 486/486/442 487/487/443
f 484/484/440 487/487/443 488/488/444
f 485/485/441 484/484/440 488/488/444
f 485/485/441 488/488/444 489/489/445
f 489/489/445 488/488/444 490/490/446
f 489/489/445 490/490/446 491/491/447
f 488/488/444 487/487/443 492/492/448
f 488/488/444 492/492/448 490/490/446
f 490/490/446 492/492/448 415/415/371
f 490/490/446 415/415/371 427/427/383
f 491/491/447 490/490/446 427/427/383
f 491/491/447 427/427/383 423/423/379
f 493/493/449 494/494/450 495/495/451
f 493/493/449 495/495/451 496/496/452
f 494/494/450 475/475/431 478/478/434
f 494/494/450 478/478/434 495/495/451
f 495/495/451 478/478/434 483/483/439
f 495/495/451 483/483/439 497/497/453
f 496/496/452 495/495/451 497/497/453
f 496/496/452 497/497/453 498/498/454
f 498/498/454 497/497/453 499/499/455
f 498/498/454 499/499/455 500/500/456
f 497/497/453 483/483/439 485/485/441
f 497/497/453 485/485/441 499/499/455
f 499/499/455 485/485/441 489/489/445
f 499/499/455 489/489/445 501/501/457
f 500/500/456 499/499/455 501/501/457
f 500/500/456 501/501/457 502/502/458
f 502/502/458 501/501/457 503/503/459
f 502/502/458 503/503/459 504/504/460
f 501/501/457 489/489/445 491/491/447
f 501/501/457 491/491/447 503/503/459
f 503/503/459 491/491/447 423/423/379
f 503/503/459 423/423/379 421/421/377
f 504/504/460 503/503/459 421/421/377
f 504/504/460 421/421/377 401/401/357
f 479/479/435 505/505/461 506/506/462
f 479/479/435 506/506/462 480/480/436
f 505/505/461 507/507/463 508/508/464
f 505/505/461 508/508/464 506/506/462
f 506/506/462 508/508/464 509/509/465
f 506/506/462 509/509/465 510/510/466
f 480/480/436 506/506/462 510/510/466
f 480/480/436 510/510/466 481/481/437
f 481/481/437 510/510/466 511/511/467
f 481/481/437 511/511/467 486/486/442
f 510/510/466 509/509/465 512/512/468
f 510/510/466 512/512/468 511/511/467
f 511/511/467 512/512/468 513/513/469
f 511/511/467 513/513/469 514/514/470
f 486/486/442 511/511/467 514/514/470
f 486/486/442 514/514/470 487/487/443
f 487/487/443 514/514/470 515/515/471
f 487/487/443 515/515/471 492/492/448
f 514/514/470 513/513/469 516/516/472
f 514/514/470 516/516/472 515/515/471
f 515/515/471 516/516/472 419/419/375
f 515/515/471 419/419/375 416/416/372
f 492/492/448 515/515/471 416/416/372
f 492/492/448 416/416/372 415/415/371
f 507/507/463 517/517/473 518/518/474
f 507/507/463 518/518/474 508/508/464
f 517/517/473 436/436/392 439/439/395
f 517/517/473 439/439/395 518/518/474
f 518/518/474 439/439/395 444/444/400
f 518/518/474 444/444/400 519/519/475
f 508/508/464 518/518/474 519/519/475
f 508/508/464 519/519/475 509/509/465
f 509/509/465 519/519/475 520/520/476
f 509/509/465 520/520/476 512/512/468
f 519/519/475 444/444/400 446/446/402
f 519/519/475 446/446/402 520/520/476
f 520/520/476 446/446/402 450/450/406
f 520/520/476 450/450/406 521/521/477
f 512/512/468 520/520/476 521/521/477
f 512/512/468 521/521/477 513/513/469
f 513/513/469 521/521/477 522/522/478
f 513/513/469 522/522/478 516/516/472
f 521/521/477 450/450/406 452/452/408
f 521/521/477 452/452/408 522/522/478
f 522/522/478 452/452/408 456/456/412
f 522/522/478 456/456/412 523/523/479
f 516/516/472 522/522/478 523/523/479
f 516/516/472 523/523/479 419/419/375
f 461/461/417 524/524/480 525/525/481
f 461/461/417 525/525/481 462/462/418
f 524/524/480 493/493/449 496/496/452
f 524/524/480 496/496/452 525/525/481
f 525/525/481 496/496/452 498/498/454
f 525/525/481 498/498/454 526/526/482
f 462/462/418 525/525/481 526/526/482
f 462/462/418 526/526/482 463/463/419
f 463/463/419 526/526/482 527/527/483
f 463/463/419 527/527/483 468/468/424
f 526/526/482 498/498/454 500/500/456
f 526/526/482 500/500/456 527/527/483
f 527/527/483 500/500/456 502/502/458
f 527/527/483 502/502/458 528/528/484
f 468/468/424 527/527/483 528/528/484
f 468/468/424 528/528/484 469/469/425
f 469/469/425 528/528/484 529/529/485
f 469/469/425 529/529/485 474/474/430
f 528/528/484 502/502/458 504/504/460
f 528/528/484 504/504/460 529/529/485
f 529/529/485 504/504/460 401/401/357
f 529/529/485 401/401/357 398/398/354
f 474/474/430 529/529/485 398/398/354
f 474/474/430 398/398/354 397/397/353
f 530/530/486 531/531/487 532/532/488
f 530/530/486 532/532/488 533/533/489
f 531/531/487 534/534/490 535/535/491
f 531/531/487 535/535/491 532/532/488
f 532/532/488 535/535/491 536/536/492
f 532/532/488 536/536/492 537/537/493
f 533/533/489 532/532/488 537/537/493
f 533/533/489 537/537/493 538/538/494
f 534/534/490 539/539/495 540/540/496
f 534/534/490 540/540/496 535/535/491
f 539/539/495 541/541/497 542/542/498
f 539/539/495 542/542/498 540/540/496
f 540/540/496 542/542/498 543/543/499
f 540/540/496 543/543/499 544/544/500
f 535/535/491 540/540/496 544/544/500
f 535/535/491 544/544/500 536/536/492
f 545/545/75 546/546/224 547/547/501
f 545/545/75 547/547/501 548/548/502
f 546/546/224 549/549/223 550/550/503
f 546/546/224 550/550/503 547/547/501
f 547/547/501 550/550/503 551/551/504
f 547/547/501 551/551/504 552/552/505
f 548/548/502 547/547/501 552/552/505
f 548/548/502 552/552/505 553/553/506
f 554/554/258 555/555/265 556/556/507
f 554/554/258 556/556/507 557/557/508
f 555/555/265 558/558/257 559/559/509
f 555/555/265 559/559/509 556/556/507
f 556/556/507 559/559/509 560/560/510
f 556/556/507 560/560/510 561/561/511
f 557/557/508 556/556/507 561/561/511
f 557/557/508 561/561/511 562/562/512
f 563/563/246 564/564/292 565/565/513
f 563/563/246 565/565/513 566/566/514
f 564/564/292 567/567/90 568/568/515
f 564/564/292 568/568/515 565/565/513
f 565/565/513 568/568/515 569/569/516
f 565/565/513 569/569/516 570/570/517
f 566/566/514 565/565/513 570/570/517
f 566/566/514 570/570/517 571/571/518
f 572/572/79 573/573/76 574/574/519
f 572/572/79 574/574/519 575/575/520
f 573/573/76 545/545/75 548/548/502
f 573/573/76 548/548/502 574/574/519
f 574/574/519 548/548/502 553/553/506
f 574/574/519 553/553/506 576/576/521
f 575/575/520 574/574/519 576/576/521
f 575/575/520 576/576/521 577/577/522
f 578/578/248 579/579/247 580/580/523
f 578/578/248 580/580/523 581/581/524
f 579/579/247 563/563/246 566/566/514
f 579/579/247 566/566/514 580/580/523
f 580/580/523 566/566/514 571/571/518
f 580/580/523 571/571/518 582/582/525
f 581/581/524 580/580/523 582/582/525
f 581/581/524 582/582/525 583/583/526
f 558/558/257 584/584/256 585/585/527
f 558/558/257 585/585/527 559/559/509
f 584/584/256 586/586/249 587/587/528
f 584/584/256 587/587/528 585/585/527
f 585/585/527 587/587/528 588/588/529
f 585/585/527 588/588/529 589/589/530
f 559/559/509 585/585/527 589/589/530
f 559/559/509 589/589/530 560/560/510
f 586/586/249 590/590/252 591/591/531
f 586/586/249 591/591/531 587/587/528
f 590/590/252 578/578/248 581/581/524
f 590/590/252 581/581/524 591/591/531
f 591/591/531 581/581/524 583/583/526
f 591/591/531 583/583/526 592/592/532
f 587/587/528 591/591/531 592/592/532
f 587/587/528 592/592/532 588/588/529
f 593/593/262 594/594/259 595/595/533
f 593/593/262 595/595/533 596/596/534
f 594/594/259 554/554/258 557/557/508
f 594/594/259 557/557/508 595/595/533
f 595/595/533 557/557/508 562/562/512
f 595/595/533 562/562/512 597/597/535
f 596/596/534 595/595/533 597/597/535
f 596/596/534 597/597/535 598/598/536
f 567/567/90 599/599/334 600/600/537
f 567/567/90 600/600/537 568/568/515
f 599/599/334 572/572/79 575/575/520
f 599/599/334 575/575/520 600/600/537
f 600/600/537 575/575/520 577/577/522
f 600/600/537 577/577/522 601/601/538
f 568/568/515 600/600/537 601/601/538
f 568/568/515 601/601/538 569/569/516
f 410/410/366 407/407/363 602/602/539
f 410/410/366 602/602/539 603/603/540
f 407/407/363 406/406/362 604/604/541
f 407/407/363 604/604/541 602/602/539
f 602/602/539 604/604/541 605/605/542
f 602/602/539 605/605/542 606/606/543
f 603/603/540 602/602/539 606/606/543
f 603/603/540 606/606/543 607/607/544
f 608/608/545 609/609/546 610/610/547
f 608/608/545 610/610/547 611/611/548
f 609/609/546 612/612/549 613/613/550
f 609/609/546 613/613/550 610/610/547
f 610/610/547 613/613/550 614/614/551
f 610/610/547 614/614/551 615/615/552
f 611/611/548 610/610/547 615/615/552
f 611/611/548 615/615/552 616/616/553
f 617/617/554 618/618/555 619/619/556
f 617/617/554 619/619/556 620/620/557
f 618/618/555 621/621/558 622/622/559
f 618/618/555 622/622/559 619/619/556
f 619/619/556 622/622/559 623/623/560
f 619/619/556 623/623/560 624/624/561
f 620/620/557 619/619/556 624/624/561
f 620/620/557 624/624/561 625/625/562
f 625/625/562 624/624/561 626/626/563
f 625/625/562 626/626/563 627/627/564
f 624/624/561 623/623/560 628/628/565
f 624/624/561 628/628/565 626/626/563
f 626/626/563 628/628/565 614/614/551
f 626/626/563 614/614/551 613/613/550
f 627/627/564 626/626/563 613/613/550
f 627/627/564 613/613/550 612/612/549
f 608/608/545 629/629/566 630/630/567
f 608/608/545 630/630/567 609/609/546
f 629/629/566 631/631/568 632/632/569
f 629/629/566 632/632/569 630/630/567
f 630/630/567 632/632/569 625/625/562
f 630/630/567 625/625/562 627/627/564
f 609/609/546 630/630/567 627/627/564
f 609/609/546 627/627/564 612/612/549
f 607/607/544 606/606/543 633/633/570
f 607/607/544 633/633/570 634/634/571
f 606/606/543 605/605/542 635/635/572
f 606/606/543 635/635/572 633/633/570
f 633/633/570 635/635/572 636/636/573
f 633/633/570 636/636/573 637/637/574
f 634/634/571 633/633/570 637/637/574
f 634/634/571 637/637/574 638/638/575
f 631/631/568 639/639/576 640/640/577
f 631/631/568 640/640/577 632/632/569
f 639/639/576 641/641/578 642/642/579
f 639/639/576 642/642/579 640/640/577
f 640/640/577 642/642/579 617/617/554
f 640/640/577 617/617/554 620/620/557
f 632/632/569 640/640/577 620/620/557
f 632/632/569 620/620/557 625/625/562
f 406/406/362 643/643/580 644/644/581
f 406/406/362 644/644/581 645/645/582
f 643/643/580 646/646/583 647/647/584
f 643/643/580 647/647/584 644/644/581
f 644/644/581 647/647/584 648/648/585
f 644/644/581 648/648/585 649/649/586
f 645/645/582 644/644/581 649/649/586
f 645/645/582 649/649/586 650/650/587
f 412/412/368 411/411/367 651/651/588
f 412/412/368 651/651/588 429/429/385
f 411/411/367 410/410/366 652/652/589
f 411/411/367 652/652/589 651/651/588
f 651/651/588 652/652/589 641/641/578
f 651/651/588 641/641/578 653/653/590
f 429/429/385 651/651/588 653/653/590
f 429/429/385 653/653/590 425/425/381
f 403/403/359 426/426/382 654/654/591
f 403/403/359 654/654/591 655/655/592
f 426/426/382 425/425/381 653/653/590
f 426/426/382 653/653/590 654/654/591
f 654/654/591 653/653/590 641/641/578
f 654/654/591 641/641/578 639/639/576
f 655/655/592 654/654/591 639/639/576
f 655/655/592 639/639/576 631/631/568
f 405/405/361 656/656/593 657/657/594
f 405/405/361 657/657/594 434/434/390
f 656/656/593 608/608/545 611/611/548
f 656/656/593 611/611/548 657/657/594
f 657/657/594 611/611/548 616/616/553
f 657/657/594 616/616/553 658/658/595
f 434/434/390 657/657/594 658/658/595
f 434/434/390 658/658/595 435/435/391
f 617/617/554 659/659/596 660/660/597
f 617/617/554 660/660/597 618/618/555
f 659/659/596 607/607/544 634/634/571
f 659/659/596 634/634/571 660/660/597
f 660/660/597 634/634/571 638/638/575
f 660/660/597 638/638/575 661/661/598
f 618/618/555 660/660/597 661/661/598
f 618/618/555 661/661/598 621/621/558
f 454/454/410 662/662/599 663/663/600
f 454/454/410 663/663/600 664/664/601
f 662/662/599 665/665/602 666/666/603
f 662/662/599 666/666/603 663/663/600
f 663/663/600 666/666/603 648/648/585
f 663/663/600 648/648/585 647/647/584
f 664/664/601 663/663/600 647/647/584
f 664/664/601 647/647/584 646/646/583
f 667/667/604 668/668/605 669/669/606
f 667/667/604 669/669/606 670/670/607
f 668/668/605 456/456/412 455/455/411
f 668/668/605 455/455/411 669/669/606
f 669/669/606 455/455/411 454/454/410
f 669/669/606 454/454/410 664/664/601
f 670/670/607 669/669/606 664/664/601
f 670/670/607 664/664/601 646/646/583
f 414/414/370 671/671/608 672/672/609
f 414/414/370 672/672/609 409/409/365
f 671/671/608 667/667/604 670/670/607
f 671/671/608 670/670/607 672/672/609
f 672/672/609 670/670/607 646/646/583
f 672/672/609 646/646/583 643/643/580
f 409/409/365 672/672/609 643/643/580
f 409/409/365 643/643/580 406/406/362
f 419/419/375 523/523/479 673/673/610
f 419/419/375 673/673/610 420/420/376
f 523/523/479 456/456/412 668/668/605
f 523/523/479 668/668/605 673/673/610
f 673/673/610 668/668/605 667/667/604
f 673/673/610 667/667/604 671/671/608
f 420/420/376 673/673/610 671/671/608
f 420/420/376 671/671/608 414/414/370
f 553/553/506 552/552/505 674/674/611
f 553/553/506 674/674/611 675/675/612
f 552/552/505 551/551/504 676/676/613
f 552/552/505 676/676/613 674/674/611
f 674/674/611 676/676/613 677/677/614
f 674/674/611 677/677/614 678/678/615
f 675/675/612 674/674/611 678/678/615
f 675/675/612 678/678/615 679/679/616
f 562/562/512 561/561/511 680/680/617
f 562/562/512 680/680/617 681/681/618
f 561/561/511 560/560/510 682/682/619
f 561/561/511 682/682/619 680/680/617
f 680/680/617 682/682/619 493/493/449
f 680/680/617 493/493/449 524/524/480
f 681/681/618 680/680/617 524/524/480
f 681/681/618 524/524/480 461/461/417
f 571/571/518 570/570/517 683/683/620
f 571/571/518 683/683/620 684/684/621
f 570/570/517 569/569/516 685/685/622
f 570/570/517 685/685/622 683/683/620
f 683/683/620 685/685/622 436/436/392
f 683/683/620 436/436/392 517/517/473
f 684/684/621 683/683/620 517/517/473
f 684/684/621 517/517/473 507/507/463
f 577/577/522 576/576/521 686/686/623
f 577/577/522 686/686/623 687/687/624
f 576/576/521 553/553/506 675/675/612
f 576/576/521 675/675/612 686/686/623
f 686/686/623 675/675/612 679/679/616
f 686/686/623 679/679/616 688/688/625
f 687/687/624 686/686/623 688/688/625
f 687/687/624 688/688/625 440/440/396
f 583/583/526 582/582/525 689/689/626
f 583/583/526 689/689/626 690/690/627
f 582/582/525 571/571/518 684/684/621
f 582/582/525 684/684/621 689/689/626
f 689/689/626 684/684/621 507/507/463
f 689/689/626 507/507/463 505/505/461
f 690/690/627 689/689/626 505/505/461
f 690/690/627 505/505/461 479/479/435
f 560/560/510 589/589/530 691/691/628
f 560/560/510 691/691/628 682/682/619
f 589/589/530 588/588/529 692/692/629
f 589/589/530 692/692/629 691/691/628
f 691/691/628 692/692/629 475/475/431
f 691/691/628 475/475/431 494/494/450
f 682/682/619 691/691/628 494/494/450
f 682/682/619 494/494/450 493/493/449
f 588/588/529 592/592/532 693/693/630
f 588/588/529 693/693/630 692/692/629
f 592/592/532 583/583/526 690/690/627
f 592/592/532 690/690/627 693/693/630
f 693/693/630 690/690/627 479/479/435
f 693/693/630 479/479/435 476/476/432
f 692/692/629 693/693/630 476/476/432
f 692/692/629 476/476/432 475/475/431
f 598/598/536 597/597/535 694/694/631
f 598/598/536 694/694/631 695/695/632
f 597/597/535 562/562/512 681/681/618
f 597/597/535 681/681/618 694/694/631
f 694/694/631 681/681/618 461/461/417
f 694/694/631 461/461/417 458/458/414
f 695/695/632 694/694/631 458/458/414
f 695/695/632 458/458/414 457/457/413
f 569/569/516 601/601/538 696/696/633
f 569/569/516 696/696/633 685/685/622
f 601/601/538 577/577/522 687/687/624
f 601/601/538 687/687/624 696/696/633
f 696/696/633 687/687/624 440/440/396
f 696/696/633 440/440/396 437/437/393
f 685/685/622 696/696/633 437/437/393
f 685/685/622 437/437/393 436/436/392
f 63/63/63 156/156/156 697/697/634
f 63/63/63 697/697/634 64/64/64
f 156/156/156 50/50/50 89/89/89
f 156/156/156 89/89/89 697/697/634
f 697/697/634 89/89/89 88/88/88
f 697/697/634 88/88/88 698/698/185
f 64/64/64 697/697/634 698/698/185
f 64/64/64 698/698/185 65/65/65
f 699/699/635 700/700/636 701/701/637
f 699/699/635 701/701/637 702/702/638
f 700/700/636 703/703/639 704/704/640
f 700/700/636 704/704/640 701/701/637
f 701/701/637 704/704/640 705/705/641
f 701/701/637 705/705/641 706/706/642
f 702/702/638 701/701/637 706/706/642
f 702/702/638 706/706/642 707/707/643
f 708/708/644 709/709/645 710/710/646
f 708/708/644 710/710/646 711/711/647
f 709/709/645 699/699/635 702/702/638
f 709/709/645 702/702/638 710/710/646
f 710/710/646 702/702/638 707/707/643
f 710/710/646 707/707/643 712/712/648
f 711/711/647 710/710/646 712/712/648
f 711/711/647 712/712/648 713/713/649
f 714/714/650 715/715/651 716/716/652
f 714/714/650 716/716/652 717/717/653
f 715/715/651 708/708/644 711/711/647
f 715/715/651 711/711/647 716/716/652
f 716/716/652 711/711/647 713/713/649
f 716/716/652 713/713/649 718/718/654
f 717/717/653 716/716/652 718/718/654
f 717/717/653 718/718/654 719/719/655
f 720/720/656 721/721/657 722/722/658
f 720/720/656 722/722/658 723/723/659
f 721/721/657 714/714/650 717/717/653
f 721/721/657 717/717/653 722/722/658
f 722/722/658 717/717/653 719/719/655
f 722/722/658 719/719/655 724/724/660
f 723/723/659 722/722/658 724/724/660
f 723/723/659 724/724/660 725/725/661
f 726/726/662 727/727/663 728/728/664
f 726/726/662 728/728/664 729/729/665
f 727/727/663 730/730/666 731/731/667
f 727/727/663 731/731/667 728/728/664
f 728/728/664 731/731/667 732/732/668
f 728/728/664 732/732/668 733/733/669
f 729/729/665 728/728/664 733/733/669
f 729/729/665 733/733/669 734/734/670
f 734/734/670 733/733/669 735/735/671
f 734/734/670 735/735/671 736/736/672
f 733/733/669 732/732/668 737/737/673
f 733/733/669 737/737/673 735/735/671
f 735/735/671 737/737/673 738/738/674
f 735/735/671 738/738/674 739/739/675
f 736/736/672 735/735/671 739/739/675
f 736/736/672 739/739/675 740/740/676
f 741/741/677 742/742/678 743/743/679
f 741/741/677 743/743/679 744/744/680
f 742/742/678 745/745/681 746/746/682
f 742/742/678 746/746/682 743/743/679
f 743/743/679 746/746/682 747/747/683
f 743/743/679 747/747/683 748/748/684
f 744/744/680 743/743/679 748/748/684
f 744/744/680 748/748/684 749/749/685
f 750/750/686 751/751/687 752/752/688
f 750/750/686 752/752/688 753/753/689
f 751/751/687 754/754/690 755/755/691
f 751/751/687 755/755/691 752/752/688
f 752/752/688 755/755/691 714/714/650
f 752/752/688 714/714/650 721/721/657
f 753/753/689 752/752/688 721/721/657
f 753/753/689 721/721/657 720/720/656
f 756/756/692 757/757/693 758/758/694
f 756/756/692 758/758/694 759/759/695
f 757/757/693 760/760/696 761/761/697
f 757/757/693 761/761/697 758/758/694
f 758/758/694 761/761/697 762/762/698
f 758/758/694 762/762/698 763/763/699
f 759/759/695 758/758/694 763/763/699
f 759/759/695 763/763/699 764/764/700
f 730/730/666 765/765/701 766/766/702
f 730/730/666 766/766/702 731/731/667
f 765/765/701 767/767/703 768/768/704
f 765/765/701 768/768/704 766/766/702
f 766/766/702 768/768/704 769/769/705
f 766/766/702 769/769/705 770/770/706
f 731/731/667 766/766/702 770/770/706
f 731/731/667 770/770/706 732/732/668
f 771/771/707 772/772/708 773/773/709
f 771/771/707 773/773/709 774/774/710
f 772/772/708 775/775/711 776/776/712
f 772/772/708 776/776/712 773/773/709
f 773/773/709 776/776/712 777/777/713
f 773/773/709 777/777/713 778/778/714
f 774/774/710 773/773/709 778/778/714
f 774/774/710 778/778/714 779/779/715
f 780/780/716 781/781/717 782/782/718
f 780/780/716 782/782/718 783/783/719
f 781/781/717 784/784/720 785/785/721
f 781/781/717 785/785/721 782/782/718
f 782/782/718 785/785/721 786/786/722
f 782/782/718 786/786/722 787/787/723
f 783/783/719 782/782/718 787/787/723
f 783/783/719 787/787/723 788/788/724
f 754/754/690 789/789/725 790/790/726
f 754/754/690 790/790/726 755/755/691
f 789/789/725 791/791/727 792/792/728
f 789/789/725 792/792/728 790/790/726
f 790/790/726 792/792/728 708/708/644
f 790/790/726 708/708/644 715/715/651
f 755/755/691 790/790/726 715/715/651
f 755/755/691 715/715/651 714/714/650
f 760/760/696 793/793/729 794/794/730
f 760/760/696 794/794/730 761/761/697
f 793/793/729 795/795/731 796/796/732
f 793/793/729 796/796/732 794/794/730
f 794/794/730 796/796/732 797/797/733
f 794/794/730 797/797/733 798/798/734
f 761/761/697 794/794/730 798/798/734
f 761/761/697 798/798/734 762/762/698
f 767/767/703 799/799/735 800/800/736
f 767/767/703 800/800/736 768/768/704
f 799/799/735 801/801/737 802/802/738
f 799/799/735 802/802/738 800/800/736
f 800/800/736 802/802/738 803/803/739
f 800/800/736 803/803/739 804/804/740
f 768/768/704 800/800/736 804/804/740
f 768/768/704 804/804/740 769/769/705
f 784/784/720 805/805/741 806/806/742
f 784/784/720 806/806/742 785/785/721
f 805/805/741 807/807/743 808/808/744
f 805/805/741 808/808/744 806/806/742
f 806/806/742 808/808/744 809/809/745
f 806/806/742 809/809/745 810/810/746
f 785/785/721 806/806/742 810/810/746
f 785/785/721 810/810/746 786/786/722
f 775/775/711 811/811/747 812/812/748
f 775/775/711 812/812/748 776/776/712
f 811/811/747 813/813/749 814/814/750
f 811/811/747 814/814/750 812/812/748
f 812/812/748 814/814/750 815/815/751
f 812/812/748 815/815/751 816/816/752
f 776/776/712 812/812/748 816/816/752
f 776/776/712 816/816/752 777/777/713
f 791/791/727 817/817/753 818/818/754
f 791/791/727 818/818/754 792/792/728
f 817/817/753 819/819/755 820/820/756
f 817/817/753 820/820/756 818/818/754
f 818/818/754 820/820/756 699/699/635
f 818/818/754 699/699/635 709/709/645
f 792/792/728 818/818/754 709/709/645
f 792/792/728 709/709/645 708/708/644
f 795/795/731 821/821/757 822/822/758
f 795/795/731 822/822/758 796/796/732
f 821/821/757 823/823/759 824/824/760
f 821/821/757 824/824/760 822/822/758
f 822/822/758 824/824/760 825/825/761
f 822/822/758 825/825/761 826/826/762
f 796/796/732 822/822/758 826/826/762
f 796/796/732 826/826/762 797/797/733
f 801/801/737 827/827/763 828/828/764
f 801/801/737 828/828/764 802/802/738
f 827/827/763 829/829/765 830/830/766
f 827/827/763 830/830/766 828/828/764
f 828/828/764 830/830/766 831/831/767
f 828/828/764 831/831/767 832/832/768
f 802/802/738 828/828/764 832/832/768
f 802/802/738 832/832/768 803/803/739
f 803/803/739 832/832/768 833/833/769
f 803/803/739 833/833/769 834/834/770
f 832/832/768 831/831/767 835/835/771
f 832/832/768 835/835/771 833/833/769
f 833/833/769 835/835/771 836/836/772
f 833/833/769 836/836/772 837/837/773
f 834/834/770 833/833/769 837/837/773
f 834/834/770 837/837/773 838/838/774
f 839/839/775 840/840/776 841/841/777
f 839/839/775 841/841/777 842/842/778
f 840/840/776 843/843/779 844/844/780
f 840/840/776 844/844/780 841/841/777
f 841/841/777 844/844/780 845/845/781
f 841/841/777 845/845/781 846/846/782
f 842/842/778 841/841/777 846/846/782
f 842/842/778 846/846/782 847/847/783
f 819/819/755 848/848/784 849/849/785
f 819/819/755 849/849/785 820/820/756
f 848/848/784 850/850/786 851/851/787
f 848/848/784 851/851/787 849/849/785
f 849/849/785 851/851/787 703/703/639
f 849/849/785 703/703/639 700/700/636
f 820/820/756 849/849/785 700/700/636
f 820/820/756 700/700/636 699/699/635
f 741/741/677 852/852/788 853/853/789
f 741/741/677 853/853/789 854/854/790
f 852/852/788 855/855/791 856/856/792
f 852/852/788 856/856/792 853/853/789
f 853/853/789 856/856/792 538/538/494
f 853/853/789 538/538/494 857/857/793
f 854/854/790 853/853/789 857/857/793
f 854/854/790 857/857/793 740/740/676
f 726/726/662 858/858/794 859/859/795
f 726/726/662 859/859/795 860/860/796
f 858/858/794 543/543/499 861/861/797
f 858/858/794 861/861/797 859/859/795
f 859/859/795 861/861/797 862/862/798
f 859/859/795 862/862/798 863/863/799
f 860/860/796 859/859/795 863/863/799
f 860/860/796 863/863/799 764/764/700
f 750/750/686 864/864/800 865/865/801
f 750/750/686 865/865/801 866/866/802
f 864/864/800 867/867/803 868/868/804
f 864/864/800 868/868/804 865/865/801
f 865/865/801 868/868/804 869/869/805
f 865/865/801 869/869/805 870/870/806
f 866/866/802 865/865/801 870/870/806
f 866/866/802 870/870/806 749/749/685
f 740/740/676 857/857/793 871/871/807
f 740/740/676 871/871/807 736/736/672
f 857/857/793 538/538/494 537/537/493
f 857/857/793 537/537/493 871/871/807
f 871/871/807 537/537/493 536/536/492
f 871/871/807 536/536/492 872/872/808
f 736/736/672 871/871/807 872/872/808
f 736/736/672 872/872/808 734/734/670
f 823/823/759 873/873/809 874/874/810
f 823/823/759 874/874/810 824/824/760
f 873/873/809 875/875/811 876/876/812
f 873/873/809 876/876/812 874/874/810
f 874/874/810 876/876/812 877/877/813
f 874/874/810 877/877/813 878/878/814
f 824/824/760 874/874/810 878/878/814
f 824/824/760 878/878/814 825/825/761
f 879/879/815 880/880/816 881/881/817
f 879/879/815 881/881/817 882/882/818
f 880/880/816 756/756/692 759/759/695
f 880/880/816 759/759/695 881/881/817
f 881/881/817 759/759/695 764/764/700
f 881/881/817 764/764/700 863/863/799
f 882/882/818 881/881/817 863/863/799
f 882/882/818 863/863/799 862/862/798
f 725/725/661 883/883/819 884/884/820
f 725/725/661 884/884/820 723/723/659
f 883/883/819 885/885/821 886/886/822
f 883/883/819 886/886/822 884/884/820
f 884/884/820 886/886/822 887/887/823
f 884/884/820 887/887/823 888/888/824
f 723/723/659 884/884/820 888/888/824
f 723/723/659 888/888/824 720/720/656
f 889/889/825 890/890/826 891/891/827
f 889/889/825 891/891/827 892/892/828
f 890/890/826 893/893/829 894/894/830
f 890/890/826 894/894/830 891/891/827
f 891/891/827 894/894/830 895/895/831
f 891/891/827 895/895/831 896/896/832
f 892/892/828 891/891/827 896/896/832
f 892/892/828 896/896/832 897/897/833
f 898/898/834 899/899/835 900/900/836
f 898/898/834 900/900/836 901/901/837
f 899/899/835 902/902/838 903/903/839
f 899/899/835 903/903/839 900/900/836
f 900/900/836 903/903/839 904/904/840
f 900/900/836 904/904/840 905/905/841
f 901/901/837 900/900/836 905/905/841
f 901/901/837 905/905/841 906/906/842
f 720/720/656 888/888/824 907/907/843
f 720/720/656 907/907/843 753/753/689
f 888/888/824 887/887/823 908/908/844
f 888/888/824 908/908/844 907/907/843
f 907/907/843 908/908/844 867/867/803
f 907/907/843 867/867/803 864/864/800
f 753/753/689 907/907/843 864/864/800
f 753/753/689 864/864/800 750/750/686
f 847/847/783 846/846/782 909/909/845
f 847/847/783 909/909/845 910/910/846
f 846/846/782 845/845/781 911/911/847
f 846/846/782 911/911/847 909/909/845
f 909/909/845 911/911/847 850/850/786
f 909/909/845 850/850/786 848/848/784
f 910/910/846 909/909/845 848/848/784
f 910/910/846 848/848/784 819/819/755
f 912/912/848 913/913/849 914/914/850
f 912/912/848 914/914/850 915/915/851
f 913/913/849 916/916/852 917/917/853
f 913/913/849 917/917/853 914/914/850
f 914/914/850 917/917/853 918/918/854
f 914/914/850 918/918/854 919/919/855
f 915/915/851 914/914/850 919/919/855
f 915/915/851 919/919/855 920/920/856
f 921/921/857 922/922/858 923/923/859
f 921/921/857 923/923/859 924/924/860
f 922/922/858 771/771/707 774/774/710
f 922/922/858 774/774/710 923/923/859
f 923/923/859 774/774/710 779/779/715
f 923/923/859 779/779/715 925/925/861
f 924/924/860 923/923/859 925/925/861
f 924/924/860 925/925/861 926/926/862
f 749/749/685 748/748/684 927/927/863
f 749/749/685 927/927/863 866/866/802
f 748/748/684 747/747/683 928/928/864
f 748/748/684 928/928/864 927/927/863
f 927/927/863 928/928/864 754/754/690
f 927/927/863 754/754/690 751/751/687
f 866/866/802 927/927/863 751/751/687
f 866/866/802 751/751/687 750/750/686
f 929/929/865 930/930/866 931/931/867
f 929/929/865 931/931/867 932/932/868
f 930/930/866 933/933/869 934/934/870
f 930/930/866 934/934/870 931/931/867
f 931/931/867 934/934/870 902/902/838
f 931/931/867 902/902/838 899/899/835
f 932/932/868 931/931/867 899/899/835
f 932/932/868 899/899/835 898/898/834
f 935/935/871 936/936/872 937/937/873
f 935/935/871 937/937/873 938/938/874
f 936/936/872 939/939/875 940/940/876
f 936/936/872 940/940/876 937/937/873
f 937/937/873 940/940/876 869/869/805
f 937/937/873 869/869/805 868/868/804
f 938/938/874 937/937/873 868/868/804
f 938/938/874 868/868/804 867/867/803
f 941/941/877 942/942/878 943/943/879
f 941/941/877 943/943/879 944/944/880
f 942/942/878 945/945/881 946/946/882
f 942/942/878 946/946/882 943/943/879
f 943/943/879 946/946/882 947/947/883
f 943/943/879 947/947/883 948/948/884
f 944/944/880 943/943/879 948/948/884
f 944/944/880 948/948/884 949/949/885
f 950/950/886 951/951/887 952/952/888
f 950/950/886 952/952/888 953/953/889
f 951/951/887 954/954/890 955/955/891
f 951/951/887 955/955/891 952/952/888
f 952/952/888 955/955/891 945/945/881
f 952/952/888 945/945/881 942/942/878
f 953/953/889 952/952/888 942/942/878
f 953/953/889 942/942/878 941/941/877
f 956/956/892 957/957/893 958/958/894
f 956/956/892 958/958/894 959/959/895
f 957/957/893 960/960/896 961/961/897
f 957/957/893 961/961/897 958/958/894
f 958/958/894 961/961/897 954/954/890
f 958/958/894 954/954/890 951/951/887
f 959/959/895 958/958/894 951/951/887
f 959/959/895 951/951/887 950/950/886
f 962/962/823 963/963/898 964/964/899
f 962/962/823 964/964/899 965/965/844
f 963/963/898 950/950/886 953/953/889
f 963/963/898 953/953/889 964/964/899
f 964/964/899 953/953/889 941/941/877
f 964/964/899 941/941/877 966/966/900
f 965/965/844 964/964/899 966/966/900
f 965/965/844 966/966/900 967/967/803
f 968/968/883 969/969/882 970/970/901
f 968/968/883 970/970/901 971/971/902
f 969/969/882 945/945/881 955/955/891
f 969/969/882 955/955/891 970/970/901
f 970/970/901 955/955/891 954/954/890
f 970/970/901 954/954/890 972/972/897
f 971/971/902 970/970/901 972/972/897
f 971/971/902 972/972/897 973/973/896
f 974/974/821 975/975/903 976/976/904
f 974/974/821 976/976/904 977/977/822
f 975/975/903 956/956/892 959/959/895
f 975/975/903 959/959/895 976/976/904
f 976/976/904 959/959/895 950/950/886
f 976/976/904 950/950/886 963/963/898
f 977/977/822 976/976/904 963/963/898
f 977/977/822 963/963/898 962/962/823
f 967/967/803 966/966/900 978/978/905
f 967/967/803 978/978/905 979/979/874
f 966/966/900 941/941/877 944/944/880
f 966/966/900 944/944/880 978/978/905
f 978/978/905 944/944/880 949/949/885
f 978/978/905 949/949/885 980/980/906
f 979/979/874 978/978/905 980/980/906
f 979/979/874 980/980/906 981/981/871
f 734/734/670 872/872/808 982/982/907
f 734/734/670 982/982/907 729/729/665
f 872/872/808 536/536/492 544/544/500
f 872/872/808 544/544/500 982/982/907
f 982/982/907 544/544/500 543/543/499
f 982/982/907 543/543/499 858/858/794
f 729/729/665 982/982/907 858/858/794
f 729/729/665 858/858/794 726/726/662
f 825/825/761 878/878/814 983/983/908
f 825/825/761 983/983/908 984/984/909
f 878/878/814 877/877/813 985/985/910
f 878/878/814 985/985/910 983/983/908
f 983/983/908 985/985/910 829/829/765
f 983/983/908 829/829/765 827/827/763
f 984/984/909 983/983/908 827/827/763
f 984/984/909 827/827/763 801/801/737
f 797/797/733 826/826/762 986/986/911
f 797/797/733 986/986/911 987/987/912
f 826/826/762 825/825/761 984/984/909
f 826/826/762 984/984/909 986/986/911
f 986/986/911 984/984/909 801/801/737
f 986/986/911 801/801/737 799/799/735
f 987/987/912 986/986/911 799/799/735
f 987/987/912 799/799/735 767/767/703
f 762/762/698 798/798/734 988/988/913
f 762/762/698 988/988/913 989/989/914
f 798/798/734 797/797/733 987/987/912
f 798/798/734 987/987/912 988/988/913
f 988/988/913 987/987/912 767/767/703
f 988/988/913 767/767/703 765/765/701
f 989/989/914 988/988/913 765/765/701
f 989/989/914 765/765/701 730/730/666
f 764/764/700 763/763/699 990/990/915
f 764/764/700 990/990/915 860/860/796
f 763/763/699 762/762/698 989/989/914
f 763/763/699 989/989/914 990/990/915
f 990/990/915 989/989/914 730/730/666
f 990/990/915 730/730/666 727/727/663
f 860/860/796 990/990/915 727/727/663
f 860/860/796 727/727/663 726/726/662
f 991/991/916 992/992/917 993/993/918
f 991/991/916 993/993/918 994/994/919
f 992/992/917 995/995/920 996/996/921
f 992/992/917 996/996/921 993/993/918
f 993/993/918 996/996/921 997/997/922
f 993/993/918 997/997/922 998/998/923
f 994/994/919 993/993/918 998/998/923
f 994/994/919 998/998/923 879/879/815
f 999/999/924 1000/1000/925 1001/1001/926
f 999/999/924 1001/1001/926 1002/1002/927
f 1000/1000/925 991/991/916 994/994/919
f 1000/1000/925 994/994/919 1001/1001/926
f 1001/1001/926 994/994/919 879/879/815
f 1001/1001/926 879/879/815 882/882/818
f 1002/1002/927 1001/1001/926 882/882/818
f 1002/1002/927 882/882/818 862/862/798
f 543/543/499 542/542/498 1003/1003/928
f 543/543/499 1003/1003/928 861/861/797
f 542/542/498 541/541/497 1004/1004/929
f 542/542/498 1004/1004/929 1003/1003/928
f 1003/1003/928 1004/1004/929 999/999/924
f 1003/1003/928 999/999/924 1002/1002/927
f 861/861/797 1003/1003/928 1002/1002/927
f 861/861/797 1002/1002/927 862/862/798
f 641/641/578 652/652/589 1005/1005/930
f 641/641/578 1005/1005/930 642/642/579
f 652/652/589 410/410/366 603/603/540
f 652/652/589 603/603/540 1005/1005/930
f 1005/1005/930 603/603/540 607/607/544
f 1005/1005/930 607/607/544 659/659/596
f 642/642/579 1005/1005/930 659/659/596
f 642/642/579 659/659/596 617/617/554
f 1006/1006/931 1007/1007/932 1008/1008/933
f 1006/1006/931 1008/1008/933 1009/1009/934
f 1007/1007/932 1010/1010/935 1011/1011/936
f 1007/1007/932 1011/1011/936 1008/1008/933
f 1008/1008/933 1011/1011/936 893/893/829
f 1008/1008/933 893/893/829 890/890/826
f 1009/1009/934 1008/1008/933 890/890/826
f 1009/1009/934 890/890/826 889/889/825
f 1012/1012/937 1013/1013/938 1014/1014/939
f 1012/1012/937 1014/1014/939 1015/1015/940
f 1013/1013/938 1016/1016/941 1017/1017/942
f 1013/1013/938 1017/1017/942 1014/1014/939
f 1014/1014/939 1017/1017/942 831/831/767
f 1014/1014/939 831/831/767 830/830/766
f 1015/1015/940 1014/1014/939 830/830/766
f 1015/1015/940 830/830/766 829/829/765
f 1016/1016/941 1018/1018/943 1019/1019/944
f 1016/1016/941 1019/1019/944 1017/1017/942
f 1018/1018/943 1020/1020/945 1021/1021/946
f 1018/1018/943 1021/1021/946 1019/1019/944
f 1019/1019/944 1021/1021/946 836/836/772
f 1019/1019/944 836/836/772 835/835/771
f 1017/1017/942 1019/1019/944 835/835/771
f 1017/1017/942 835/835/771 831/831/767
f 1022/1022/947 1023/1023/948 1024/1024/949
f 1022/1022/947 1024/1024/949 1025/1025/950
f 1023/1023/948 1026/1026/951 1027/1027/952
f 1023/1023/948 1027/1027/952 1024/1024/949
f 1024/1024/949 1027/1027/952 845/845/781
f 1024/1024/949 845/845/781 844/844/780
f 1025/1025/950 1024/1024/949 844/844/780
f 1025/1025/950 844/844/780 843/843/779
f 1028/1028/953 1029/1029/954 1030/1030/955
f 1028/1028/953 1030/1030/955 1031/1031/956
f 1029/1029/954 1032/1032/957 1033/1033/958
f 1029/1029/954 1033/1033/958 1030/1030/955
f 1030/1030/955 1033/1033/958 703/703/639
f 1030/1030/955 703/703/639 851/851/787
f 1031/1031/956 1030/1030/955 851/851/787
f 1031/1031/956 851/851/787 850/850/786
f 1026/1026/951 1034/1034/959 1035/1035/960
f 1026/1026/951 1035/1035/960 1027/1027/952
f 1034/1034/959 1028/1028/953 1031/1031/956
f 1034/1034/959 1031/1031/956 1035/1035/960
f 1035/1035/960 1031/1031/956 850/850/786
f 1035/1035/960 850/850/786 911/911/847
f 1027/1027/952 1035/1035/960 911/911/847
f 1027/1027/952 911/911/847 845/845/781
f 1036/1036/961 1037/1037/962 1038/1038/963
f 1036/1036/961 1038/1038/963 1039/1039/964
f 1037/1037/962 1012/1012/937 1015/1015/940
f 1037/1037/962 1015/1015/940 1038/1038/963
f 1038/1038/963 1015/1015/940 829/829/765
f 1038/1038/963 829/829/765 985/985/910
f 1039/1039/964 1038/1038/963 985/985/910
f 1039/1039/964 985/985/910 877/877/813
f 1032/1032/957 1040/1040/965 1041/1041/966
f 1032/1032/957 1041/1041/966 1033/1033/958
f 1040/1040/965 1042/1042/967 1043/1043/968
f 1040/1040/965 1043/1043/968 1041/1041/966
f 1041/1041/966 1043/1043/968 705/705/641
f 1041/1041/966 705/705/641 704/704/640
f 1033/1033/958 1041/1041/966 704/704/640
f 1033/1033/958 704/704/640 703/703/639
f 605/605/542 604/604/541 1044/1044/969
f 605/605/542 1044/1044/969 635/635/572
f 604/604/541 406/406/362 645/645/582
f 604/604/541 645/645/582 1044/1044/969
f 1044/1044/969 645/645/582 650/650/587
f 1044/1044/969 650/650/587 1045/1045/970
f 635/635/572 1044/1044/969 1045/1045/970
f 635/635/572 1045/1045/970 636/636/573
f 1046/1046/971 1047/1047/972 1048/1048/973
f 1046/1046/971 1048/1048/973 1049/1049/974
f 1047/1047/972 1036/1036/961 1039/1039/964
f 1047/1047/972 1039/1039/964 1048/1048/973
f 1048/1048/973 1039/1039/964 877/877/813
f 1048/1048/973 877/877/813 876/876/812
f 1049/1049/974 1048/1048/973 876/876/812
f 1049/1049/974 876/876/812 875/875/811
f 906/906/842 905/905/841 1050/1050/975
f 906/906/842 1050/1050/975 1051/1051/976
f 905/905/841 904/904/840 1052/1052/977
f 905/905/841 1052/1052/977 1050/1050/975
f 1050/1050/975 1052/1052/977 1053/1053/978
f 1050/1050/975 1053/1053/978 1054/1054/979
f 1051/1051/976 1050/1050/975 1054/1054/979
f 1051/1051/976 1054/1054/979 1055/1055/980
f 749/749/685 870/870/806 1056/1056/981
f 749/749/685 1056/1056/981 744/744/680
f 870/870/806 869/869/805 1057/1057/982
f 870/870/806 1057/1057/982 1056/1056/981
f 1056/1056/981 1057/1057/982 855/855/791
f 1056/1056/981 855/855/791 852/852/788
f 744/744/680 1056/1056/981 852/852/788
f 744/744/680 852/852/788 741/741/677
f 838/838/774 837/837/773 1058/1058/983
f 838/838/774 1058/1058/983 1059/1059/984
f 837/837/773 836/836/772 1060/1060/985
f 837/837/773 1060/1060/985 1058/1058/983
f 1058/1058/983 1060/1060/985 843/843/779
f 1058/1058/983 843/843/779 840/840/776
f 1059/1059/984 1058/1058/983 840/840/776
f 1059/1059/984 840/840/776 839/839/775
f 1061/1061/986 1062/1062/987 1063/1063/988
f 1061/1061/986 1063/1063/988 1064/1064/989
f 1062/1062/987 1065/1065/990 1066/1066/991
f 1062/1062/987 1066/1066/991 1063/1063/988
f 1063/1063/988 1066/1066/991 1067/1067/992
f 1063/1063/988 1067/1067/992 1068/1068/993
f 1064/1064/989 1063/1063/988 1068/1068/993
f 1064/1064/989 1068/1068/993 1069/1069/994
f 1070/1070/995 1071/1071/996 1072/1072/997
f 1070/1070/995 1072/1072/997 1073/1073/998
f 1071/1071/996 780/780/716 783/783/719
f 1071/1071/996 783/783/719 1072/1072/997
f 1072/1072/997 783/783/719 788/788/724
f 1072/1072/997 788/788/724 1074/1074/999
f 1073/1073/998 1072/1072/997 1074/1074/999
f 1073/1073/998 1074/1074/999 1075/1075/1000
f 740/740/676 739/739/675 1076/1076/1001
f 740/740/676 1076/1076/1001 854/854/790
f 739/739/675 738/738/674 1077/1077/1002
f 739/739/675 1077/1077/1002 1076/1076/1001
f 1076/1076/1001 1077/1077/1002 745/745/681
f 1076/1076/1001 745/745/681 742/742/678
f 854/854/790 1076/1076/1001 742/742/678
f 854/854/790 742/742/678 741/741/677
f 869/869/805 940/940/876 1078/1078/1003
f 869/869/805 1078/1078/1003 1057/1057/982
f 940/940/876 939/939/875 1079/1079/1004
f 940/940/876 1079/1079/1004 1078/1078/1003
f 1078/1078/1003 1079/1079/1004 1080/1080/1005
f 1078/1078/1003 1080/1080/1005 1081/1081/1006
f 1057/1057/982 1078/1078/1003 1081/1081/1006
f 1057/1057/982 1081/1081/1006 855/855/791
f 855/855/791 1081/1081/1006 1082/1082/1007
f 855/855/791 1082/1082/1007 856/856/792
f 1081/1081/1006 1080/1080/1005 1083/1083/1008
f 1081/1081/1006 1083/1083/1008 1082/1082/1007
f 1082/1082/1007 1083/1083/1008 1084/1084/1009
f 1082/1082/1007 1084/1084/1009 1085/1085/1010
f 856/856/792 1082/1082/1007 1085/1085/1010
f 856/856/792 1085/1085/1010 538/538/494
f 538/538/494 1085/1085/1010 1086/1086/1011
f 538/538/494 1086/1086/1011 533/533/489
f 1085/1085/1010 1084/1084/1009 1087/1087/1012
f 1085/1085/1010 1087/1087/1012 1086/1086/1011
f 1086/1086/1011 1087/1087/1012 1088/1088/1013
f 1086/1086/1011 1088/1088/1013 1089/1089/1014
f 533/533/489 1086/1086/1011 1089/1089/1014
f 533/533/489 1089/1089/1014 530/530/486
f 1020/1020/945 1090/1090/1015 1091/1091/1016
f 1020/1020/945 1091/1091/1016 1021/1021/946
f 1090/1090/1015 1022/1022/947 1025/1025/950
f 1090/1090/1015 1025/1025/950 1091/1091/1016
f 1091/1091/1016 1025/1025/950 843/843/779
f 1091/1091/1016 843/843/779 1060/1060/985
f 1021/1021/946 1091/1091/1016 1060/1060/985
f 1021/1021/946 1060/1060/985 836/836/772
f 897/897/833 896/896/832 1092/1092/1017
f 897/897/833 1092/1092/1017 1093/1093/1018
f 896/896/832 895/895/831 1094/1094/1019
f 896/896/832 1094/1094/1019 1092/1092/1017
f 1092/1092/1017 1094/1094/1019 1095/1095/1020
f 1092/1092/1017 1095/1095/1020 1096/1096/1021
f 1093/1093/1018 1092/1092/1017 1096/1096/1021
f 1093/1093/1018 1096/1096/1021 1097/1097/1022
f 1098/1098/1023 1099/1099/1024 1100/1100/1025
f 1098/1098/1023 1100/1100/1025 1101/1101/1026
f 1099/1099/1024 1102/1102/1027 1103/1103/1028
f 1099/1099/1024 1103/1103/1028 1100/1100/1025
f 1100/1100/1025 1103/1103/1028 875/875/811
f 1100/1100/1025 875/875/811 873/873/809
f 1101/1101/1026 1100/1100/1025 873/873/809
f 1101/1101/1026 873/873/809 823/823/759
f 1104/1104/1029 1105/1105/1030 1106/1106/1031
f 1104/1104/1029 1106/1106/1031 1107/1107/1032
f 1105/1105/1030 1098/1098/1023 1101/1101/1026
f 1105/1105/1030 1101/1101/1026 1106/1106/1031
f 1106/1106/1031 1101/1101/1026 823/823/759
f 1106/1106/1031 823/823/759 821/821/757
f 1107/1107/1032 1106/1106/1031 821/821/757
f 1107/1107/1032 821/821/757 795/795/731
f 1108/1108/1033 1109/1109/1034 1110/1110/1035
f 1108/1108/1033 1110/1110/1035 1111/1111/1036
f 1109/1109/1034 1104/1104/1029 1107/1107/1032
f 1109/1109/1034 1107/1107/1032 1110/1110/1035
f 1110/1110/1035 1107/1107/1032 795/795/731
f 1110/1110/1035 795/795/731 793/793/729
f 1111/1111/1036 1110/1110/1035 793/793/729
f 1111/1111/1036 793/793/729 760/760/696
f 1112/1112/1037 1113/1113/1038 1114/1114/1039
f 1112/1112/1037 1114/1114/1039 1115/1115/1040
f 1113/1113/1038 1108/1108/1033 1111/1111/1036
f 1113/1113/1038 1111/1111/1036 1114/1114/1039
f 1114/1114/1039 1111/1111/1036 760/760/696
f 1114/1114/1039 760/760/696 757/757/693
f 1115/1115/1040 1114/1114/1039 757/757/693
f 1115/1115/1040 757/757/693 756/756/692
f 997/997/922 1116/1116/1041 1117/1117/1042
f 997/997/922 1117/1117/1042 998/998/923
f 1116/1116/1041 1112/1112/1037 1115/1115/1040
f 1116/1116/1041 1115/1115/1040 1117/1117/1042
f 1117/1117/1042 1115/1115/1040 756/756/692
f 1117/1117/1042 756/756/692 880/880/816
f 998/998/923 1117/1117/1042 880/880/816
f 998/998/923 880/880/816 879/879/815
f 1118/1118/920 1119/1119/917 1120/1120/1043
f 1118/1118/920 1120/1120/1043 1121/1121/1044
f 1119/1119/917 1122/1122/916 1123/1123/1045
f 1119/1119/917 1123/1123/1045 1120/1120/1043
f 1120/1120/1043 1123/1123/1045 679/679/616
f 1120/1120/1043 679/679/616 678/678/615
f 1121/1121/1044 1120/1120/1043 678/678/615
f 1121/1121/1044 678/678/615 677/677/614
f 1122/1122/916 1124/1124/925 1125/1125/1046
f 1122/1122/916 1125/1125/1046 1123/1123/1045
f 1124/1124/925 1126/1126/924 1127/1127/1047
f 1124/1124/925 1127/1127/1047 1125/1125/1046
f 1125/1125/1046 1127/1127/1047 440/440/396
f 1125/1125/1046 440/440/396 688/688/625
f 1123/1123/1045 1125/1125/1046 688/688/625
f 1123/1123/1045 688/688/625 679/679/616
f 1126/1126/924 1128/1128/929 1129/1129/1048
f 1126/1126/924 1129/1129/1048 1127/1127/1047
f 1128/1128/929 1130/1130/497 1131/1131/1049
f 1128/1128/929 1131/1131/1049 1129/1129/1048
f 1129/1129/1048 1131/1131/1049 442/442/398
f 1129/1129/1048 442/442/398 441/441/397
f 1127/1127/1047 1129/1129/1048 441/441/397
f 1127/1127/1047 441/441/397 440/440/396
f 1130/1130/497 1132/1132/495 1133/1133/1050
f 1130/1130/497 1133/1133/1050 1131/1131/1049
f 1132/1132/495 1134/1134/490 1135/1135/1051
f 1132/1132/495 1135/1135/1051 1133/1133/1050
f 1133/1133/1050 1135/1135/1051 448/448/404
f 1133/1133/1050 448/448/404 447/447/403
f 1131/1131/1049 1133/1133/1050 447/447/403
f 1131/1131/1049 447/447/403 442/442/398
f 1134/1134/490 1136/1136/487 1137/1137/1052
f 1134/1134/490 1137/1137/1052 1135/1135/1051
f 1136/1136/487 1138/1138/486 1139/1139/1053
f 1136/1136/487 1139/1139/1053 1137/1137/1052
f 1137/1137/1052 1139/1139/1053 454/454/410
f 1137/1137/1052 454/454/410 453/453/409
f 1135/1135/1051 1137/1137/1052 453/453/409
f 1135/1135/1051 453/453/409 448/448/404
f 1138/1138/486 1140/1140/1014 1141/1141/1054
f 1138/1138/486 1141/1141/1054 1139/1139/1053
f 1140/1140/1014 1142/1142/1013 1143/1143/1055
f 1140/1140/1014 1143/1143/1055 1141/1141/1054
f 1141/1141/1054 1143/1143/1055 665/665/602
f 1141/1141/1054 665/665/602 662/662/599
f 1139/1139/1053 1141/1141/1054 662/662/599
f 1139/1139/1053 662/662/599 454/454/410
f 1144/1144/1056 1145/1145/1057 1146/1146/1058
f 1144/1144/1056 1146/1146/1058 1147/1147/1059
f 1145/1145/1057 1046/1046/971 1049/1049/974
f 1145/1145/1057 1049/1049/974 1146/1146/1058
f 1146/1146/1058 1049/1049/974 875/875/811
f 1146/1146/1058 875/875/811 1103/1103/1028
f 1147/1147/1059 1146/1146/1058 1103/1103/1028
f 1147/1147/1059 1103/1103/1028 1102/1102/1027
f 893/893/829 1011/1011/936 1148/1148/1060
f 893/893/829 1148/1148/1060 1149/1149/1061
f 1011/1011/936 1010/1010/935 1150/1150/1062
f 1011/1011/936 1150/1150/1062 1148/1148/1060
f 1148/1148/1060 1150/1150/1062 1151/1151/941
f 1148/1148/1060 1151/1151/941 1152/1152/938
f 1149/1149/1061 1148/1148/1060 1152/1152/938
f 1149/1149/1061 1152/1152/938 1153/1153/937
f 1010/1010/935 1154/1154/1063 1155/1155/1064
f 1010/1010/935 1155/1155/1064 1150/1150/1062
f 1154/1154/1063 1156/1156/1065 1157/1157/1066
f 1154/1154/1063 1157/1157/1066 1155/1155/1064
f 1155/1155/1064 1157/1157/1066 1158/1158/945
f 1155/1155/1064 1158/1158/945 1159/1159/943
f 1150/1150/1062 1155/1155/1064 1159/1159/943
f 1150/1150/1062 1159/1159/943 1151/1151/941
f 1053/1053/978 1052/1052/977 1160/1160/1067
f 1053/1053/978 1160/1160/1067 1161/1161/1068
f 1052/1052/977 904/904/840 1162/1162/1069
f 1052/1052/977 1162/1162/1069 1160/1160/1067
f 1160/1160/1067 1162/1162/1069 1163/1163/951
f 1160/1160/1067 1163/1163/951 1164/1164/948
f 1161/1161/1068 1160/1160/1067 1164/1164/948
f 1161/1161/1068 1164/1164/948 1165/1165/947
f 902/902/838 934/934/870 1166/1166/1070
f 902/902/838 1166/1166/1070 1167/1167/1071
f 934/934/870 933/933/869 1168/1168/1072
f 934/934/870 1168/1168/1072 1166/1166/1070
f 1166/1166/1070 1168/1168/1072 1169/1169/957
f 1166/1166/1070 1169/1169/957 1170/1170/954
f 1167/1167/1071 1166/1166/1070 1170/1170/954
f 1167/1167/1071 1170/1170/954 1171/1171/953
f 904/904/840 903/903/839 1172/1172/1073
f 904/904/840 1172/1172/1073 1162/1162/1069
f 903/903/839 902/902/838 1167/1167/1071
f 903/903/839 1167/1167/1071 1172/1172/1073
f 1172/1172/1073 1167/1167/1071 1171/1171/953
f 1172/1172/1073 1171/1171/953 1173/1173/959
f 1162/1162/1069 1172/1172/1073 1173/1173/959
f 1162/1162/1069 1173/1173/959 1163/1163/951
f 895/895/831 894/894/830 1174/1174/1074
f 895/895/831 1174/1174/1074 1175/1175/1075
f 894/894/830 893/893/829 1149/1149/1061
f 894/894/830 1149/1149/1061 1174/1174/1074
f 1174/1174/1074 1149/1149/1061 1153/1153/937
f 1174/1174/1074 1153/1153/937 1176/1176/962
f 1175/1175/1075 1174/1174/1074 1176/1176/962
f 1175/1175/1075 1176/1176/962 1177/1177/961
f 933/933/869 930/930/866 1178/1178/1076
f 933/933/869 1178/1178/1076 1168/1168/1072
f 930/930/866 929/929/865 1179/1179/1077
f 930/930/866 1179/1179/1077 1178/1178/1076
f 1178/1178/1076 1179/1179/1077 1180/1180/967
f 1178/1178/1076 1180/1180/967 1181/1181/965
f 1168/1168/1072 1178/1178/1076 1181/1181/965
f 1168/1168/1072 1181/1181/965 1169/1169/957
f 1095/1095/1020 1094/1094/1019 1182/1182/1078
f 1095/1095/1020 1182/1182/1078 1183/1183/1079
f 1094/1094/1019 895/895/831 1175/1175/1075
f 1094/1094/1019 1175/1175/1075 1182/1182/1078
f 1182/1182/1078 1175/1175/1075 1177/1177/961
f 1182/1182/1078 1177/1177/961 1184/1184/972
f 1183/1183/1079 1182/1182/1078 1184/1184/972
f 1183/1183/1079 1184/1184/972 1185/1185/971
f 1156/1156/1065 1186/1186/1080 1187/1187/1081
f 1156/1156/1065 1187/1187/1081 1157/1157/1066
f 1186/1186/1080 1053/1053/978 1161/1161/1068
f 1186/1186/1080 1161/1161/1068 1187/1187/1081
f 1187/1187/1081 1161/1161/1068 1165/1165/947
f 1187/1187/1081 1165/1165/947 1188/1188/1015
f 1157/1157/1066 1187/1187/1081 1188/1188/1015
f 1157/1157/1066 1188/1188/1015 1158/1158/945
f 1097/1097/1022 1096/1096/1021 1189/1189/1082
f 1097/1097/1022 1189/1189/1082 1190/1190/1083
f 1096/1096/1021 1095/1095/1020 1183/1183/1079
f 1096/1096/1021 1183/1183/1079 1189/1189/1082
f 1189/1189/1082 1183/1183/1079 1185/1185/971
f 1189/1189/1082 1185/1185/971 1191/1191/1057
f 1190/1190/1083 1189/1189/1082 1191/1191/1057
f 1190/1190/1083 1191/1191/1057 1192/1192/1056
f 1006/1006/931 1193/1193/1084 1194/1194/1085
f 1006/1006/931 1194/1194/1085 1007/1007/932
f 1193/1193/1084 1195/1195/1086 1196/1196/1087
f 1193/1193/1084 1196/1196/1087 1194/1194/1085
f 1194/1194/1085 1196/1196/1087 1156/1156/1065
f 1194/1194/1085 1156/1156/1065 1154/1154/1063
f 1007/1007/932 1194/1194/1085 1154/1154/1063
f 1007/1007/932 1154/1154/1063 1010/1010/935
f 1195/1195/1086 1197/1197/1088 1198/1198/1089
f 1195/1195/1086 1198/1198/1089 1196/1196/1087
f 1197/1197/1088 1055/1055/980 1054/1054/979
f 1197/1197/1088 1054/1054/979 1198/1198/1089
f 1198/1198/1089 1054/1054/979 1053/1053/978
f 1198/1198/1089 1053/1053/978 1186/1186/1080
f 1196/1196/1087 1198/1198/1089 1186/1186/1080
f 1196/1196/1087 1186/1186/1080 1156/1156/1065
f 1199/1199/1090 1200/1200/1091 1201/1201/1092
f 1199/1199/1090 1201/1201/1092 1202/1202/1093
f 1200/1200/1091 1203/1203/1094 1204/1204/1095
f 1200/1200/1091 1204/1204/1095 1201/1201/1092
f 1201/1201/1092 1204/1204/1095 803/803/739
f 1201/1201/1092 803/803/739 834/834/770
f 1202/1202/1093 1201/1201/1092 834/834/770
f 1202/1202/1093 834/834/770 838/838/774
f 1205/1205/1096 1206/1206/1097 1207/1207/1098
f 1205/1205/1096 1207/1207/1098 1208/1208/1099
f 1206/1206/1097 1209/1209/1100 1210/1210/1101
f 1206/1206/1097 1210/1210/1101 1207/1207/1098
f 1207/1207/1098 1210/1210/1101 839/839/775
f 1207/1207/1098 839/839/775 842/842/778
f 1208/1208/1099 1207/1207/1098 842/842/778
f 1208/1208/1099 842/842/778 847/847/783
f 1211/1211/1102 1212/1212/1103 1213/1213/1104
f 1211/1211/1102 1213/1213/1104 1214/1214/1105
f 1212/1212/1103 1215/1215/1106 1216/1216/1107
f 1212/1212/1103 1216/1216/1107 1213/1213/1104
f 1213/1213/1104 1216/1216/1107 738/738/674
f 1213/1213/1104 738/738/674 737/737/673
f 1214/1214/1105 1213/1213/1104 737/737/673
f 1214/1214/1105 737/737/673 732/732/668
f 1217/1217/1108 1218/1218/1109 1219/1219/1110
f 1217/1217/1108 1219/1219/1110 1220/1220/1111
f 1218/1218/1109 1221/1221/1112 1222/1222/1113
f 1218/1218/1109 1222/1222/1113 1219/1219/1110
f 1219/1219/1110 1222/1222/1113 747/747/683
f 1219/1219/1110 747/747/683 746/746/682
f 1220/1220/1111 1219/1219/1110 746/746/682
f 1220/1220/1111 746/746/682 745/745/681
f 1223/1223/1114 1224/1224/1115 1225/1225/1116
f 1223/1223/1114 1225/1225/1116 1226/1226/1117
f 1224/1224/1115 1211/1211/1102 1214/1214/1105
f 1224/1224/1115 1214/1214/1105 1225/1225/1116
f 1225/1225/1116 1214/1214/1105 732/732/668
f 1225/1225/1116 732/732/668 770/770/706
f 1226/1226/1117 1225/1225/1116 770/770/706
f 1226/1226/1117 770/770/706 769/769/705
f 1203/1203/1094 1227/1227/1118 1228/1228/1119
f 1203/1203/1094 1228/1228/1119 1204/1204/1095
f 1227/1227/1118 1223/1223/1114 1226/1226/1117
f 1227/1227/1118 1226/1226/1117 1228/1228/1119
f 1228/1228/1119 1226/1226/1117 769/769/705
f 1228/1228/1119 769/769/705 804/804/740
f 1204/1204/1095 1228/1228/1119 804/804/740
f 1204/1204/1095 804/804/740 803/803/739
f 1229/1229/1120 1230/1230/1121 1231/1231/1122
f 1229/1229/1120 1231/1231/1122 1232/1232/1123
f 1230/1230/1121 1205/1205/1096 1208/1208/1099
f 1230/1230/1121 1208/1208/1099 1231/1231/1122
f 1231/1231/1122 1208/1208/1099 847/847/783
f 1231/1231/1122 847/847/783 910/910/846
f 1232/1232/1123 1231/1231/1122 910/910/846
f 1232/1232/1123 910/910/846 819/819/755
f 1221/1221/1112 1233/1233/1124 1234/1234/1125
f 1221/1221/1112 1234/1234/1125 1222/1222/1113
f 1233/1233/1124 1235/1235/1126 1236/1236/1127
f 1233/1233/1124 1236/1236/1127 1234/1234/1125
f 1234/1234/1125 1236/1236/1127 754/754/690
f 1234/1234/1125 754/754/690 928/928/864
f 1222/1222/1113 1234/1234/1125 928/928/864
f 1222/1222/1113 928/928/864 747/747/683
f 1237/1237/1128 1238/1238/1129 1239/1239/1130
f 1237/1237/1128 1239/1239/1130 1240/1240/1131
f 1238/1238/1129 1229/1229/1120 1232/1232/1123
f 1238/1238/1129 1232/1232/1123 1239/1239/1130
f 1239/1239/1130 1232/1232/1123 819/819/755
f 1239/1239/1130 819/819/755 817/817/753
f 1240/1240/1131 1239/1239/1130 817/817/753
f 1240/1240/1131 817/817/753 791/791/727
f 1235/1235/1126 1241/1241/1132 1242/1242/1133
f 1235/1235/1126 1242/1242/1133 1236/1236/1127
f 1241/1241/1132 1237/1237/1128 1240/1240/1131
f 1241/1241/1132 1240/1240/1131 1242/1242/1133
f 1242/1242/1133 1240/1240/1131 791/791/727
f 1242/1242/1133 791/791/727 789/789/725
f 1236/1236/1127 1242/1242/1133 789/789/725
f 1236/1236/1127 789/789/725 754/754/690
f 1209/1209/1100 1243/1243/1134 1244/1244/1135
f 1209/1209/1100 1244/1244/1135 1210/1210/1101
f 1243/1243/1134 1199/1199/1090 1202/1202/1093
f 1243/1243/1134 1202/1202/1093 1244/1244/1135
f 1244/1244/1135 1202/1202/1093 838/838/774
f 1244/1244/1135 838/838/774 1059/1059/984
f 1210/1210/1101 1244/1244/1135 1059/1059/984
f 1210/1210/1101 1059/1059/984 839/839/775
f 1215/1215/1106 1245/1245/1136 1246/1246/1137
f 1215/1215/1106 1246/1246/1137 1216/1216/1107
f 1245/1245/1136 1217/1217/1108 1220/1220/1111
f 1245/1245/1136 1220/1220/1111 1246/1246/1137
f 1246/1246/1137 1220/1220/1111 745/745/681
f 1246/1246/1137 745/745/681 1077/1077/1002
f 1216/1216/1107 1246/1246/1137 1077/1077/1002
f 1216/1216/1107 1077/1077/1002 738/738/674
f 1067/1067/992 1247/1247/1138 1248/1248/1139
f 1067/1067/992 1248/1248/1139 1068/1068/993
f 1247/1247/1138 1075/1075/1000 1249/1249/1140
f 1247/1247/1138 1249/1249/1140 1248/1248/1139
f 1248/1248/1139 1249/1249/1140 1250/1250/1141
f 1248/1248/1139 1250/1250/1141 1251/1251/1142
f 1068/1068/993 1248/1248/1139 1251/1251/1142
f 1068/1068/993 1251/1251/1142 1069/1069/994
f 815/815/751 1252/1252/1143 1253/1253/1144
f 815/815/751 1253/1253/1144 816/816/752
f 1252/1252/1143 1254/1254/1145 1255/1255/1146
f 1252/1252/1143 1255/1255/1146 1253/1253/1144
f 1253/1253/1144 1255/1255/1146 1256/1256/1147
f 1253/1253/1144 1256/1256/1147 1257/1257/1148
f 816/816/752 1253/1253/1144 1257/1257/1148
f 816/816/752 1257/1257/1148 777/777/713
f 1075/1075/1000 1074/1074/999 1258/1258/1149
f 1075/1075/1000 1258/1258/1149 1249/1249/1140
f 1074/1074/999 788/788/724 787/787/723
f 1074/1074/999 787/787/723 1258/1258/1149
f 1258/1258/1149 787/787/723 786/786/722
f 1258/1258/1149 786/786/722 1259/1259/1150
f 1249/1249/1140 1258/1258/1149 1259/1259/1150
f 1249/1249/1140 1259/1259/1150 1250/1250/1141
f 1254/1254/1145 1260/1260/1151 1261/1261/1152
f 1254/1254/1145 1261/1261/1152 1255/1255/1146
f 1260/1260/1151 809/809/745 1262/1262/1153
f 1260/1260/1151 1262/1262/1153 1261/1261/1152
f 1261/1261/1152 1262/1262/1153 920/920/856
f 1261/1261/1152 920/920/856 1263/1263/1154
f 1255/1255/1146 1261/1261/1152 1263/1263/1154
f 1255/1255/1146 1263/1263/1154 1256/1256/1147
f 1256/1256/1147 1263/1263/1154 1264/1264/1155
f 1256/1256/1147 1264/1264/1155 1265/1265/1156
f 1263/1263/1154 920/920/856 919/919/855
f 1263/1263/1154 919/919/855 1264/1264/1155
f 1264/1264/1155 919/919/855 918/918/854
f 1264/1264/1155 918/918/854 1266/1266/1157
f 1265/1265/1156 1264/1264/1155 1266/1266/1157
f 1265/1265/1156 1266/1266/1157 926/926/862
f 777/777/713 1257/1257/1148 1267/1267/1158
f 777/777/713 1267/1267/1158 778/778/714
f 1257/1257/1148 1256/1256/1147 1265/1265/1156
f 1257/1257/1148 1265/1265/1156 1267/1267/1158
f 1267/1267/1158 1265/1265/1156 926/926/862
f 1267/1267/1158 926/926/862 925/925/861
f 778/778/714 1267/1267/1158 925/925/861
f 778/778/714 925/925/861 779/779/715
f 1250/1250/1141 1259/1259/1150 1268/1268/1159
f 1250/1250/1141 1268/1268/1159 1269/1269/1160
f 1259/1259/1150 786/786/722 810/810/746
f 1259/1259/1150 810/810/746 1268/1268/1159
f 1268/1268/1159 810/810/746 809/809/745
f 1268/1268/1159 809/809/745 1260/1260/1151
f 1269/1269/1160 1268/1268/1159 1260/1260/1151
f 1269/1269/1160 1260/1260/1151 1254/1254/1145
f 1069/1069/994 1251/1251/1142 1270/1270/1161
f 1069/1069/994 1270/1270/1161 1271/1271/1162
f 1251/1251/1142 1250/1250/1141 1269/1269/1160
f 1251/1251/1142 1269/1269/1160 1270/1270/1161
f 1270/1270/1161 1269/1269/1160 1254/1254/1145
f 1270/1270/1161 1254/1254/1145 1252/1252/1143
f 1271/1271/1162 1270/1270/1161 1252/1252/1143
f 1271/1271/1162 1252/1252/1143 815/815/751
f 1065/1065/990 1272/1272/1163 1273/1273/1164
f 1065/1065/990 1273/1273/1164 1066/1066/991
f 1272/1272/1163 1070/1070/995 1073/1073/998
f 1272/1272/1163 1073/1073/998 1273/1273/1164
f 1273/1273/1164 1073/1073/998 1075/1075/1000
f 1273/1273/1164 1075/1075/1000 1247/1247/1138
f 1066/1066/991 1273/1273/1164 1247/1247/1138
f 1066/1066/991 1247/1247/1138 1067/1067/992
f 813/813/749 1274/1274/1165 1275/1275/1166
f 813/813/749 1275/1275/1166 814/814/750
f 1274/1274/1165 1061/1061/986 1064/1064/989
f 1274/1274/1165 1064/1064/989 1275/1275/1166
f 1275/1275/1166 1064/1064/989 1069/1069/994
f 1275/1275/1166 1069/1069/994 1271/1271/1162
f 814/814/750 1275/1275/1166 1271/1271/1162
f 814/814/750 1271/1271/1162 815/815/751
f 807/807/743 1276/1276/1167 1277/1277/1168
f 807/807/743 1277/1277/1168 808/808/744
f 1276/1276/1167 912/912/848 915/915/851
f 1276/1276/1167 915/915/851 1277/1277/1168
f 1277/1277/1168 915/915/851 920/920/856
f 1277/1277/1168 920/920/856 1262/1262/1153
f 808/808/744 1277/1277/1168 1262/1262/1153
f 808/808/744 1262/1262/1153 809/809/745
f 916/916/852 1278/1278/1169 1279/1279/1170
f 916/916/852 1279/1279/1170 917/917/853
f 1278/1278/1169 921/921/857 924/924/860
f 1278/1278/1169 924/924/860 1279/1279/1170
f 1279/1279/1170 924/924/860 926/926/862
f 1279/1279/1170 926/926/862 1266/1266/1157
f 917/917/853 1279/1279/1170 1266/1266/1157
f 917/917/853 1266/1266/1157 918/918/854
f 405/405/361 404/404/360 1280/1280/1171
f 405/405/361 1280/1280/1171 656/656/593
f 404/404/360 403/403/359 655/655/592
f 404/404/360 655/655/592 1280/1280/1171
f 1280/1280/1171 655/655/592 631/631/568
f 1280/1280/1171 631/631/568 629/629/566
f 656/656/593 1280/1280/1171 629/629/566
f 656/656/593 629/629/566 608/608/545
f 1281/1281/1172 1282/1282/1173 1283/1283/1174
f 1281/1281/1172 1283/1283/1174 1284/1284/1175
f 1282/1282/1173 1285/1285/1176 1286/1286/1177
f 1282/1282/1173 1286/1286/1177 1283/1283/1174
f 1283/1283/1174 1286/1286/1177 1287/1287/1178
f 1283/1283/1174 1287/1287/1178 1288/1288/1179
f 1284/1284/1175 1283/1283/1174 1288/1288/1179
f 1284/1284/1175 1288/1288/1179 1289/1289/1180
f 1290/1290/1181 1291/1291/1182 1292/1292/1183
f 1290/1290/1181 1292/1292/1183 1293/1293/1184
f 1291/1291/1182 1294/1294/1185 1295/1295/1186
f 1291/1291/1182 1295/1295/1186 1292/1292/1183
f 1292/1292/1183 1295/1295/1186 1296/1296/1187
f 1292/1292/1183 1296/1296/1187 1297/1297/1188
f 1293/1293/1184 1292/1292/1183 1297/1297/1188
f 1293/1293/1184 1297/1297/1188 1298/1298/1189
f 19/19/19 1299/1299/1190 1300/1300/1191
f 19/19/19 1300/1300/1191 20/20/20
f 1299/1299/1190 1301/1301/1192 1302/1302/1193
f 1299/1299/1190 1302/1302/1193 1300/1300/1191
f 1300/1300/1191 1302/1302/1193 1303/1303/1194
f 1300/1300/1191 1303/1303/1194 1304/1304/1195
f 20/20/20 1300/1300/1191 1304/1304/1195
f 20/20/20 1304/1304/1195 23/23/23
f 1305/1305/1196 1306/1306/1197 1307/1307/1198
f 1305/1305/1196 1307/1307/1198 1308/1308/1199
f 1306/1306/1197 1309/1309/1200 1310/1310/1201
f 1306/1306/1197 1310/1310/1201 1307/1307/1198
f 1307/1307/1198 1310/1310/1201 1311/1311/1202
f 1307/1307/1198 1311/1311/1202 1312/1312/1203
f 1308/1308/1199 1307/1307/1198 1312/1312/1203
f 1308/1308/1199 1312/1312/1203 1313/1313/1204
f 1314/1314/1205 1315/1315/1206 1316/1316/1207
f 1314/1314/1205 1316/1316/1207 1317/1317/1208
f 1315/1315/1206 1318/1318/1209 1319/1319/1210
f 1315/1315/1206 1319/1319/1210 1316/1316/1207
f 1316/1316/1207 1319/1319/1210 1320/1320/1211
f 1316/1316/1207 1320/1320/1211 1321/1321/1212
f 1317/1317/1208 1316/1316/1207 1321/1321/1212
f 1317/1317/1208 1321/1321/1212 1322/1322/1213
f 1303/1303/1194 1323/1323/1214 1324/1324/1215
f 1303/1303/1194 1324/1324/1215 1325/1325/1216
f 1323/1323/1214 1326/1326/1217 1327/1327/1218
f 1323/1323/1214 1327/1327/1218 1324/1324/1215
f 1324/1324/1215 1327/1327/1218 1309/1309/1200
f 1324/1324/1215 1309/1309/1200 1306/1306/1197
f 1325/1325/1216 1324/1324/1215 1306/1306/1197
f 1325/1325/1216 1306/1306/1197 1305/1305/1196
f 1328/1328/1219 1329/1329/1220 1330/1330/1221
f 1328/1328/1219 1330/1330/1221 1331/1331/1222
f 1329/1329/1220 1332/1332/1223 1333/1333/1224
f 1329/1329/1220 1333/1333/1224 1330/1330/1221
f 1330/1330/1221 1333/1333/1224 1334/1334/1225
f 1330/1330/1221 1334/1334/1225 1335/1335/1226
f 1331/1331/1222 1330/1330/1221 1335/1335/1226
f 1331/1331/1222 1335/1335/1226 1336/1336/1227
f 1328/1328/1219 1337/1337/1228 1338/1338/1229
f 1328/1328/1219 1338/1338/1229 1329/1329/1220
f 1337/1337/1228 1339/1339/1230 1340/1340/1231
f 1337/1337/1228 1340/1340/1231 1338/1338/1229
f 1338/1338/1229 1340/1340/1231 1341/1341/1232
f 1338/1338/1229 1341/1341/1232 1342/1342/1233
f 1329/1329/1220 1338/1338/1229 1342/1342/1233
f 1329/1329/1220 1342/1342/1233 1332/1332/1223
f 1343/1343/1234 1344/1344/1235 1345/1345/1236
f 1343/1343/1234 1345/1345/1236 1346/1346/1237
f 1344/1344/1235 1347/1347/1238 1348/1348/1239
f 1344/1344/1235 1348/1348/1239 1345/1345/1236
f 1345/1345/1236 1348/1348/1239 72/72/72
f 1345/1345/1236 72/72/72 71/71/71
f 1346/1346/1237 1345/1345/1236 71/71/71
f 1346/1346/1237 71/71/71 70/70/70
f 1349/1349/1240 1350/1350/1241 1351/1351/1242
f 1349/1349/1240 1351/1351/1242 1352/1352/1243
f 1350/1350/1241 1353/1353/1244 1354/1354/1245
f 1350/1350/1241 1354/1354/1245 1351/1351/1242
f 1351/1351/1242 1354/1354/1245 1355/1355/1246
f 1351/1351/1242 1355/1355/1246 1356/1356/1247
f 1352/1352/1243 1351/1351/1242 1356/1356/1247
f 1352/1352/1243 1356/1356/1247 1357/1357/1248
f 1358/1358/1249 1359/1359/1250 1360/1360/1251
f 1358/1358/1249 1360/1360/1251 1361/1361/1252
f 1359/1359/1250 1309/1309/1200 1327/1327/1218
f 1359/1359/1250 1327/1327/1218 1360/1360/1251
f 1360/1360/1251 1327/1327/1218 1326/1326/1217
f 1360/1360/1251 1326/1326/1217 1362/1362/1253
f 1361/1361/1252 1360/1360/1251 1362/1362/1253
f 1361/1361/1252 1362/1362/1253 1363/1363/1254
f 1364/1364/1255 1365/1365/1256 1366/1366/1257
f 1364/1364/1255 1366/1366/1257 1367/1367/1258
f 1365/1365/1256 1368/1368/1259 1369/1369/1260
f 1365/1365/1256 1369/1369/1260 1366/1366/1257
f 1366/1366/1257 1369/1369/1260 1370/1370/1261
f 1366/1366/1257 1370/1370/1261 1371/1371/1262
f 1367/1367/1258 1366/1366/1257 1371/1371/1262
f 1367/1367/1258 1371/1371/1262 1372/1372/1263
f 1373/1373/1264 1374/1374/1265 1375/1375/1266
f 1373/1373/1264 1375/1375/1266 1376/1376/1267
f 1374/1374/1265 1311/1311/1202 1310/1310/1201
f 1374/1374/1265 1310/1310/1201 1375/1375/1266
f 1375/1375/1266 1310/1310/1201 1309/1309/1200
f 1375/1375/1266 1309/1309/1200 1359/1359/1250
f 1376/1376/1267 1375/1375/1266 1359/1359/1250
f 1376/1376/1267 1359/1359/1250 1358/1358/1249
f 72/72/72 1348/1348/1239 1377/1377/1268
f 72/72/72 1377/1377/1268 103/103/103
f 1348/1348/1239 1347/1347/1238 1378/1378/1269
f 1348/1348/1239 1378/1378/1269 1377/1377/1268
f 1377/1377/1268 1378/1378/1269 1379/1379/1270
f 1377/1377/1268 1379/1379/1270 1380/1380/1271
f 103/103/103 1377/1377/1268 1380/1380/1271
f 103/103/103 1380/1380/1271 105/105/105
f 1381/1381/1272 1382/1382/1273 1383/1383/1274
f 1381/1381/1272 1383/1383/1274 1384/1384/1275
f 1382/1382/1273 1385/1385/1276 1386/1386/1277
f 1382/1382/1273 1386/1386/1277 1383/1383/1274
f 1383/1383/1274 1386/1386/1277 1387/1387/1278
f 1383/1383/1274 1387/1387/1278 1388/1388/1279
f 1384/1384/1275 1383/1383/1274 1388/1388/1279
f 1384/1384/1275 1388/1388/1279 1389/1389/1280
f 118/118/118 1390/1390/1281 1391/1391/1282
f 118/118/118 1391/1391/1282 119/119/119
f 1390/1390/1281 1285/1285/1176 1282/1282/1173
f 1390/1390/1281 1282/1282/1173 1391/1391/1282
f 1391/1391/1282 1282/1282/1173 1281/1281/1172
f 1391/1391/1282 1281/1281/1172 1392/1392/1283
f 119/119/119 1391/1391/1282 1392/1392/1283
f 119/119/119 1392/1392/1283 122/122/122
f 1393/1393/1284 1394/1394/1285 1395/1395/1286
f 1393/1393/1284 1395/1395/1286 1396/1396/1287
f 1394/1394/1285 1397/1397/1288 1398/1398/1289
f 1394/1394/1285 1398/1398/1289 1395/1395/1286
f 1395/1395/1286 1398/1398/1289 130/130/130
f 1395/1395/1286 130/130/130 129/129/129
f 1396/1396/1287 1395/1395/1286 129/129/129
f 1396/1396/1287 129/129/129 128/128/128
f 1399/1399/1290 1400/1400/1291 1401/1401/1292
f 1399/1399/1290 1401/1401/1292 1402/1402/1293
f 1400/1400/1291 1285/1285/1176 1390/1390/1281
f 1400/1400/1291 1390/1390/1281 1401/1401/1292
f 1401/1401/1292 1390/1390/1281 118/118/118
f 1401/1401/1292 118/118/118 138/138/138
f 1402/1402/1293 1401/1401/1292 138/138/138
f 1402/1402/1293 138/138/138 137/137/137
f 1403/1403/1294 1404/1404/1295 1405/1405/1296
f 1403/1403/1294 1405/1405/1296 1406/1406/1297
f 1404/1404/1295 1399/1399/1290 1402/1402/1293
f 1404/1404/1295 1402/1402/1293 1405/1405/1296
f 1405/1405/1296 1402/1402/1293 137/137/137
f 1405/1405/1296 137/137/137 144/144/144
f 1406/1406/1297 1405/1405/1296 144/144/144
f 1406/1406/1297 144/144/144 143/143/143
f 1407/1407/1298 1408/1408/1299 1409/1409/1300
f 1407/1407/1298 1409/1409/1300 1410/1410/1301
f 1408/1408/1299 1411/1411/1302 1412/1412/1303
f 1408/1408/1299 1412/1412/1303 1409/1409/1300
f 1409/1409/1300 1412/1412/1303 151/151/151
f 1409/1409/1300 151/151/151 150/150/150
f 1410/1410/1301 1409/1409/1300 150/150/150
f 1410/1410/1301 150/150/150 149/149/149
f 1341/1341/1232 1413/1413/1304 1414/1414/1305
f 1341/1341/1232 1414/1414/1305 1415/1415/1306
f 1413/1413/1304 1326/1326/1217 1323/1323/1214
f 1413/1413/1304 1323/1323/1214 1414/1414/1305
f 1414/1414/1305 1323/1323/1214 1303/1303/1194
f 1414/1414/1305 1303/1303/1194 1302/1302/1193
f 1415/1415/1306 1414/1414/1305 1302/1302/1193
f 1415/1415/1306 1302/1302/1193 1301/1301/1192
f 1281/1281/1172 1416/1416/1307 1417/1417/1308
f 1281/1281/1172 1417/1417/1308 1392/1392/1283
f 1416/1416/1307 1393/1393/1284 1396/1396/1287
f 1416/1416/1307 1396/1396/1287 1417/1417/1308
f 1417/1417/1308 1396/1396/1287 128/128/128
f 1417/1417/1308 128/128/128 159/159/159
f 1392/1392/1283 1417/1417/1308 159/159/159
f 1392/1392/1283 159/159/159 122/122/122
f 1418/1418/1309 1419/1419/1310 1420/1420/1311
f 1418/1418/1309 1420/1420/1311 1421/1421/1312
f 1419/1419/1310 1422/1422/1313 1423/1423/1314
f 1419/1419/1310 1423/1423/1314 1420/1420/1311
f 1420/1420/1311 1423/1423/1314 1424/1424/1315
f 1420/1420/1311 1424/1424/1315 1425/1425/1316
f 1421/1421/1312 1420/1420/1311 1425/1425/1316
f 1421/1421/1312 1425/1425/1316 1343/1343/1234
f 1426/1426/1317 1427/1427/1318 1428/1428/1319
f 1426/1426/1317 1428/1428/1319 1429/1429/1320
f 1427/1427/1318 1313/1313/1204 1312/1312/1203
f 1427/1427/1318 1312/1312/1203 1428/1428/1319
f 1428/1428/1319 1312/1312/1203 1311/1311/1202
f 1428/1428/1319 1311/1311/1202 1374/1374/1265
f 1429/1429/1320 1428/1428/1319 1374/1374/1265
f 1429/1429/1320 1374/1374/1265 1373/1373/1264
f 172/172/172 175/175/175 1430/1430/1321
f 172/172/172 1430/1430/1321 1431/1431/1322
f 175/175/175 177/177/177 1432/1432/1323
f 175/175/175 1432/1432/1323 1430/1430/1321
f 1430/1430/1321 1432/1432/1323 1313/1313/1204
f 1430/1430/1321 1313/1313/1204 1427/1427/1318
f 1431/1431/1322 1430/1430/1321 1427/1427/1318
f 1431/1431/1322 1427/1427/1318 1426/1426/1317
f 178/178/178 1433/1433/1324 1434/1434/1325
f 178/178/178 1434/1434/1325 179/179/179
f 1433/1433/1324 1418/1418/1309 1421/1421/1312
f 1433/1433/1324 1421/1421/1312 1434/1434/1325
f 1434/1434/1325 1421/1421/1312 1343/1343/1234
f 1434/1434/1325 1343/1343/1234 1346/1346/1237
f 179/179/179 1434/1434/1325 1346/1346/1237
f 179/179/179 1346/1346/1237 70/70/70
f 1287/1287/1178 1435/1435/1326 1436/1436/1327
f 1287/1287/1178 1436/1436/1327 1288/1288/1179
f 1435/1435/1326 1437/1437/1254 1438/1438/1328
f 1435/1435/1326 1438/1438/1328 1436/1436/1327
f 1436/1436/1327 1438/1438/1328 1439/1439/1230
f 1436/1436/1327 1439/1439/1230 1440/1440/1329
f 1288/1288/1179 1436/1436/1327 1440/1440/1329
f 1288/1288/1179 1440/1440/1329 1289/1289/1180
f 1318/1318/1209 1441/1441/1330 1442/1442/1331
f 1318/1318/1209 1442/1442/1331 1319/1319/1210
f 1441/1441/1330 1443/1443/1332 1444/1444/1333
f 1441/1441/1330 1444/1444/1333 1442/1442/1331
f 1442/1442/1331 1444/1444/1333 1445/1445/1334
f 1442/1442/1331 1445/1445/1334 1446/1446/1335
f 1319/1319/1210 1442/1442/1331 1446/1446/1335
f 1319/1319/1210 1446/1446/1335 1320/1320/1211
f 1289/1289/1180 1447/1447/1336 1448/1448/1337
f 1289/1289/1180 1448/1448/1337 1284/1284/1175
f 1447/1447/1336 1449/1449/1338 1450/1450/1339
f 1447/1447/1336 1450/1450/1339 1448/1448/1337
f 1448/1448/1337 1450/1450/1339 1393/1393/1284
f 1448/1448/1337 1393/1393/1284 1416/1416/1307
f 1284/1284/1175 1448/1448/1337 1416/1416/1307
f 1284/1284/1175 1416/1416/1307 1281/1281/1172
f 1381/1381/1272 1384/1384/1275 1451/1451/1340
f 1381/1381/1272 1451/1451/1340 1452/1452/1341
f 1384/1384/1275 1389/1389/1280 1453/1453/1342
f 1384/1384/1275 1453/1453/1342 1451/1451/1340
f 1451/1451/1340 1453/1453/1342 1379/1379/1270
f 1451/1451/1340 1379/1379/1270 1378/1378/1269
f 1452/1452/1341 1451/1451/1340 1378/1378/1269
f 1452/1452/1341 1378/1378/1269 1347/1347/1238
f 1454/1454/1343 1455/1455/1344 1456/1456/1345
f 1454/1454/1343 1456/1456/1345 1457/1457/1346
f 1455/1455/1344 1458/1458/1347 1459/1459/1348
f 1455/1455/1344 1459/1459/1348 1456/1456/1345
f 1456/1456/1345 1459/1459/1348 1411/1411/1302
f 1456/1456/1345 1411/1411/1302 1408/1408/1299
f 1457/1457/1346 1456/1456/1345 1408/1408/1299
f 1457/1457/1346 1408/1408/1299 1407/1407/1298
f 1460/1460/1349 1461/1461/1350 1462/1462/1351
f 1460/1460/1349 1462/1462/1351 1463/1463/1352
f 1461/1461/1350 1464/1464/1353 1465/1465/1354
f 1461/1461/1350 1465/1465/1354 1462/1462/1351
f 1462/1462/1351 1465/1465/1354 1399/1399/1290
f 1462/1462/1351 1399/1399/1290 1404/1404/1295
f 1463/1463/1352 1462/1462/1351 1404/1404/1295
f 1463/1463/1352 1404/1404/1295 1403/1403/1294
f 1464/1464/1353 1466/1466/1355 1467/1467/1356
f 1464/1464/1353 1467/1467/1356 1465/1465/1354
f 1466/1466/1355 1287/1287/1178 1286/1286/1177
f 1466/1466/1355 1286/1286/1177 1467/1467/1356
f 1467/1467/1356 1286/1286/1177 1285/1285/1176
f 1467/1467/1356 1285/1285/1176 1400/1400/1291
f 1465/1465/1354 1467/1467/1356 1400/1400/1291
f 1465/1465/1354 1400/1400/1291 1399/1399/1290
f 1449/1449/1338 1468/1468/1357 1469/1469/1358
f 1449/1449/1338 1469/1469/1358 1450/1450/1339
f 1468/1468/1357 1470/1470/1359 1471/1471/1360
f 1468/1468/1357 1471/1471/1360 1469/1469/1358
f 1469/1469/1358 1471/1471/1360 1397/1397/1288
f 1469/1469/1358 1397/1397/1288 1394/1394/1285
f 1450/1450/1339 1469/1469/1358 1394/1394/1285
f 1450/1450/1339 1394/1394/1285 1393/1393/1284
f 1472/1472/1361 1473/1473/1362 1474/1474/1363
f 1472/1472/1361 1474/1474/1363 1475/1475/1364
f 1473/1473/1362 1355/1355/1246 1354/1354/1245
f 1473/1473/1362 1354/1354/1245 1474/1474/1363
f 1474/1474/1363 1354/1354/1245 1353/1353/1244
f 1474/1474/1363 1353/1353/1244 1476/1476/1365
f 1475/1475/1364 1474/1474/1363 1476/1476/1365
f 1475/1475/1364 1476/1476/1365 1477/1477/1366
f 225/225/223 228/228/226 1478/1478/1367
f 225/225/223 1478/1478/1367 1479/1479/1368
f 228/228/226 230/230/228 1480/1480/1369
f 228/228/226 1480/1480/1369 1478/1478/1367
f 1478/1478/1367 1480/1480/1369 1353/1353/1244
f 1478/1478/1367 1353/1353/1244 1350/1350/1241
f 1479/1479/1368 1478/1478/1367 1350/1350/1241
f 1479/1479/1368 1350/1350/1241 1349/1349/1240
f 1424/1424/1315 1481/1481/1370 1482/1482/1371
f 1424/1424/1315 1482/1482/1371 1425/1425/1316
f 1481/1481/1370 1381/1381/1272 1452/1452/1341
f 1481/1481/1370 1452/1452/1341 1482/1482/1371
f 1482/1482/1371 1452/1452/1341 1347/1347/1238
f 1482/1482/1371 1347/1347/1238 1344/1344/1235
f 1425/1425/1316 1482/1482/1371 1344/1344/1235
f 1425/1425/1316 1344/1344/1235 1343/1343/1234
f 23/23/23 1304/1304/1195 1483/1483/1372
f 23/23/23 1483/1483/1372 233/233/231
f 1304/1304/1195 1303/1303/1194 1325/1325/1216
f 1304/1304/1195 1325/1325/1216 1483/1483/1372
f 1483/1483/1372 1325/1325/1216 1305/1305/1196
f 1483/1483/1372 1305/1305/1196 1484/1484/1373
f 233/233/231 1483/1483/1372 1484/1484/1373
f 233/233/231 1484/1484/1373 235/235/233
f 235/235/233 1484/1484/1373 1485/1485/1374
f 235/235/233 1485/1485/1374 237/237/235
f 1484/1484/1373 1305/1305/1196 1308/1308/1199
f 1484/1484/1373 1308/1308/1199 1485/1485/1374
f 1485/1485/1374 1308/1308/1199 1313/1313/1204
f 1485/1485/1374 1313/1313/1204 1432/1432/1323
f 237/237/235 1485/1485/1374 1432/1432/1323
f 237/237/235 1432/1432/1323 177/177/177
f 239/239/237 1486/1486/1375 1487/1487/1376
f 239/239/237 1487/1487/1376 240/240/238
f 1486/1486/1375 1290/1290/1181 1293/1293/1184
f 1486/1486/1375 1293/1293/1184 1487/1487/1376
f 1487/1487/1376 1293/1293/1184 1298/1298/1189
f 1487/1487/1376 1298/1298/1189 1488/1488/1377
f 240/240/238 1487/1487/1376 1488/1488/1377
f 240/240/238 1488/1488/1377 243/243/241
f 1443/1443/1332 1489/1489/1378 1490/1490/1379
f 1443/1443/1332 1490/1490/1379 1444/1444/1333
f 1489/1489/1378 1491/1491/1380 1492/1492/1381
f 1489/1489/1378 1492/1492/1381 1490/1490/1379
f 1490/1490/1379 1492/1492/1381 1493/1493/1382
f 1490/1490/1379 1493/1493/1382 1494/1494/1383
f 1444/1444/1333 1490/1490/1379 1494/1494/1383
f 1444/1444/1333 1494/1494/1383 1445/1445/1334
f 1495/1495/1384 1496/1496/1385 1497/1497/1386
f 1495/1495/1384 1497/1497/1386 1498/1498/1387
f 1496/1496/1385 1491/1491/1380 1499/1499/1388
f 1496/1496/1385 1499/1499/1388 1497/1497/1386
f 1497/1497/1386 1499/1499/1388 1334/1334/1225
f 1497/1497/1386 1334/1334/1225 1333/1333/1224
f 1498/1498/1387 1497/1497/1386 1333/1333/1224
f 1498/1498/1387 1333/1333/1224 1332/1332/1223
f 1341/1341/1232 1500/1500/1389 1501/1501/1390
f 1341/1341/1232 1501/1501/1390 1342/1342/1233
f 1500/1500/1389 1502/1502/1391 1503/1503/1392
f 1500/1500/1389 1503/1503/1392 1501/1501/1390
f 1501/1501/1390 1503/1503/1392 1495/1495/1384
f 1501/1501/1390 1495/1495/1384 1498/1498/1387
f 1342/1342/1233 1501/1501/1390 1498/1498/1387
f 1342/1342/1233 1498/1498/1387 1332/1332/1223
f 1504/1504/1393 1505/1505/1394 1506/1506/1395
f 1504/1504/1393 1506/1506/1395 1507/1507/1396
f 1505/1505/1394 1301/1301/1192 1299/1299/1190
f 1505/1505/1394 1299/1299/1190 1506/1506/1395
f 1506/1506/1395 1299/1299/1190 19/19/19
f 1506/1506/1395 19/19/19 265/265/263
f 1507/1507/1396 1506/1506/1395 265/265/263
f 1507/1507/1396 265/265/263 264/264/262
f 1301/1301/1192 1505/1505/1394 1508/1508/1397
f 1301/1301/1192 1508/1508/1397 1415/1415/1306
f 1505/1505/1394 1504/1504/1393 1509/1509/1398
f 1505/1505/1394 1509/1509/1398 1508/1508/1397
f 1508/1508/1397 1509/1509/1398 1502/1502/1391
f 1508/1508/1397 1502/1502/1391 1500/1500/1389
f 1415/1415/1306 1508/1508/1397 1500/1500/1389
f 1415/1415/1306 1500/1500/1389 1341/1341/1232
f 1510/1510/1211 1511/1511/1335 1512/1512/1399
f 1510/1510/1211 1512/1512/1399 1513/1513/1400
f 1511/1511/1335 1514/1514/1334 1515/1515/1401
f 1511/1511/1335 1515/1515/1401 1512/1512/1399
f 1512/1512/1399 1515/1515/1401 1516/1516/1402
f 1512/1512/1399 1516/1516/1402 1517/1517/1403
f 1513/1513/1400 1512/1512/1399 1517/1517/1403
f 1513/1513/1400 1517/1517/1403 1518/1518/1404
f 277/277/241 1519/1519/1377 1520/1520/1405
f 277/277/241 1520/1520/1405 278/278/272
f 1519/1519/1377 1521/1521/1189 1522/1522/1406
f 1519/1519/1377 1522/1522/1406 1520/1520/1405
f 1520/1520/1405 1522/1522/1406 1418/1418/1309
f 1520/1520/1405 1418/1418/1309 1433/1433/1324
f 278/278/272 1520/1520/1405 1433/1433/1324
f 278/278/272 1433/1433/1324 178/178/178
f 1521/1521/1189 1523/1523/1188 1524/1524/1407
f 1521/1521/1189 1524/1524/1407 1522/1522/1406
f 1523/1523/1188 1525/1525/1187 1526/1526/1408
f 1523/1523/1188 1526/1526/1408 1524/1524/1407
f 1524/1524/1407 1526/1526/1408 1422/1422/1313
f 1524/1524/1407 1422/1422/1313 1419/1419/1310
f 1522/1522/1406 1524/1524/1407 1419/1419/1310
f 1522/1522/1406 1419/1419/1310 1418/1418/1309
f 1527/1527/1213 1528/1528/1212 1529/1529/1409
f 1527/1527/1213 1529/1529/1409 1530/1530/1410
f 1528/1528/1212 1510/1510/1211 1513/1513/1400
f 1528/1528/1212 1513/1513/1400 1529/1529/1409
f 1529/1529/1409 1513/1513/1400 1518/1518/1404
f 1529/1529/1409 1518/1518/1404 1531/1531/1411
f 1530/1530/1410 1529/1529/1409 1531/1531/1411
f 1530/1530/1410 1531/1531/1411 1532/1532/1412
f 130/130/130 1398/1398/1289 1533/1533/1413
f 130/130/130 1533/1533/1413 293/293/281
f 1398/1398/1289 1397/1397/1288 1534/1534/1414
f 1398/1398/1289 1534/1534/1414 1533/1533/1413
f 1533/1533/1413 1534/1534/1414 1290/1290/1181
f 1533/1533/1413 1290/1290/1181 1486/1486/1375
f 293/293/281 1533/1533/1413 1486/1486/1375
f 293/293/281 1486/1486/1375 239/239/237
f 1336/1336/1227 1335/1335/1226 1535/1535/1415
f 1336/1336/1227 1535/1535/1415 1536/1536/1416
f 1335/1335/1226 1334/1334/1225 1537/1537/1417
f 1335/1335/1226 1537/1537/1417 1535/1535/1415
f 1535/1535/1415 1537/1537/1417 1318/1318/1209
f 1535/1535/1415 1318/1318/1209 1315/1315/1206
f 1536/1536/1416 1535/1535/1415 1315/1315/1206
f 1536/1536/1416 1315/1315/1206 1314/1314/1205
f 1397/1397/1288 1471/1471/1360 1538/1538/1418
f 1397/1397/1288 1538/1538/1418 1534/1534/1414
f 1471/1471/1360 1470/1470/1359 1539/1539/1419
f 1471/1471/1360 1539/1539/1419 1538/1538/1418
f 1538/1538/1418 1539/1539/1419 1294/1294/1185
f 1538/1538/1418 1294/1294/1185 1291/1291/1182
f 1534/1534/1414 1538/1538/1418 1291/1291/1182
f 1534/1534/1414 1291/1291/1182 1290/1290/1181
f 1334/1334/1225 1499/1499/1388 1540/1540/1420
f 1334/1334/1225 1540/1540/1420 1537/1537/1417
f 1499/1499/1388 1491/1491/1380 1489/1489/1378
f 1499/1499/1388 1489/1489/1378 1540/1540/1420
f 1540/1540/1420 1489/1489/1378 1443/1443/1332
f 1540/1540/1420 1443/1443/1332 1441/1441/1330
f 1537/1537/1417 1540/1540/1420 1441/1441/1330
f 1537/1537/1417 1441/1441/1330 1318/1318/1209
f 1514/1514/1334 1541/1541/1383 1542/1542/1421
f 1514/1514/1334 1542/1542/1421 1515/1515/1401
f 1541/1541/1383 1543/1543/1382 1544/1544/1422
f 1541/1541/1383 1544/1544/1422 1542/1542/1421
f 1542/1542/1421 1544/1544/1422 1364/1364/1255
f 1542/1542/1421 1364/1364/1255 1545/1545/1423
f 1515/1515/1401 1542/1542/1421 1545/1545/1423
f 1515/1515/1401 1545/1545/1423 1516/1516/1402
f 1289/1289/1180 1440/1440/1329 1546/1546/1424
f 1289/1289/1180 1546/1546/1424 1447/1447/1336
f 1440/1440/1329 1439/1439/1230 1547/1547/1228
f 1440/1440/1329 1547/1547/1228 1546/1546/1424
f 1546/1546/1424 1547/1547/1228 1548/1548/1219
f 1546/1546/1424 1548/1548/1219 1549/1549/1425
f 1447/1447/1336 1546/1546/1424 1549/1549/1425
f 1447/1447/1336 1549/1549/1425 1449/1449/1338
f 1460/1460/1349 1550/1550/1426 1551/1551/1427
f 1460/1460/1349 1551/1551/1427 1461/1461/1350
f 1550/1550/1426 1552/1552/1264 1553/1553/1267
f 1550/1550/1426 1553/1553/1267 1551/1551/1427
f 1551/1551/1427 1553/1553/1267 1554/1554/1249
f 1551/1551/1427 1554/1554/1249 1555/1555/1428
f 1461/1461/1350 1551/1551/1427 1555/1555/1428
f 1461/1461/1350 1555/1555/1428 1464/1464/1353
f 1464/1464/1353 1555/1555/1428 1556/1556/1429
f 1464/1464/1353 1556/1556/1429 1466/1466/1355
f 1555/1555/1428 1554/1554/1249 1557/1557/1252
f 1555/1555/1428 1557/1557/1252 1556/1556/1429
f 1556/1556/1429 1557/1557/1252 1437/1437/1254
f 1556/1556/1429 1437/1437/1254 1435/1435/1326
f 1466/1466/1355 1556/1556/1429 1435/1435/1326
f 1466/1466/1355 1435/1435/1326 1287/1287/1178
f 1449/1449/1338 1549/1549/1425 1558/1558/1430
f 1449/1449/1338 1558/1558/1430 1468/1468/1357
f 1549/1549/1425 1548/1548/1219 1559/1559/1222
f 1549/1549/1425 1559/1559/1222 1558/1558/1430
f 1558/1558/1430 1559/1559/1222 1560/1560/1227
f 1558/1558/1430 1560/1560/1227 1561/1561/1431
f 1468/1468/1357 1558/1558/1430 1561/1561/1431
f 1468/1468/1357 1561/1561/1431 1470/1470/1359
f 1424/1424/1315 1562/1562/1432 1563/1563/1433
f 1424/1424/1315 1563/1563/1433 1481/1481/1370
f 1562/1562/1432 1564/1564/1434 1565/1565/1435
f 1562/1562/1432 1565/1565/1435 1563/1563/1433
f 1563/1563/1433 1565/1565/1435 1385/1385/1276
f 1563/1563/1433 1385/1385/1276 1382/1382/1273
f 1481/1481/1370 1563/1563/1433 1382/1382/1273
f 1481/1481/1370 1382/1382/1273 1381/1381/1272
f 1470/1470/1359 1561/1561/1431 1566/1566/1436
f 1470/1470/1359 1566/1566/1436 1539/1539/1419
f 1561/1561/1431 1560/1560/1227 1567/1567/1416
f 1561/1561/1431 1567/1567/1416 1566/1566/1436
f 1566/1566/1436 1567/1567/1416 1568/1568/1205
f 1566/1566/1436 1568/1568/1205 1569/1569/1437
f 1539/1539/1419 1566/1566/1436 1569/1569/1437
f 1539/1539/1419 1569/1569/1437 1294/1294/1185
f 1525/1525/1187 1570/1570/1438 1571/1571/1439
f 1525/1525/1187 1571/1571/1439 1526/1526/1408
f 1570/1570/1438 1572/1572/1213 1573/1573/1410
f 1570/1570/1438 1573/1573/1410 1571/1571/1439
f 1571/1571/1439 1573/1573/1410 1574/1574/1412
f 1571/1571/1439 1574/1574/1412 1575/1575/1440
f 1526/1526/1408 1571/1571/1439 1575/1575/1440
f 1526/1526/1408 1575/1575/1440 1422/1422/1313
f 1472/1472/1361 1576/1576/1441 1577/1577/1442
f 1472/1472/1361 1577/1577/1442 1473/1473/1362
f 1576/1576/1441 1458/1458/1347 1578/1578/1443
f 1576/1576/1441 1578/1578/1443 1577/1577/1442
f 1577/1577/1442 1578/1578/1443 1368/1368/1259
f 1577/1577/1442 1368/1368/1259 1579/1579/1444
f 1473/1473/1362 1577/1577/1442 1579/1579/1444
f 1473/1473/1362 1579/1579/1444 1355/1355/1246
f 1379/1379/1270 1580/1580/1445 1581/1581/1446
f 1379/1379/1270 1581/1581/1446 1380/1380/1271
f 1580/1580/1445 1582/1582/1447 1583/1583/1448
f 1580/1580/1445 1583/1583/1448 1581/1581/1446
f 1581/1581/1446 1583/1583/1448 344/344/317
f 1581/1581/1446 344/344/317 343/343/316
f 1380/1380/1271 1581/1581/1446 343/343/316
f 1380/1380/1271 343/343/316 105/105/105
f 143/143/143 348/348/321 1584/1584/1449
f 143/143/143 1584/1584/1449 1406/1406/1297
f 348/348/321 352/352/172 1585/1585/1322
f 348/348/321 1585/1585/1322 1584/1584/1449
f 1584/1584/1449 1585/1585/1322 1586/1586/1317
f 1584/1584/1449 1586/1586/1317 1587/1587/1450
f 1406/1406/1297 1584/1584/1449 1587/1587/1450
f 1406/1406/1297 1587/1587/1450 1403/1403/1294
f 1389/1389/1280 1388/1388/1279 1588/1588/1451
f 1389/1389/1280 1588/1588/1451 1453/1453/1342
f 1388/1388/1279 1387/1387/1278 1589/1589/1452
f 1388/1388/1279 1589/1589/1452 1588/1588/1451
f 1588/1588/1451 1589/1589/1452 1582/1582/1447
f 1588/1588/1451 1582/1582/1447 1580/1580/1445
f 1453/1453/1342 1588/1588/1451 1580/1580/1445
f 1453/1453/1342 1580/1580/1445 1379/1379/1270
f 1403/1403/1294 1587/1587/1450 1590/1590/1453
f 1403/1403/1294 1590/1590/1453 1463/1463/1352
f 1587/1587/1450 1586/1586/1317 1591/1591/1320
f 1587/1587/1450 1591/1591/1320 1590/1590/1453
f 1590/1590/1453 1591/1591/1320 1552/1552/1264
f 1590/1590/1453 1552/1552/1264 1550/1550/1426
f 1463/1463/1352 1590/1590/1453 1550/1550/1426
f 1463/1463/1352 1550/1550/1426 1460/1460/1349
f 1422/1422/1313 1575/1575/1440 1592/1592/1454
f 1422/1422/1313 1592/1592/1454 1423/1423/1314
f 1575/1575/1440 1574/1574/1412 1593/1593/1455
f 1575/1575/1440 1593/1593/1455 1592/1592/1454
f 1592/1592/1454 1593/1593/1455 1564/1564/1434
f 1592/1592/1454 1564/1564/1434 1562/1562/1432
f 1423/1423/1314 1592/1592/1454 1562/1562/1432
f 1423/1423/1314 1562/1562/1432 1424/1424/1315
f 1294/1294/1185 1569/1569/1437 1594/1594/1456
f 1294/1294/1185 1594/1594/1456 1295/1295/1186
f 1569/1569/1437 1568/1568/1205 1595/1595/1208
f 1569/1569/1437 1595/1595/1208 1594/1594/1456
f 1594/1594/1456 1595/1595/1208 1596/1596/1213
f 1594/1594/1456 1596/1596/1213 1597/1597/1438
f 1295/1295/1186 1594/1594/1456 1597/1597/1438
f 1295/1295/1186 1597/1597/1438 1296/1296/1187
f 1370/1370/1261 1598/1598/1457 1599/1599/1458
f 1370/1370/1261 1599/1599/1458 1600/1600/1459
f 1598/1598/1457 1454/1454/1343 1601/1601/1460
f 1598/1598/1457 1601/1601/1460 1599/1599/1458
f 1599/1599/1458 1601/1601/1460 1602/1602/1278
f 1599/1599/1458 1602/1602/1278 1603/1603/1277
f 1600/1600/1459 1599/1599/1458 1603/1603/1277
f 1600/1600/1459 1603/1603/1277 1604/1604/1276
f 1355/1355/1246 1579/1579/1444 1605/1605/1461
f 1355/1355/1246 1605/1605/1461 1356/1356/1247
f 1579/1579/1444 1368/1368/1259 1365/1365/1256
f 1579/1579/1444 1365/1365/1256 1605/1605/1461
f 1605/1605/1461 1365/1365/1256 1364/1364/1255
f 1605/1605/1461 1364/1364/1255 1606/1606/1462
f 1356/1356/1247 1605/1605/1461 1606/1606/1462
f 1356/1356/1247 1606/1606/1462 1357/1357/1248
f 372/372/335 375/375/338 1607/1607/1463
f 372/372/335 1607/1607/1463 1608/1608/1464
f 375/375/338 151/151/151 1412/1412/1303
f 375/375/338 1412/1412/1303 1607/1607/1463
f 1607/1607/1463 1412/1412/1303 1411/1411/1302
f 1607/1607/1463 1411/1411/1302 1609/1609/1465
f 1608/1608/1464 1607/1607/1463 1609/1609/1465
f 1608/1608/1464 1609/1609/1465 1477/1477/1366
f 1477/1477/1366 1609/1609/1465 1610/1610/1466
f 1477/1477/1366 1610/1610/1466 1475/1475/1364
f 1609/1609/1465 1411/1411/1302 1459/1459/1348
f 1609/1609/1465 1459/1459/1348 1610/1610/1466
f 1610/1610/1466 1459/1459/1348 1458/1458/1347
f 1610/1610/1466 1458/1458/1347 1576/1576/1441
f 1475/1475/1364 1610/1610/1466 1576/1576/1441
f 1475/1475/1364 1576/1576/1441 1472/1472/1361
f 1602/1602/1278 1601/1601/1460 1611/1611/1467
f 1602/1602/1278 1611/1611/1467 1612/1612/1452
f 1601/1601/1460 1454/1454/1343 1457/1457/1346
f 1601/1601/1460 1457/1457/1346 1611/1611/1467
f 1611/1611/1467 1457/1457/1346 1407/1407/1298
f 1611/1611/1467 1407/1407/1298 1613/1613/1468
f 1612/1612/1452 1611/1611/1467 1613/1613/1468
f 1612/1612/1452 1613/1613/1468 1614/1614/1447
f 1370/1370/1261 1600/1600/1459 1615/1615/1469
f 1370/1370/1261 1615/1615/1469 1371/1371/1262
f 1600/1600/1459 1604/1604/1276 1616/1616/1435
f 1600/1600/1459 1616/1616/1435 1615/1615/1469
f 1615/1615/1469 1616/1616/1435 1617/1617/1434
f 1615/1615/1469 1617/1617/1434 1618/1618/1470
f 1371/1371/1262 1615/1615/1469 1618/1618/1470
f 1371/1371/1262 1618/1618/1470 1372/1372/1263
f 1614/1614/1447 1613/1613/1468 1619/1619/1471
f 1614/1614/1447 1619/1619/1471 1620/1620/1448
f 1613/1613/1468 1407/1407/1298 1410/1410/1301
f 1613/1613/1468 1410/1410/1301 1619/1619/1471
f 1619/1619/1471 1410/1410/1301 149/149/149
f 1619/1619/1471 149/149/149 389/389/346
f 1620/1620/1448 1619/1619/1471 389/389/346
f 1620/1620/1448 389/389/346 388/388/317
f 230/230/228 391/391/348 1621/1621/1472
f 230/230/228 1621/1621/1472 1480/1480/1369
f 391/391/348 372/372/335 1608/1608/1464
f 391/391/348 1608/1608/1464 1621/1621/1472
f 1621/1621/1472 1608/1608/1464 1477/1477/1366
f 1621/1621/1472 1477/1477/1366 1476/1476/1365
f 1480/1480/1369 1621/1621/1472 1476/1476/1365
f 1480/1480/1369 1476/1476/1365 1353/1353/1244
f 1532/1532/1412 1531/1531/1411 1622/1622/1473
f 1532/1532/1412 1622/1622/1473 1623/1623/1455
f 1531/1531/1411 1518/1518/1404 1624/1624/1474
f 1531/1531/1411 1624/1624/1474 1622/1622/1473
f 1622/1622/1473 1624/1624/1474 1372/1372/1263
f 1622/1622/1473 1372/1372/1263 1618/1618/1470
f 1623/1623/1455 1622/1622/1473 1618/1618/1470
f 1623/1623/1455 1618/1618/1470 1617/1617/1434
f 1518/1518/1404 1517/1517/1403 1625/1625/1475
f 1518/1518/1404 1625/1625/1475 1624/1624/1474
f 1517/1517/1403 1516/1516/1402 1545/1545/1423
f 1517/1517/1403 1545/1545/1423 1625/1625/1475
f 1625/1625/1475 1545/1545/1423 1364/1364/1255
f 1625/1625/1475 1364/1364/1255 1367/1367/1258
f 1624/1624/1474 1625/1625/1475 1367/1367/1258
f 1624/1624/1474 1367/1367/1258 1372/1372/1263
f 1368/1368/1259 1578/1578/1443 1626/1626/1476
f 1368/1368/1259 1626/1626/1476 1369/1369/1260
f 1578/1578/1443 1458/1458/1347 1455/1455/1344
f 1578/1578/1443 1455/1455/1344 1626/1626/1476
f 1626/1626/1476 1455/1455/1344 1454/1454/1343
f 1626/1626/1476 1454/1454/1343 1598/1598/1457
f 1369/1369/1260 1626/1626/1476 1598/1598/1457
f 1369/1369/1260 1598/1598/1457 1370/1370/1261
f 1627/1627/1477 1628/1628/1478 1629/1629/1479
f 1627/1627/1477 1629/1629/1479 1630/1630/1480
f 1628/1628/1478 1631/1631/1481 1632/1632/1482
f 1628/1628/1478 1632/1632/1482 1629/1629/1479
f 1629/1629/1479 1632/1632/1482 1633/1633/1483
f 1629/1629/1479 1633/1633/1483 1634/1634/1484
f 1630/1630/1480 1629/1629/1479 1634/1634/1484
f 1630/1630/1480 1634/1634/1484 1635/1635/1485
f 1636/1636/1486 1637/1637/1487 1638/1638/1488
f 1636/1636/1486 1638/1638/1488 1639/1639/1489
f 1637/1637/1487 1640/1640/1490 1641/1641/1491
f 1637/1637/1487 1641/1641/1491 1638/1638/1488
f 1638/1638/1488 1641/1641/1491 1642/1642/1492
f 1638/1638/1488 1642/1642/1492 1643/1643/1493
f 1639/1639/1489 1638/1638/1488 1643/1643/1493
f 1639/1639/1489 1643/1643/1493 1644/1644/1494
f 1645/1645/1495 1646/1646/1496 1647/1647/1497
f 1645/1645/1495 1647/1647/1497 1648/1648/1498
f 1646/1646/1496 1642/1642/1492 1641/1641/1491
f 1646/1646/1496 1641/1641/1491 1647/1647/1497
f 1647/1647/1497 1641/1641/1491 1640/1640/1490
f 1647/1647/1497 1640/1640/1490 1649/1649/1499
f 1648/1648/1498 1647/1647/1497 1649/1649/1499
f 1648/1648/1498 1649/1649/1499 1650/1650/1500
f 1635/1635/1485 1634/1634/1484 1651/1651/1501
f 1635/1635/1485 1651/1651/1501 1652/1652/1502
f 1634/1634/1484 1633/1633/1483 1653/1653/1503
f 1634/1634/1484 1653/1653/1503 1651/1651/1501
f 1651/1651/1501 1653/1653/1503 1654/1654/1504
f 1651/1651/1501 1654/1654/1504 1655/1655/1505
f 1652/1652/1502 1651/1651/1501 1655/1655/1505
f 1652/1652/1502 1655/1655/1505 1656/1656/1506
f 1656/1656/1506 1655/1655/1505 1657/1657/1507
f 1656/1656/1506 1657/1657/1507 1658/1658/1508
f 1655/1655/1505 1654/1654/1504 1659/1659/1509
f 1655/1655/1505 1659/1659/1509 1657/1657/1507
f 1657/1657/1507 1659/1659/1509 1642/1642/1492
f 1657/1657/1507 1642/1642/1492 1646/1646/1496
f 1658/1658/1508 1657/1657/1507 1646/1646/1496
f 1658/1658/1508 1646/1646/1496 1645/1645/1495
f 1660/1660/386 1661/1661/389 1662/1662/1510
f 1660/1660/386 1662/1662/1510 1663/1663/1511
f 1661/1661/389 1664/1664/391 1665/1665/1512
f 1661/1661/389 1665/1665/1512 1662/1662/1510
f 1662/1662/1510 1665/1665/1512 1631/1631/1481
f 1662/1662/1510 1631/1631/1481 1628/1628/1478
f 1663/1663/1511 1662/1662/1510 1628/1628/1478
f 1663/1663/1511 1628/1628/1478 1627/1627/1477
f 1666/1666/1513 1667/1667/1514 1668/1668/1515
f 1666/1666/1513 1668/1668/1515 1669/1669/1516
f 1667/1667/1514 1670/1670/1517 1671/1671/1518
f 1667/1667/1514 1671/1671/1518 1668/1668/1515
f 1668/1668/1515 1671/1671/1518 1672/1672/1519
f 1668/1668/1515 1672/1672/1519 1673/1673/1520
f 1669/1669/1516 1668/1668/1515 1673/1673/1520
f 1669/1669/1516 1673/1673/1520 1674/1674/1521
f 1670/1670/1517 1675/1675/1522 1676/1676/1523
f 1670/1670/1517 1676/1676/1523 1671/1671/1518
f 1675/1675/1522 1677/1677/1524 1678/1678/1525
f 1675/1675/1522 1678/1678/1525 1676/1676/1523
f 1676/1676/1523 1678/1678/1525 1679/1679/1526
f 1676/1676/1523 1679/1679/1526 1680/1680/1527
f 1671/1671/1518 1676/1676/1523 1680/1680/1527
f 1671/1671/1518 1680/1680/1527 1672/1672/1519
f 1677/1677/1524 1681/1681/1528 1682/1682/1529
f 1677/1677/1524 1682/1682/1529 1678/1678/1525
f 1681/1681/1528 1683/1683/1530 1684/1684/1531
f 1681/1681/1528 1684/1684/1531 1682/1682/1529
f 1682/1682/1529 1684/1684/1531 1685/1685/1532
f 1682/1682/1529 1685/1685/1532 1686/1686/1533
f 1678/1678/1525 1682/1682/1529 1686/1686/1533
f 1678/1678/1525 1686/1686/1533 1679/1679/1526
f 1687/1687/413 1688/1688/416 1689/1689/1534
f 1687/1687/413 1689/1689/1534 1690/1690/1535
f 1688/1688/416 1691/1691/421 1692/1692/1536
f 1688/1688/416 1692/1692/1536 1689/1689/1534
f 1689/1689/1534 1692/1692/1536 1693/1693/1537
f 1689/1689/1534 1693/1693/1537 1694/1694/1538
f 1690/1690/1535 1689/1689/1534 1694/1694/1538
f 1690/1690/1535 1694/1694/1538 1695/1695/1539
f 1691/1691/421 1696/1696/423 1697/1697/1540
f 1691/1691/421 1697/1697/1540 1692/1692/1536
f 1696/1696/423 1698/1698/427 1699/1699/1541
f 1696/1696/423 1699/1699/1541 1697/1697/1540
f 1697/1697/1540 1699/1699/1541 1700/1700/1542
f 1697/1697/1540 1700/1700/1542 1701/1701/1543
f 1692/1692/1536 1697/1697/1540 1701/1701/1543
f 1692/1692/1536 1701/1701/1543 1693/1693/1537
f 1698/1698/427 1702/1702/429 1703/1703/1544
f 1698/1698/427 1703/1703/1544 1699/1699/1541
f 1702/1702/429 1660/1660/386 1663/1663/1511
f 1702/1702/429 1663/1663/1511 1703/1703/1544
f 1703/1703/1544 1663/1663/1511 1627/1627/1477
f 1703/1703/1544 1627/1627/1477 1704/1704/1545
f 1699/1699/1541 1703/1703/1544 1704/1704/1545
f 1699/1699/1541 1704/1704/1545 1700/1700/1542
f 1705/1705/1546 1706/1706/1547 1707/1707/1548
f 1705/1705/1546 1707/1707/1548 1708/1708/1549
f 1706/1706/1547 1709/1709/1550 1710/1710/1551
f 1706/1706/1547 1710/1710/1551 1707/1707/1548
f 1707/1707/1548 1710/1710/1551 1711/1711/1552
f 1707/1707/1548 1711/1711/1552 1712/1712/1553
f 1708/1708/1549 1707/1707/1548 1712/1712/1553
f 1708/1708/1549 1712/1712/1553 1713/1713/1554
f 1709/1709/1550 1714/1714/1555 1715/1715/1556
f 1709/1709/1550 1715/1715/1556 1710/1710/1551
f 1714/1714/1555 1716/1716/1557 1717/1717/1558
f 1714/1714/1555 1717/1717/1558 1715/1715/1556
f 1715/1715/1556 1717/1717/1558 1718/1718/1559
f 1715/1715/1556 1718/1718/1559 1719/1719/1560
f 1710/1710/1551 1715/1715/1556 1719/1719/1560
f 1710/1710/1551 1719/1719/1560 1711/1711/1552
f 1716/1716/1557 1720/1720/1561 1721/1721/1562
f 1716/1716/1557 1721/1721/1562 1717/1717/1558
f 1720/1720/1561 1656/1656/1506 1658/1658/1508
f 1720/1720/1561 1658/1658/1508 1721/1721/1562
f 1721/1721/1562 1658/1658/1508 1645/1645/1495
f 1721/1721/1562 1645/1645/1495 1722/1722/1563
f 1717/1717/1558 1721/1721/1562 1722/1722/1563
f 1717/1717/1558 1722/1722/1563 1718/1718/1559
f 1723/1723/1564 1724/1724/1565 1725/1725/1566
f 1723/1723/1564 1725/1725/1566 1726/1726/1567
f 1724/1724/1565 1727/1727/1568 1728/1728/1569
f 1724/1724/1565 1728/1728/1569 1725/1725/1566
f 1725/1725/1566 1728/1728/1569 1709/1709/1550
f 1725/1725/1566 1709/1709/1550 1706/1706/1547
f 1726/1726/1567 1725/1725/1566 1706/1706/1547
f 1726/1726/1567 1706/1706/1547 1705/1705/1546
f 1727/1727/1568 1729/1729/1570 1730/1730/1571
f 1727/1727/1568 1730/1730/1571 1728/1728/1569
f 1729/1729/1570 1731/1731/1572 1732/1732/1573
f 1729/1729/1570 1732/1732/1573 1730/1730/1571
f 1730/1730/1571 1732/1732/1573 1716/1716/1557
f 1730/1730/1571 1716/1716/1557 1714/1714/1555
f 1728/1728/1569 1730/1730/1571 1714/1714/1555
f 1728/1728/1569 1714/1714/1555 1709/1709/1550
f 1731/1731/1572 1733/1733/1574 1734/1734/1575
f 1731/1731/1572 1734/1734/1575 1732/1732/1573
f 1733/1733/1574 1635/1635/1485 1652/1652/1502
f 1733/1733/1574 1652/1652/1502 1734/1734/1575
f 1734/1734/1575 1652/1652/1502 1656/1656/1506
f 1734/1734/1575 1656/1656/1506 1720/1720/1561
f 1732/1732/1573 1734/1734/1575 1720/1720/1561
f 1732/1732/1573 1720/1720/1561 1716/1716/1557
f 1713/1713/1554 1712/1712/1553 1735/1735/1576
f 1713/1713/1554 1735/1735/1576 1736/1736/1577
f 1712/1712/1553 1711/1711/1552 1737/1737/1578
f 1712/1712/1553 1737/1737/1578 1735/1735/1576
f 1735/1735/1576 1737/1737/1578 1738/1738/1579
f 1735/1735/1576 1738/1738/1579 1739/1739/1580
f 1736/1736/1577 1735/1735/1576 1739/1739/1580
f 1736/1736/1577 1739/1739/1580 1740/1740/1581
f 1711/1711/1552 1719/1719/1560 1741/1741/1582
f 1711/1711/1552 1741/1741/1582 1737/1737/1578
f 1719/1719/1560 1718/1718/1559 1742/1742/1583
f 1719/1719/1560 1742/1742/1583 1741/1741/1582
f 1741/1741/1582 1742/1742/1583 1743/1743/1584
f 1741/1741/1582 1743/1743/1584 1744/1744/1585
f 1737/1737/1578 1741/1741/1582 1744/1744/1585
f 1737/1737/1578 1744/1744/1585 1738/1738/1579
f 1718/1718/1559 1722/1722/1563 1745/1745/1586
f 1718/1718/1559 1745/1745/1586 1742/1742/1583
f 1722/1722/1563 1645/1645/1495 1648/1648/1498
f 1722/1722/1563 1648/1648/1498 1745/1745/1586
f 1745/1745/1586 1648/1648/1498 1650/1650/1500
f 1745/1745/1586 1650/1650/1500 1746/1746/1587
f 1742/1742/1583 1745/1745/1586 1746/1746/1587
f 1742/1742/1583 1746/1746/1587 1743/1743/1584
f 1740/1740/1581 1739/1739/1580 1747/1747/1588
f 1740/1740/1581 1747/1747/1588 1748/1748/1589
f 1739/1739/1580 1738/1738/1579 1749/1749/1590
f 1739/1739/1580 1749/1749/1590 1747/1747/1588
f 1747/1747/1588 1749/1749/1590 1670/1670/1517
f 1747/1747/1588 1670/1670/1517 1667/1667/1514
f 1748/1748/1589 1747/1747/1588 1667/1667/1514
f 1748/1748/1589 1667/1667/1514 1666/1666/1513
f 1738/1738/1579 1744/1744/1585 1750/1750/1591
f 1738/1738/1579 1750/1750/1591 1749/1749/1590
f 1744/1744/1585 1743/1743/1584 1751/1751/1592
f 1744/1744/1585 1751/1751/1592 1750/1750/1591
f 1750/1750/1591 1751/1751/1592 1677/1677/1524
f 1750/1750/1591 1677/1677/1524 1675/1675/1522
f 1749/1749/1590 1750/1750/1591 1675/1675/1522
f 1749/1749/1590 1675/1675/1522 1670/1670/1517
f 1743/1743/1584 1746/1746/1587 1752/1752/1593
f 1743/1743/1584 1752/1752/1593 1751/1751/1592
f 1746/1746/1587 1650/1650/1500 1753/1753/1594
f 1746/1746/1587 1753/1753/1594 1752/1752/1593
f 1752/1752/1593 1753/1753/1594 1683/1683/1530
f 1752/1752/1593 1683/1683/1530 1681/1681/1528
f 1751/1751/1592 1752/1752/1593 1681/1681/1528
f 1751/1751/1592 1681/1681/1528 1677/1677/1524
f 1695/1695/1539 1694/1694/1538 1754/1754/1595
f 1695/1695/1539 1754/1754/1595 1755/1755/1596
f 1694/1694/1538 1693/1693/1537 1756/1756/1597
f 1694/1694/1538 1756/1756/1597 1754/1754/1595
f 1754/1754/1595 1756/1756/1597 1727/1727/1568
f 1754/1754/1595 1727/1727/1568 1724/1724/1565
f 1755/1755/1596 1754/1754/1595 1724/1724/1565
f 1755/1755/1596 1724/1724/1565 1723/1723/1564
f 1693/1693/1537 1701/1701/1543 1757/1757/1598
f 1693/1693/1537 1757/1757/1598 1756/1756/1597
f 1701/1701/1543 1700/1700/1542 1758/1758/1599
f 1701/1701/1543 1758/1758/1599 1757/1757/1598
f 1757/1757/1598 1758/1758/1599 1731/1731/1572
f 1757/1757/1598 1731/1731/1572 1729/1729/1570
f 1756/1756/1597 1757/1757/1598 1729/1729/1570
f 1756/1756/1597 1729/1729/1570 1727/1727/1568
f 1700/1700/1542 1704/1704/1545 1759/1759/1600
f 1700/1700/1542 1759/1759/1600 1758/1758/1599
f 1704/1704/1545 1627/1627/1477 1630/1630/1480
f 1704/1704/1545 1630/1630/1480 1759/1759/1600
f 1759/1759/1600 1630/1630/1480 1635/1635/1485
f 1759/1759/1600 1635/1635/1485 1733/1733/1574
f 1758/1758/1599 1759/1759/1600 1733/1733/1574
f 1758/1758/1599 1733/1733/1574 1731/1731/1572
f 1760/1760/1601 1761/1761/1602 1762/1762/1603
f 1760/1760/1601 1762/1762/1603 1763/1763/1604
f 1761/1761/1602 1764/1764/1605 1765/1765/1606
f 1761/1761/1602 1765/1765/1606 1762/1762/1603
f 1762/1762/1603 1765/1765/1606 1766/1766/1607
f 1762/1762/1603 1766/1766/1607 1767/1767/1608
f 1763/1763/1604 1762/1762/1603 1767/1767/1608
f 1763/1763/1604 1767/1767/1608 1768/1768/1609
f 1768/1768/1609 1767/1767/1608 1769/1769/1610
f 1768/1768/1609 1769/1769/1610 1770/1770/1611
f 1767/1767/1608 1766/1766/1607 1771/1771/1612
f 1767/1767/1608 1771/1771/1612 1769/1769/1610
f 1769/1769/1610 1771/1771/1612 1772/1772/1613
f 1769/1769/1610 1772/1772/1613 1773/1773/1614
f 1770/1770/1611 1769/1769/1610 1773/1773/1614
f 1770/1770/1611 1773/1773/1614 1774/1774/1615
f 1775/1775/1240 1776/1776/1616 1777/1777/1617
f 1775/1775/1240 1777/1777/1617 1778/1778/1368
f 1776/1776/1616 1779/1779/1618 1780/1780/1619
f 1776/1776/1616 1780/1780/1619 1777/1777/1617
f 1777/1777/1617 1780/1780/1619 1781/1781/504
f 1777/1777/1617 1781/1781/504 1782/1782/503
f 1778/1778/1368 1777/1777/1617 1782/1782/503
f 1778/1778/1368 1782/1782/503 1783/1783/223
f 1784/1784/1393 1785/1785/1620 1786/1786/1621
f 1784/1784/1393 1786/1786/1621 1787/1787/1398
f 1785/1785/1620 1788/1788/1622 1789/1789/1623
f 1785/1785/1620 1789/1789/1623 1786/1786/1621
f 1786/1786/1621 1789/1789/1623 1790/1790/1624
f 1786/1786/1621 1790/1790/1624 1791/1791/1625
f 1787/1787/1398 1786/1786/1621 1791/1791/1625
f 1787/1787/1398 1791/1791/1625 1792/1792/1391
f 1793/1793/1382 1794/1794/1626 1795/1795/1627
f 1793/1793/1382 1795/1795/1627 1796/1796/1422
f 1794/1794/1626 1797/1797/1628 1798/1798/1629
f 1794/1794/1626 1798/1798/1629 1795/1795/1627
f 1795/1795/1627 1798/1798/1629 1799/1799/1630
f 1795/1795/1627 1799/1799/1630 1800/1800/1631
f 1796/1796/1422 1795/1795/1627 1800/1800/1631
f 1796/1796/1422 1800/1800/1631 1801/1801/1255
f 1802/1802/1248 1803/1803/1632 1804/1804/1633
f 1802/1802/1248 1804/1804/1633 1805/1805/1243
f 1803/1803/1632 1806/1806/1634 1807/1807/1635
f 1803/1803/1632 1807/1807/1635 1804/1804/1633
f 1804/1804/1633 1807/1807/1635 1779/1779/1618
f 1804/1804/1633 1779/1779/1618 1776/1776/1616
f 1805/1805/1243 1804/1804/1633 1776/1776/1616
f 1805/1805/1243 1776/1776/1616 1775/1775/1240
f 1808/1808/1380 1809/1809/1636 1810/1810/1637
f 1808/1808/1380 1810/1810/1637 1811/1811/1381
f 1809/1809/1636 1812/1812/1638 1813/1813/1639
f 1809/1809/1636 1813/1813/1639 1810/1810/1637
f 1810/1810/1637 1813/1813/1639 1797/1797/1628
f 1810/1810/1637 1797/1797/1628 1794/1794/1626
f 1811/1811/1381 1810/1810/1637 1794/1794/1626
f 1811/1811/1381 1794/1794/1626 1793/1793/1382
f 1792/1792/1391 1791/1791/1625 1814/1814/1640
f 1792/1792/1391 1814/1814/1640 1815/1815/1392
f 1791/1791/1625 1790/1790/1624 1816/1816/1641
f 1791/1791/1625 1816/1816/1641 1814/1814/1640
f 1814/1814/1640 1816/1816/1641 1817/1817/1642
f 1814/1814/1640 1817/1817/1642 1818/1818/1643
f 1815/1815/1392 1814/1814/1640 1818/1818/1643
f 1815/1815/1392 1818/1818/1643 1819/1819/1384
f 1819/1819/1384 1818/1818/1643 1820/1820/1644
f 1819/1819/1384 1820/1820/1644 1821/1821/1385
f 1818/1818/1643 1817/1817/1642 1822/1822/1645
f 1818/1818/1643 1822/1822/1645 1820/1820/1644
f 1820/1820/1644 1822/1822/1645 1812/1812/1638
f 1820/1820/1644 1812/1812/1638 1809/1809/1636
f 1821/1821/1385 1820/1820/1644 1809/1809/1636
f 1821/1821/1385 1809/1809/1636 1808/1808/1380
f 1823/1823/262 1824/1824/534 1825/1825/1646
f 1823/1823/262 1825/1825/1646 1826/1826/1396
f 1824/1824/534 1827/1827/536 1828/1828/1647
f 1824/1824/534 1828/1828/1647 1825/1825/1646
f 1825/1825/1646 1828/1828/1647 1788/1788/1622
f 1825/1825/1646 1788/1788/1622 1785/1785/1620
f 1826/1826/1396 1825/1825/1646 1785/1785/1620
f 1826/1826/1396 1785/1785/1620 1784/1784/1393
f 1801/1801/1255 1800/1800/1631 1829/1829/1648
f 1801/1801/1255 1829/1829/1648 1830/1830/1462
f 1800/1800/1631 1799/1799/1630 1831/1831/1649
f 1800/1800/1631 1831/1831/1649 1829/1829/1648
f 1829/1829/1648 1831/1831/1649 1806/1806/1634
f 1829/1829/1648 1806/1806/1634 1803/1803/1632
f 1830/1830/1462 1829/1829/1648 1803/1803/1632
f 1830/1830/1462 1803/1803/1632 1802/1802/1248
f 1644/1644/1494 1832/1832/1650 1833/1833/1651
f 1644/1644/1494 1833/1833/1651 1639/1639/1489
f 1832/1832/1650 1834/1834/1652 1835/1835/1653
f 1832/1832/1650 1835/1835/1653 1833/1833/1651
f 1833/1833/1651 1835/1835/1653 1836/1836/1654
f 1833/1833/1651 1836/1836/1654 1837/1837/1655
f 1639/1639/1489 1833/1833/1651 1837/1837/1655
f 1639/1639/1489 1837/1837/1655 1636/1636/1486
f 1838/1838/1656 1839/1839/1657 1840/1840/1658
f 1838/1838/1656 1840/1840/1658 1841/1841/1659
f 1839/1839/1657 1842/1842/553 1843/1843/552
f 1839/1839/1657 1843/1843/552 1840/1840/1658
f 1840/1840/1658 1843/1843/552 1844/1844/551
f 1840/1840/1658 1844/1844/551 1845/1845/1660
f 1841/1841/1659 1840/1840/1658 1845/1845/1660
f 1841/1841/1659 1845/1845/1660 1846/1846/1661
f 1847/1847/1662 1848/1848/1663 1849/1849/1664
f 1847/1847/1662 1849/1849/1664 1850/1850/1665
f 1848/1848/1663 1851/1851/1666 1852/1852/1667
f 1848/1848/1663 1852/1852/1667 1849/1849/1664
f 1849/1849/1664 1852/1852/1667 1853/1853/560
f 1849/1849/1664 1853/1853/560 1854/1854/559
f 1850/1850/1665 1849/1849/1664 1854/1854/559
f 1850/1850/1665 1854/1854/559 1855/1855/558
f 1851/1851/1666 1856/1856/1668 1857/1857/1669
f 1851/1851/1666 1857/1857/1669 1852/1852/1667
f 1856/1856/1668 1846/1846/1661 1845/1845/1660
f 1856/1856/1668 1845/1845/1660 1857/1857/1669
f 1857/1857/1669 1845/1845/1660 1844/1844/551
f 1857/1857/1669 1844/1844/551 1858/1858/565
f 1852/1852/1667 1857/1857/1669 1858/1858/565
f 1852/1852/1667 1858/1858/565 1853/1853/560
f 1838/1838/1656 1841/1841/1659 1859/1859/1670
f 1838/1838/1656 1859/1859/1670 1860/1860/1671
f 1841/1841/1659 1846/1846/1661 1856/1856/1668
f 1841/1841/1659 1856/1856/1668 1859/1859/1670
f 1859/1859/1670 1856/1856/1668 1851/1851/1666
f 1859/1859/1670 1851/1851/1666 1861/1861/1672
f 1860/1860/1671 1859/1859/1670 1861/1861/1672
f 1860/1860/1671 1861/1861/1672 1862/1862/1673
f 1834/1834/1652 1863/1863/1674 1864/1864/1675
f 1834/1834/1652 1864/1864/1675 1835/1835/1653
f 1863/1863/1674 1865/1865/575 1866/1866/574
f 1863/1863/1674 1866/1866/574 1864/1864/1675
f 1864/1864/1675 1866/1866/574 1867/1867/573
f 1864/1864/1675 1867/1867/573 1868/1868/1676
f 1835/1835/1653 1864/1864/1675 1868/1868/1676
f 1835/1835/1653 1868/1868/1676 1836/1836/1654
f 1862/1862/1673 1861/1861/1672 1869/1869/1677
f 1862/1862/1673 1869/1869/1677 1870/1870/1678
f 1861/1861/1672 1851/1851/1666 1848/1848/1663
f 1861/1861/1672 1848/1848/1663 1869/1869/1677
f 1869/1869/1677 1848/1848/1663 1847/1847/1662
f 1869/1869/1677 1847/1847/1662 1871/1871/1679
f 1870/1870/1678 1869/1869/1677 1871/1871/1679
f 1870/1870/1678 1871/1871/1679 1872/1872/1680
f 1636/1636/1486 1873/1873/1681 1874/1874/1682
f 1636/1636/1486 1874/1874/1682 1875/1875/1683
f 1873/1873/1681 1876/1876/587 1877/1877/586
f 1873/1873/1681 1877/1877/586 1874/1874/1682
f 1874/1874/1682 1877/1877/586 1878/1878/585
f 1874/1874/1682 1878/1878/585 1879/1879/1684
f 1875/1875/1683 1874/1874/1682 1879/1879/1684
f 1875/1875/1683 1879/1879/1684 1880/1880/1685
f 1642/1642/1492 1659/1659/1509 1881/1881/1686
f 1642/1642/1492 1881/1881/1686 1643/1643/1493
f 1659/1659/1509 1654/1654/1504 1882/1882/1687
f 1659/1659/1509 1882/1882/1687 1881/1881/1686
f 1881/1881/1686 1882/1882/1687 1872/1872/1680
f 1881/1881/1686 1872/1872/1680 1883/1883/1688
f 1643/1643/1493 1881/1881/1686 1883/1883/1688
f 1643/1643/1493 1883/1883/1688 1644/1644/1494
f 1633/1633/1483 1884/1884/1689 1885/1885/1690
f 1633/1633/1483 1885/1885/1690 1653/1653/1503
f 1884/1884/1689 1862/1862/1673 1870/1870/1678
f 1884/1884/1689 1870/1870/1678 1885/1885/1690
f 1885/1885/1690 1870/1870/1678 1872/1872/1680
f 1885/1885/1690 1872/1872/1680 1882/1882/1687
f 1653/1653/1503 1885/1885/1690 1882/1882/1687
f 1653/1653/1503 1882/1882/1687 1654/1654/1504
f 1631/1631/1481 1665/1665/1512 1886/1886/1691
f 1631/1631/1481 1886/1886/1691 1887/1887/1692
f 1665/1665/1512 1664/1664/391 1888/1888/595
f 1665/1665/1512 1888/1888/595 1886/1886/1691
f 1886/1886/1691 1888/1888/595 1842/1842/553
f 1886/1886/1691 1842/1842/553 1839/1839/1657
f 1887/1887/1692 1886/1886/1691 1839/1839/1657
f 1887/1887/1692 1839/1839/1657 1838/1838/1656
f 1847/1847/1662 1850/1850/1665 1889/1889/1693
f 1847/1847/1662 1889/1889/1693 1890/1890/1694
f 1850/1850/1665 1855/1855/558 1891/1891/598
f 1850/1850/1665 1891/1891/598 1889/1889/1693
f 1889/1889/1693 1891/1891/598 1865/1865/575
f 1889/1889/1693 1865/1865/575 1863/1863/1674
f 1890/1890/1694 1889/1889/1693 1863/1863/1674
f 1890/1890/1694 1863/1863/1674 1834/1834/1652
f 1685/1685/1532 1892/1892/1695 1893/1893/1696
f 1685/1685/1532 1893/1893/1696 1894/1894/1697
f 1892/1892/1695 1880/1880/1685 1879/1879/1684
f 1892/1892/1695 1879/1879/1684 1893/1893/1696
f 1893/1893/1696 1879/1879/1684 1878/1878/585
f 1893/1893/1696 1878/1878/585 1895/1895/603
f 1894/1894/1697 1893/1893/1696 1895/1895/603
f 1894/1894/1697 1895/1895/603 1896/1896/602
f 1897/1897/1698 1898/1898/1699 1899/1899/1700
f 1897/1897/1698 1899/1899/1700 1900/1900/1701
f 1898/1898/1699 1880/1880/1685 1892/1892/1695
f 1898/1898/1699 1892/1892/1695 1899/1899/1700
f 1899/1899/1700 1892/1892/1695 1685/1685/1532
f 1899/1899/1700 1685/1685/1532 1684/1684/1531
f 1900/1900/1701 1899/1899/1700 1684/1684/1531
f 1900/1900/1701 1684/1684/1531 1683/1683/1530
f 1640/1640/1490 1637/1637/1487 1901/1901/1702
f 1640/1640/1490 1901/1901/1702 1902/1902/1703
f 1637/1637/1487 1636/1636/1486 1875/1875/1683
f 1637/1637/1487 1875/1875/1683 1901/1901/1702
f 1901/1901/1702 1875/1875/1683 1880/1880/1685
f 1901/1901/1702 1880/1880/1685 1898/1898/1699
f 1902/1902/1703 1901/1901/1702 1898/1898/1699
f 1902/1902/1703 1898/1898/1699 1897/1897/1698
f 1650/1650/1500 1649/1649/1499 1903/1903/1704
f 1650/1650/1500 1903/1903/1704 1753/1753/1594
f 1649/1649/1499 1640/1640/1490 1902/1902/1703
f 1649/1649/1499 1902/1902/1703 1903/1903/1704
f 1903/1903/1704 1902/1902/1703 1897/1897/1698
f 1903/1903/1704 1897/1897/1698 1900/1900/1701
f 1753/1753/1594 1903/1903/1704 1900/1900/1701
f 1753/1753/1594 1900/1900/1701 1683/1683/1530
f 1779/1779/1618 1904/1904/1705 1905/1905/1706
f 1779/1779/1618 1905/1905/1706 1780/1780/1619
f 1904/1904/1705 1906/1906/1707 1907/1907/1708
f 1904/1904/1705 1907/1907/1708 1905/1905/1706
f 1905/1905/1706 1907/1907/1708 1908/1908/614
f 1905/1905/1706 1908/1908/614 1909/1909/613
f 1780/1780/1619 1905/1905/1706 1909/1909/613
f 1780/1780/1619 1909/1909/613 1781/1781/504
f 1788/1788/1622 1910/1910/1709 1911/1911/1710
f 1788/1788/1622 1911/1911/1710 1789/1789/1623
f 1910/1910/1709 1695/1695/1539 1755/1755/1596
f 1910/1910/1709 1755/1755/1596 1911/1911/1710
f 1911/1911/1710 1755/1755/1596 1723/1723/1564
f 1911/1911/1710 1723/1723/1564 1912/1912/1711
f 1789/1789/1623 1911/1911/1710 1912/1912/1711
f 1789/1789/1623 1912/1912/1711 1790/1790/1624
f 1797/1797/1628 1913/1913/1712 1914/1914/1713
f 1797/1797/1628 1914/1914/1713 1798/1798/1629
f 1913/1913/1712 1740/1740/1581 1748/1748/1589
f 1913/1913/1712 1748/1748/1589 1914/1914/1713
f 1914/1914/1713 1748/1748/1589 1666/1666/1513
f 1914/1914/1713 1666/1666/1513 1915/1915/1714
f 1798/1798/1629 1914/1914/1713 1915/1915/1714
f 1798/1798/1629 1915/1915/1714 1799/1799/1630
f 1806/1806/1634 1916/1916/1715 1917/1917/1716
f 1806/1806/1634 1917/1917/1716 1807/1807/1635
f 1916/1916/1715 1674/1674/1521 1918/1918/1717
f 1916/1916/1715 1918/1918/1717 1917/1917/1716
f 1917/1917/1716 1918/1918/1717 1906/1906/1707
f 1917/1917/1716 1906/1906/1707 1904/1904/1705
f 1807/1807/1635 1917/1917/1716 1904/1904/1705
f 1807/1807/1635 1904/1904/1705 1779/1779/1618
f 1812/1812/1638 1919/1919/1718 1920/1920/1719
f 1812/1812/1638 1920/1920/1719 1813/1813/1639
f 1919/1919/1718 1713/1713/1554 1736/1736/1577
f 1919/1919/1718 1736/1736/1577 1920/1920/1719
f 1920/1920/1719 1736/1736/1577 1740/1740/1581
f 1920/1920/1719 1740/1740/1581 1913/1913/1712
f 1813/1813/1639 1920/1920/1719 1913/1913/1712
f 1813/1813/1639 1913/1913/1712 1797/1797/1628
f 1790/1790/1624 1912/1912/1711 1921/1921/1720
f 1790/1790/1624 1921/1921/1720 1816/1816/1641
f 1912/1912/1711 1723/1723/1564 1726/1726/1567
f 1912/1912/1711 1726/1726/1567 1921/1921/1720
f 1921/1921/1720 1726/1726/1567 1705/1705/1546
f 1921/1921/1720 1705/1705/1546 1922/1922/1721
f 1816/1816/1641 1921/1921/1720 1922/1922/1721
f 1816/1816/1641 1922/1922/1721 1817/1817/1642
f 1817/1817/1642 1922/1922/1721 1923/1923/1722
f 1817/1817/1642 1923/1923/1722 1822/1822/1645
f 1922/1922/1721 1705/1705/1546 1708/1708/1549
f 1922/1922/1721 1708/1708/1549 1923/1923/1722
f 1923/1923/1722 1708/1708/1549 1713/1713/1554
f 1923/1923/1722 1713/1713/1554 1919/1919/1718
f 1822/1822/1645 1923/1923/1722 1919/1919/1718
f 1822/1822/1645 1919/1919/1718 1812/1812/1638
f 1827/1827/536 1924/1924/632 1925/1925/1723
f 1827/1827/536 1925/1925/1723 1828/1828/1647
f 1924/1924/632 1687/1687/413 1690/1690/1535
f 1924/1924/632 1690/1690/1535 1925/1925/1723
f 1925/1925/1723 1690/1690/1535 1695/1695/1539
f 1925/1925/1723 1695/1695/1539 1910/1910/1709
f 1828/1828/1647 1925/1925/1723 1910/1910/1709
f 1828/1828/1647 1910/1910/1709 1788/1788/1622
f 1799/1799/1630 1915/1915/1714 1926/1926/1724
f 1799/1799/1630 1926/1926/1724 1831/1831/1649
f 1915/1915/1714 1666/1666/1513 1669/1669/1516
f 1915/1915/1714 1669/1669/1516 1926/1926/1724
f 1926/1926/1724 1669/1669/1516 1674/1674/1521
f 1926/1926/1724 1674/1674/1521 1916/1916/1715
f 1831/1831/1649 1926/1926/1724 1916/1916/1715
f 1831/1831/1649 1916/1916/1715 1806/1806/1634
f 1341/1341/1232 1340/1340/1231 1927/1927/1725
f 1341/1341/1232 1927/1927/1725 1413/1413/1304
f 1340/1340/1231 1339/1339/1230 1928/1928/1328
f 1340/1340/1231 1928/1928/1328 1927/1927/1725
f 1927/1927/1725 1928/1928/1328 1363/1363/1254
f 1927/1927/1725 1363/1363/1254 1362/1362/1253
f 1413/1413/1304 1927/1927/1725 1362/1362/1253
f 1413/1413/1304 1362/1362/1253 1326/1326/1217
f 1929/1929/1726 1930/1930/1727 1931/1931/1728
f 1929/1929/1726 1931/1931/1728 1932/1932/1729
f 1930/1930/1727 1933/1933/643 1934/1934/642
f 1930/1930/1727 1934/1934/642 1931/1931/1728
f 1931/1931/1728 1934/1934/642 1935/1935/641
f 1931/1931/1728 1935/1935/641 1936/1936/1730
f 1932/1932/1729 1931/1931/1728 1936/1936/1730
f 1932/1932/1729 1936/1936/1730 1937/1937/1731
f 1938/1938/1732 1939/1939/1733 1940/1940/1734
f 1938/1938/1732 1940/1940/1734 1941/1941/1735
f 1939/1939/1733 1942/1942/649 1943/1943/648
f 1939/1939/1733 1943/1943/648 1940/1940/1734
f 1940/1940/1734 1943/1943/648 1933/1933/643
f 1940/1940/1734 1933/1933/643 1930/1930/1727
f 1941/1941/1735 1940/1940/1734 1930/1930/1727
f 1941/1941/1735 1930/1930/1727 1929/1929/1726
f 1944/1944/1736 1945/1945/1737 1946/1946/1738
f 1944/1944/1736 1946/1946/1738 1947/1947/1739
f 1945/1945/1737 1948/1948/655 1949/1949/654
f 1945/1945/1737 1949/1949/654 1946/1946/1738
f 1946/1946/1738 1949/1949/654 1942/1942/649
f 1946/1946/1738 1942/1942/649 1939/1939/1733
f 1947/1947/1739 1946/1946/1738 1939/1939/1733
f 1947/1947/1739 1939/1939/1733 1938/1938/1732
f 1950/1950/1740 1951/1951/1741 1952/1952/1742
f 1950/1950/1740 1952/1952/1742 1953/1953/1743
f 1951/1951/1741 1954/1954/661 1955/1955/660
f 1951/1951/1741 1955/1955/660 1952/1952/1742
f 1952/1952/1742 1955/1955/660 1948/1948/655
f 1952/1952/1742 1948/1948/655 1945/1945/1737
f 1953/1953/1743 1952/1952/1742 1945/1945/1737
f 1953/1953/1743 1945/1945/1737 1944/1944/1736
f 1956/1956/1744 1957/1957/1745 1958/1958/1746
f 1956/1956/1744 1958/1958/1746 1959/1959/1747
f 1957/1957/1745 1960/1960/1748 1961/1961/1749
f 1957/1957/1745 1961/1961/1749 1958/1958/1746
f 1958/1958/1746 1961/1961/1749 1962/1962/1750
f 1958/1958/1746 1962/1962/1750 1963/1963/1751
f 1959/1959/1747 1958/1958/1746 1963/1963/1751
f 1959/1959/1747 1963/1963/1751 1964/1964/1752
f 1960/1960/1748 1965/1965/1753 1966/1966/1754
f 1960/1960/1748 1966/1966/1754 1961/1961/1749
f 1965/1965/1753 1967/1967/1755 1968/1968/1756
f 1965/1965/1753 1968/1968/1756 1966/1966/1754
f 1966/1966/1754 1968/1968/1756 1969/1969/1757
f 1966/1966/1754 1969/1969/1757 1970/1970/1758
f 1961/1961/1749 1966/1966/1754 1970/1970/1758
f 1961/1961/1749 1970/1970/1758 1962/1962/1750
f 1971/1971/1759 1972/1972/1760 1973/1973/1761
f 1971/1971/1759 1973/1973/1761 1974/1974/1762
f 1972/1972/1760 1975/1975/1763 1976/1976/1764
f 1972/1972/1760 1976/1976/1764 1973/1973/1761
f 1973/1973/1761 1976/1976/1764 1977/1977/1765
f 1973/1973/1761 1977/1977/1765 1978/1978/1766
f 1974/1974/1762 1973/1973/1761 1978/1978/1766
f 1974/1974/1762 1978/1978/1766 1979/1979/1767
f 1980/1980/1768 1981/1981/1769 1982/1982/1770
f 1980/1980/1768 1982/1982/1770 1983/1983/1771
f 1981/1981/1769 1950/1950/1740 1953/1953/1743
f 1981/1981/1769 1953/1953/1743 1982/1982/1770
f 1982/1982/1770 1953/1953/1743 1944/1944/1736
f 1982/1982/1770 1944/1944/1736 1984/1984/1772
f 1983/1983/1771 1982/1982/1770 1984/1984/1772
f 1983/1983/1771 1984/1984/1772 1985/1985/1773
f 1986/1986/1774 1987/1987/1775 1988/1988/1776
f 1986/1986/1774 1988/1988/1776 1989/1989/1777
f 1987/1987/1775 1990/1990/1778 1991/1991/1779
f 1987/1987/1775 1991/1991/1779 1988/1988/1776
f 1988/1988/1776 1991/1991/1779 1992/1992/1780
f 1988/1988/1776 1992/1992/1780 1993/1993/1781
f 1989/1989/1777 1988/1988/1776 1993/1993/1781
f 1989/1989/1777 1993/1993/1781 1994/1994/1782
f 1964/1964/1752 1963/1963/1751 1995/1995/1783
f 1964/1964/1752 1995/1995/1783 1996/1996/1784
f 1963/1963/1751 1962/1962/1750 1997/1997/1785
f 1963/1963/1751 1997/1997/1785 1995/1995/1783
f 1995/1995/1783 1997/1997/1785 1998/1998/1786
f 1995/1995/1783 1998/1998/1786 1999/1999/1787
f 1996/1996/1784 1995/1995/1783 1999/1999/1787
f 1996/1996/1784 1999/1999/1787 2000/2000/1788
f 2001/2001/1789 2002/2002/1790 2003/2003/1791
f 2001/2001/1789 2003/2003/1791 2004/2004/1792
f 2002/2002/1790 2005/2005/1793 2006/2006/1794
f 2002/2002/1790 2006/2006/1794 2003/2003/1791
f 2003/2003/1791 2006/2006/1794 2007/2007/1795
f 2003/2003/1791 2007/2007/1795 2008/2008/1796
f 2004/2004/1792 2003/2003/1791 2008/2008/1796
f 2004/2004/1792 2008/2008/1796 2009/2009/1797
f 2010/2010/1798 2011/2011/1799 2012/2012/1800
f 2010/2010/1798 2012/2012/1800 2013/2013/1801
f 2011/2011/1799 2014/2014/1802 2015/2015/1803
f 2011/2011/1799 2015/2015/1803 2012/2012/1800
f 2012/2012/1800 2015/2015/1803 2016/2016/1804
f 2012/2012/1800 2016/2016/1804 2017/2017/1805
f 2013/2013/1801 2012/2012/1800 2017/2017/1805
f 2013/2013/1801 2017/2017/1805 2018/2018/1806
f 1985/1985/1773 1984/1984/1772 2019/2019/1807
f 1985/1985/1773 2019/2019/1807 2020/2020/1808
f 1984/1984/1772 1944/1944/1736 1947/1947/1739
f 1984/1984/1772 1947/1947/1739 2019/2019/1807
f 2019/2019/1807 1947/1947/1739 1938/1938/1732
f 2019/2019/1807 1938/1938/1732 2021/2021/1809
f 2020/2020/1808 2019/2019/1807 2021/2021/1809
f 2020/2020/1808 2021/2021/1809 2022/2022/1810
f 1994/1994/1782 1993/1993/1781 2023/2023/1811
f 1994/1994/1782 2023/2023/1811 2024/2024/1812
f 1993/1993/1781 1992/1992/1780 2025/2025/1813
f 1993/1993/1781 2025/2025/1813 2023/2023/1811
f 2023/2023/1811 2025/2025/1813 2026/2026/1814
f 2023/2023/1811 2026/2026/1814 2027/2027/1815
f 2024/2024/1812 2023/2023/1811 2027/2027/1815
f 2024/2024/1812 2027/2027/1815 2028/2028/1816
f 2000/2000/1788 1999/1999/1787 2029/2029/1817
f 2000/2000/1788 2029/2029/1817 2030/2030/1818
f 1999/1999/1787 1998/1998/1786 2031/2031/1819
f 1999/1999/1787 2031/2031/1819 2029/2029/1817
f 2029/2029/1817 2031/2031/1819 2032/2032/1820
f 2029/2029/1817 2032/2032/1820 2033/2033/1821
f 2030/2030/1818 2029/2029/1817 2033/2033/1821
f 2030/2030/1818 2033/2033/1821 2034/2034/1822
f 2018/2018/1806 2017/2017/1805 2035/2035/1823
f 2018/2018/1806 2035/2035/1823 2036/2036/1824
f 2017/2017/1805 2016/2016/1804 2037/2037/1825
f 2017/2017/1805 2037/2037/1825 2035/2035/1823
f 2035/2035/1823 2037/2037/1825 2038/2038/1826
f 2035/2035/1823 2038/2038/1826 2039/2039/1827
f 2036/2036/1824 2035/2035/1823 2039/2039/1827
f 2036/2036/1824 2039/2039/1827 2040/2040/1828
f 2009/2009/1797 2008/2008/1796 2041/2041/1829
f 2009/2009/1797 2041/2041/1829 2042/2042/1830
f 2008/2008/1796 2007/2007/1795 2043/2043/1831
f 2008/2008/1796 2043/2043/1831 2041/2041/1829
f 2041/2041/1829 2043/2043/1831 2044/2044/1832
f 2041/2041/1829 2044/2044/1832 2045/2045/1833
f 2042/2042/1830 2041/2041/1829 2045/2045/1833
f 2042/2042/1830 2045/2045/1833 2046/2046/1834
f 2022/2022/1810 2021/2021/1809 2047/2047/1835
f 2022/2022/1810 2047/2047/1835 2048/2048/1836
f 2021/2021/1809 1938/1938/1732 1941/1941/1735
f 2021/2021/1809 1941/1941/1735 2047/2047/1835
f 2047/2047/1835 1941/1941/1735 1929/1929/1726
f 2047/2047/1835 1929/1929/1726 2049/2049/1837
f 2048/2048/1836 2047/2047/1835 2049/2049/1837
f 2048/2048/1836 2049/2049/1837 2050/2050/1838
f 2028/2028/1816 2027/2027/1815 2051/2051/1839
f 2028/2028/1816 2051/2051/1839 2052/2052/1840
f 2027/2027/1815 2026/2026/1814 2053/2053/1841
f 2027/2027/1815 2053/2053/1841 2051/2051/1839
f 2051/2051/1839 2053/2053/1841 2054/2054/1842
f 2051/2051/1839 2054/2054/1842 2055/2055/1843
f 2052/2052/1840 2051/2051/1839 2055/2055/1843
f 2052/2052/1840 2055/2055/1843 2056/2056/1844
f 2034/2034/1822 2033/2033/1821 2057/2057/1845
f 2034/2034/1822 2057/2057/1845 2058/2058/1846
f 2033/2033/1821 2032/2032/1820 2059/2059/1847
f 2033/2033/1821 2059/2059/1847 2057/2057/1845
f 2057/2057/1845 2059/2059/1847 2060/2060/1848
f 2057/2057/1845 2060/2060/1848 2061/2061/1849
f 2058/2058/1846 2057/2057/1845 2061/2061/1849
f 2058/2058/1846 2061/2061/1849 2062/2062/1850
f 2032/2032/1820 2063/2063/1851 2064/2064/1852
f 2032/2032/1820 2064/2064/1852 2059/2059/1847
f 2063/2063/1851 2065/2065/1853 2066/2066/1854
f 2063/2063/1851 2066/2066/1854 2064/2064/1852
f 2064/2064/1852 2066/2066/1854 2067/2067/1855
f 2064/2064/1852 2067/2067/1855 2068/2068/1856
f 2059/2059/1847 2064/2064/1852 2068/2068/1856
f 2059/2059/1847 2068/2068/1856 2060/2060/1848
f 2069/2069/1857 2070/2070/1858 2071/2071/1859
f 2069/2069/1857 2071/2071/1859 2072/2072/1860
f 2070/2070/1858 2073/2073/1861 2074/2074/1862
f 2070/2070/1858 2074/2074/1862 2071/2071/1859
f 2071/2071/1859 2074/2074/1862 2075/2075/1863
f 2071/2071/1859 2075/2075/1863 2076/2076/1864
f 2072/2072/1860 2071/2071/1859 2076/2076/1864
f 2072/2072/1860 2076/2076/1864 2077/2077/1865
f 2050/2050/1838 2049/2049/1837 2078/2078/1866
f 2050/2050/1838 2078/2078/1866 2079/2079/1867
f 2049/2049/1837 1929/1929/1726 1932/1932/1729
f 2049/2049/1837 1932/1932/1729 2078/2078/1866
f 2078/2078/1866 1932/1932/1729 1937/1937/1731
f 2078/2078/1866 1937/1937/1731 2080/2080/1868
f 2079/2079/1867 2078/2078/1866 2080/2080/1868
f 2079/2079/1867 2080/2080/1868 2081/2081/1869
f 1971/1971/1759 2082/2082/1870 2083/2083/1871
f 1971/1971/1759 2083/2083/1871 2084/2084/1872
f 2082/2082/1870 1967/1967/1755 2085/2085/1873
f 2082/2082/1870 2085/2085/1873 2083/2083/1871
f 2083/2083/1871 2085/2085/1873 1764/1764/1605
f 2083/2083/1871 1764/1764/1605 2086/2086/1874
f 2084/2084/1872 2083/2083/1871 2086/2086/1874
f 2084/2084/1872 2086/2086/1874 2087/2087/1875
f 1956/1956/1744 2088/2088/1876 2089/2089/1877
f 1956/1956/1744 2089/2089/1877 2090/2090/1878
f 2088/2088/1876 1990/1990/1778 2091/2091/1879
f 2088/2088/1876 2091/2091/1879 2089/2089/1877
f 2089/2089/1877 2091/2091/1879 2092/2092/1880
f 2089/2089/1877 2092/2092/1880 2093/2093/1881
f 2090/2090/1878 2089/2089/1877 2093/2093/1881
f 2090/2090/1878 2093/2093/1881 1772/1772/1613
f 1980/1980/1768 2094/2094/1882 2095/2095/1883
f 1980/1980/1768 2095/2095/1883 2096/2096/1884
f 2094/2094/1882 1975/1975/1763 2097/2097/1885
f 2094/2094/1882 2097/2097/1885 2095/2095/1883
f 2095/2095/1883 2097/2097/1885 2098/2098/1886
f 2095/2095/1883 2098/2098/1886 2099/2099/1887
f 2096/2096/1884 2095/2095/1883 2099/2099/1887
f 2096/2096/1884 2099/2099/1887 2100/2100/1888
f 1967/1967/1755 1965/1965/1753 2101/2101/1889
f 1967/1967/1755 2101/2101/1889 2085/2085/1873
f 1965/1965/1753 1960/1960/1748 2102/2102/1890
f 1965/1965/1753 2102/2102/1890 2101/2101/1889
f 2101/2101/1889 2102/2102/1890 1766/1766/1607
f 2101/2101/1889 1766/1766/1607 1765/1765/1606
f 2085/2085/1873 2101/2101/1889 1765/1765/1606
f 2085/2085/1873 1765/1765/1606 1764/1764/1605
f 2056/2056/1844 2055/2055/1843 2103/2103/1891
f 2056/2056/1844 2103/2103/1891 2104/2104/1892
f 2055/2055/1843 2054/2054/1842 2105/2105/1893
f 2055/2055/1843 2105/2105/1893 2103/2103/1891
f 2103/2103/1891 2105/2105/1893 2106/2106/1894
f 2103/2103/1891 2106/2106/1894 2107/2107/1895
f 2104/2104/1892 2103/2103/1891 2107/2107/1895
f 2104/2104/1892 2107/2107/1895 2108/2108/1896
f 2109/2109/1897 2110/2110/1898 2111/2111/1899
f 2109/2109/1897 2111/2111/1899 2112/2112/1900
f 2110/2110/1898 2092/2092/1880 2091/2091/1879
f 2110/2110/1898 2091/2091/1879 2111/2111/1899
f 2111/2111/1899 2091/2091/1879 1990/1990/1778
f 2111/2111/1899 1990/1990/1778 1987/1987/1775
f 2112/2112/1900 2111/2111/1899 1987/1987/1775
f 2112/2112/1900 1987/1987/1775 1986/1986/1774
f 1954/1954/661 1951/1951/1741 2113/2113/1901
f 1954/1954/661 2113/2113/1901 2114/2114/819
f 1951/1951/1741 1950/1950/1740 2115/2115/1902
f 1951/1951/1741 2115/2115/1902 2113/2113/1901
f 2113/2113/1901 2115/2115/1902 2116/2116/1903
f 2113/2113/1901 2116/2116/1903 2117/2117/1904
f 2114/2114/819 2113/2113/1901 2117/2117/1904
f 2114/2114/819 2117/2117/1904 2118/2118/821
f 889/889/825 892/892/828 2119/2119/1905
f 889/889/825 2119/2119/1905 2120/2120/1906
f 892/892/828 897/897/833 2121/2121/1907
f 892/892/828 2121/2121/1907 2119/2119/1905
f 2119/2119/1905 2121/2121/1907 2122/2122/1908
f 2119/2119/1905 2122/2122/1908 2123/2123/1909
f 2120/2120/1906 2119/2119/1905 2123/2123/1909
f 2120/2120/1906 2123/2123/1909 2124/2124/1910
f 898/898/834 901/901/837 2125/2125/1911
f 898/898/834 2125/2125/1911 2126/2126/1912
f 901/901/837 906/906/842 2127/2127/1913
f 901/901/837 2127/2127/1913 2125/2125/1911
f 2125/2125/1911 2127/2127/1913 2128/2128/1914
f 2125/2125/1911 2128/2128/1914 2129/2129/1915
f 2126/2126/1912 2125/2125/1911 2129/2129/1915
f 2126/2126/1912 2129/2129/1915 2130/2130/1916
f 1950/1950/1740 1981/1981/1769 2131/2131/1917
f 1950/1950/1740 2131/2131/1917 2115/2115/1902
f 1981/1981/1769 1980/1980/1768 2096/2096/1884
f 1981/1981/1769 2096/2096/1884 2131/2131/1917
f 2131/2131/1917 2096/2096/1884 2100/2100/1888
f 2131/2131/1917 2100/2100/1888 2132/2132/1918
f 2115/2115/1902 2131/2131/1917 2132/2132/1918
f 2115/2115/1902 2132/2132/1918 2116/2116/1903
f 2073/2073/1861 2133/2133/1919 2134/2134/1920
f 2073/2073/1861 2134/2134/1920 2074/2074/1862
f 2133/2133/1919 2050/2050/1838 2079/2079/1867
f 2133/2133/1919 2079/2079/1867 2134/2134/1920
f 2134/2134/1920 2079/2079/1867 2081/2081/1869
f 2134/2134/1920 2081/2081/1869 2135/2135/1921
f 2074/2074/1862 2134/2134/1920 2135/2135/1921
f 2074/2074/1862 2135/2135/1921 2075/2075/1863
f 2136/2136/1922 2137/2137/1923 2138/2138/1924
f 2136/2136/1922 2138/2138/1924 2139/2139/1925
f 2137/2137/1923 2140/2140/1926 2141/2141/1927
f 2137/2137/1923 2141/2141/1927 2138/2138/1924
f 2138/2138/1924 2141/2141/1927 2142/2142/1928
f 2138/2138/1924 2142/2142/1928 2143/2143/1929
f 2139/2139/1925 2138/2138/1924 2143/2143/1929
f 2139/2139/1925 2143/2143/1929 2144/2144/1930
f 2145/2145/1931 2146/2146/1932 2147/2147/1933
f 2145/2145/1931 2147/2147/1933 2148/2148/1934
f 2146/2146/1932 2149/2149/1935 2150/2150/1936
f 2146/2146/1932 2150/2150/1936 2147/2147/1933
f 2147/2147/1933 2150/2150/1936 2005/2005/1793
f 2147/2147/1933 2005/2005/1793 2002/2002/1790
f 2148/2148/1934 2147/2147/1933 2002/2002/1790
f 2148/2148/1934 2002/2002/1790 2001/2001/1789
f 1975/1975/1763 2094/2094/1882 2151/2151/1937
f 1975/1975/1763 2151/2151/1937 1976/1976/1764
f 2094/2094/1882 1980/1980/1768 1983/1983/1771
f 2094/2094/1882 1983/1983/1771 2151/2151/1937
f 2151/2151/1937 1983/1983/1771 1985/1985/1773
f 2151/2151/1937 1985/1985/1773 2152/2152/1938
f 1976/1976/1764 2151/2151/1937 2152/2152/1938
f 1976/1976/1764 2152/2152/1938 1977/1977/1765
f 929/929/865 932/932/868 2153/2153/1939
f 929/929/865 2153/2153/1939 2154/2154/1940
f 932/932/868 898/898/834 2126/2126/1912
f 932/932/868 2126/2126/1912 2153/2153/1939
f 2153/2153/1939 2126/2126/1912 2130/2130/1916
f 2153/2153/1939 2130/2130/1916 2155/2155/1941
f 2154/2154/1940 2153/2153/1939 2155/2155/1941
f 2154/2154/1940 2155/2155/1941 2156/2156/1942
f 2157/2157/871 2158/2158/1943 2159/2159/1944
f 2157/2157/871 2159/2159/1944 2160/2160/872
f 2158/2158/1943 2100/2100/1888 2099/2099/1887
f 2158/2158/1943 2099/2099/1887 2159/2159/1944
f 2159/2159/1944 2099/2099/1887 2098/2098/1886
f 2159/2159/1944 2098/2098/1886 2161/2161/1945
f 2160/2160/872 2159/2159/1944 2161/2161/1945
f 2160/2160/872 2161/2161/1945 2162/2162/875
f 2163/2163/1946 2164/2164/1947 2165/2165/1948
f 2163/2163/1946 2165/2165/1948 2166/2166/1949
f 2164/2164/1947 2167/2167/885 2168/2168/884
f 2164/2164/1947 2168/2168/884 2165/2165/1948
f 2165/2165/1948 2168/2168/884 2169/2169/883
f 2165/2165/1948 2169/2169/883 2170/2170/1950
f 2166/2166/1949 2165/2165/1948 2170/2170/1950
f 2166/2166/1949 2170/2170/1950 2171/2171/1951
f 2172/2172/1952 2173/2173/1953 2174/2174/1954
f 2172/2172/1952 2174/2174/1954 2175/2175/1955
f 2173/2173/1953 2163/2163/1946 2166/2166/1949
f 2173/2173/1953 2166/2166/1949 2174/2174/1954
f 2174/2174/1954 2166/2166/1949 2171/2171/1951
f 2174/2174/1954 2171/2171/1951 2176/2176/1956
f 2175/2175/1955 2174/2174/1954 2176/2176/1956
f 2175/2175/1955 2176/2176/1956 2177/2177/1957
f 2178/2178/892 2179/2179/1958 2180/2180/1959
f 2178/2178/892 2180/2180/1959 2181/2181/893
f 2179/2179/1958 2172/2172/1952 2175/2175/1955
f 2179/2179/1958 2175/2175/1955 2180/2180/1959
f 2180/2180/1959 2175/2175/1955 2177/2177/1957
f 2180/2180/1959 2177/2177/1957 2182/2182/1960
f 2181/2181/893 2180/2180/1959 2182/2182/1960
f 2181/2181/893 2182/2182/1960 2183/2183/896
f 2184/2184/1903 2185/2185/1918 2186/2186/1961
f 2184/2184/1903 2186/2186/1961 2187/2187/1962
f 2185/2185/1918 2188/2188/1888 2189/2189/1963
f 2185/2185/1918 2189/2189/1963 2186/2186/1961
f 2186/2186/1961 2189/2189/1963 2163/2163/1946
f 2186/2186/1961 2163/2163/1946 2173/2173/1953
f 2187/2187/1962 2186/2186/1961 2173/2173/1953
f 2187/2187/1962 2173/2173/1953 2172/2172/1952
f 2190/2190/883 2191/2191/902 2192/2192/1964
f 2190/2190/883 2192/2192/1964 2193/2193/1950
f 2191/2191/902 2194/2194/896 2195/2195/1960
f 2191/2191/902 2195/2195/1960 2192/2192/1964
f 2192/2192/1964 2195/2195/1960 2177/2177/1957
f 2192/2192/1964 2177/2177/1957 2176/2176/1956
f 2193/2193/1950 2192/2192/1964 2176/2176/1956
f 2193/2193/1950 2176/2176/1956 2171/2171/1951
f 2196/2196/821 2197/2197/1904 2198/2198/1965
f 2196/2196/821 2198/2198/1965 2199/2199/903
f 2197/2197/1904 2184/2184/1903 2187/2187/1962
f 2197/2197/1904 2187/2187/1962 2198/2198/1965
f 2198/2198/1965 2187/2187/1962 2172/2172/1952
f 2198/2198/1965 2172/2172/1952 2179/2179/1958
f 2199/2199/903 2198/2198/1965 2179/2179/1958
f 2199/2199/903 2179/2179/1958 2178/2178/892
f 2188/2188/1888 2200/2200/1943 2201/2201/1966
f 2188/2188/1888 2201/2201/1966 2189/2189/1963
f 2200/2200/1943 2202/2202/871 2203/2203/906
f 2200/2200/1943 2203/2203/906 2201/2201/1966
f 2201/2201/1966 2203/2203/906 2167/2167/885
f 2201/2201/1966 2167/2167/885 2164/2164/1947
f 2189/2189/1963 2201/2201/1966 2164/2164/1947
f 2189/2189/1963 2164/2164/1947 2163/2163/1946
f 1960/1960/1748 1957/1957/1745 2204/2204/1967
f 1960/1960/1748 2204/2204/1967 2102/2102/1890
f 1957/1957/1745 1956/1956/1744 2090/2090/1878
f 1957/1957/1745 2090/2090/1878 2204/2204/1967
f 2204/2204/1967 2090/2090/1878 1772/1772/1613
f 2204/2204/1967 1772/1772/1613 1771/1771/1612
f 2102/2102/1890 2204/2204/1967 1771/1771/1612
f 2102/2102/1890 1771/1771/1612 1766/1766/1607
f 2054/2054/1842 2205/2205/1968 2206/2206/1969
f 2054/2054/1842 2206/2206/1969 2105/2105/1893
f 2205/2205/1968 2034/2034/1822 2058/2058/1846
f 2205/2205/1968 2058/2058/1846 2206/2206/1969
f 2206/2206/1969 2058/2058/1846 2062/2062/1850
f 2206/2206/1969 2062/2062/1850 2207/2207/1970
f 2105/2105/1893 2206/2206/1969 2207/2207/1970
f 2105/2105/1893 2207/2207/1970 2106/2106/1894
f 2026/2026/1814 2208/2208/1971 2209/2209/1972
f 2026/2026/1814 2209/2209/1972 2053/2053/1841
f 2208/2208/1971 2000/2000/1788 2030/2030/1818
f 2208/2208/1971 2030/2030/1818 2209/2209/1972
f 2209/2209/1972 2030/2030/1818 2034/2034/1822
f 2209/2209/1972 2034/2034/1822 2205/2205/1968
f 2053/2053/1841 2209/2209/1972 2205/2205/1968
f 2053/2053/1841 2205/2205/1968 2054/2054/1842
f 1992/1992/1780 2210/2210/1973 2211/2211/1974
f 1992/1992/1780 2211/2211/1974 2025/2025/1813
f 2210/2210/1973 1964/1964/1752 1996/1996/1784
f 2210/2210/1973 1996/1996/1784 2211/2211/1974
f 2211/2211/1974 1996/1996/1784 2000/2000/1788
f 2211/2211/1974 2000/2000/1788 2208/2208/1971
f 2025/2025/1813 2211/2211/1974 2208/2208/1971
f 2025/2025/1813 2208/2208/1971 2026/2026/1814
f 1990/1990/1778 2088/2088/1876 2212/2212/1975
f 1990/1990/1778 2212/2212/1975 1991/1991/1779
f 2088/2088/1876 1956/1956/1744 1959/1959/1747
f 2088/2088/1876 1959/1959/1747 2212/2212/1975
f 2212/2212/1975 1959/1959/1747 1964/1964/1752
f 2212/2212/1975 1964/1964/1752 2210/2210/1973
f 1991/1991/1779 2212/2212/1975 2210/2210/1973
f 1991/1991/1779 2210/2210/1973 1992/1992/1780
f 2213/2213/1976 2214/2214/1977 2215/2215/1978
f 2213/2213/1976 2215/2215/1978 2216/2216/1979
f 2214/2214/1977 2109/2109/1897 2217/2217/1980
f 2214/2214/1977 2217/2217/1980 2215/2215/1978
f 2215/2215/1978 2217/2217/1980 2218/2218/922
f 2215/2215/1978 2218/2218/922 2219/2219/921
f 2216/2216/1979 2215/2215/1978 2219/2219/921
f 2216/2216/1979 2219/2219/921 2220/2220/920
f 2221/2221/1981 2222/2222/1982 2223/2223/1983
f 2221/2221/1981 2223/2223/1983 2224/2224/1984
f 2222/2222/1982 2092/2092/1880 2110/2110/1898
f 2222/2222/1982 2110/2110/1898 2223/2223/1983
f 2223/2223/1983 2110/2110/1898 2109/2109/1897
f 2223/2223/1983 2109/2109/1897 2214/2214/1977
f 2224/2224/1984 2223/2223/1983 2214/2214/1977
f 2224/2224/1984 2214/2214/1977 2213/2213/1976
f 1772/1772/1613 2093/2093/1881 2225/2225/1985
f 1772/1772/1613 2225/2225/1985 1773/1773/1614
f 2093/2093/1881 2092/2092/1880 2222/2222/1982
f 2093/2093/1881 2222/2222/1982 2225/2225/1985
f 2225/2225/1985 2222/2222/1982 2221/2221/1981
f 2225/2225/1985 2221/2221/1981 2226/2226/1986
f 1773/1773/1614 2225/2225/1985 2226/2226/1986
f 1773/1773/1614 2226/2226/1986 1774/1774/1615
f 1872/1872/1680 1871/1871/1679 2227/2227/1987
f 1872/1872/1680 2227/2227/1987 1883/1883/1688
f 1871/1871/1679 1847/1847/1662 1890/1890/1694
f 1871/1871/1679 1890/1890/1694 2227/2227/1987
f 2227/2227/1987 1890/1890/1694 1834/1834/1652
f 2227/2227/1987 1834/1834/1652 1832/1832/1650
f 1883/1883/1688 2227/2227/1987 1832/1832/1650
f 1883/1883/1688 1832/1832/1650 1644/1644/1494
f 1006/1006/931 1009/1009/934 2228/2228/1988
f 1006/1006/931 2228/2228/1988 2229/2229/1989
f 1009/1009/934 889/889/825 2120/2120/1906
f 1009/1009/934 2120/2120/1906 2228/2228/1988
f 2228/2228/1988 2120/2120/1906 2124/2124/1910
f 2228/2228/1988 2124/2124/1910 2230/2230/1990
f 2229/2229/1989 2228/2228/1988 2230/2230/1990
f 2229/2229/1989 2230/2230/1990 2231/2231/1991
f 2232/2232/1992 2233/2233/1993 2234/2234/1994
f 2232/2232/1992 2234/2234/1994 2235/2235/1995
f 2233/2233/1993 2062/2062/1850 2061/2061/1849
f 2233/2233/1993 2061/2061/1849 2234/2234/1994
f 2234/2234/1994 2061/2061/1849 2060/2060/1848
f 2234/2234/1994 2060/2060/1848 2236/2236/1996
f 2235/2235/1995 2234/2234/1994 2236/2236/1996
f 2235/2235/1995 2236/2236/1996 2237/2237/1997
f 2237/2237/1997 2236/2236/1996 2238/2238/1998
f 2237/2237/1997 2238/2238/1998 2239/2239/1999
f 2236/2236/1996 2060/2060/1848 2068/2068/1856
f 2236/2236/1996 2068/2068/1856 2238/2238/1998
f 2238/2238/1998 2068/2068/1856 2067/2067/1855
f 2238/2238/1998 2067/2067/1855 2240/2240/2000
f 2239/2239/1999 2238/2238/1998 2240/2240/2000
f 2239/2239/1999 2240/2240/2000 2241/2241/2001
f 2242/2242/2002 2243/2243/2003 2244/2244/2004
f 2242/2242/2002 2244/2244/2004 2245/2245/2005
f 2243/2243/2003 2077/2077/1865 2076/2076/1864
f 2243/2243/2003 2076/2076/1864 2244/2244/2004
f 2244/2244/2004 2076/2076/1864 2075/2075/1863
f 2244/2244/2004 2075/2075/1863 2246/2246/2006
f 2245/2245/2005 2244/2244/2004 2246/2246/2006
f 2245/2245/2005 2246/2246/2006 2247/2247/2007
f 2248/2248/2008 2249/2249/2009 2250/2250/2010
f 2248/2248/2008 2250/2250/2010 2251/2251/2011
f 2249/2249/2009 2081/2081/1869 2080/2080/1868
f 2249/2249/2009 2080/2080/1868 2250/2250/2010
f 2250/2250/2010 2080/2080/1868 1937/1937/1731
f 2250/2250/2010 1937/1937/1731 2252/2252/2012
f 2251/2251/2011 2250/2250/2010 2252/2252/2012
f 2251/2251/2011 2252/2252/2012 2253/2253/2013
f 2247/2247/2007 2246/2246/2006 2254/2254/2014
f 2247/2247/2007 2254/2254/2014 2255/2255/2015
f 2246/2246/2006 2075/2075/1863 2135/2135/1921
f 2246/2246/2006 2135/2135/1921 2254/2254/2014
f 2254/2254/2014 2135/2135/1921 2081/2081/1869
f 2254/2254/2014 2081/2081/1869 2249/2249/2009
f 2255/2255/2015 2254/2254/2014 2249/2249/2009
f 2255/2255/2015 2249/2249/2009 2248/2248/2008
f 2256/2256/2016 2257/2257/2017 2258/2258/2018
f 2256/2256/2016 2258/2258/2018 2259/2259/2019
f 2257/2257/2017 2106/2106/1894 2207/2207/1970
f 2257/2257/2017 2207/2207/1970 2258/2258/2018
f 2258/2258/2018 2207/2207/1970 2062/2062/1850
f 2258/2258/2018 2062/2062/1850 2233/2233/1993
f 2259/2259/2019 2258/2258/2018 2233/2233/1993
f 2259/2259/2019 2233/2233/1993 2232/2232/1992
f 2253/2253/2013 2252/2252/2012 2260/2260/2020
f 2253/2253/2013 2260/2260/2020 2261/2261/2021
f 2252/2252/2012 1937/1937/1731 1936/1936/1730
f 2252/2252/2012 1936/1936/1730 2260/2260/2020
f 2260/2260/2020 1936/1936/1730 1935/1935/641
f 2260/2260/2020 1935/1935/641 2262/2262/968
f 2261/2261/2021 2260/2260/2020 2262/2262/968
f 2261/2261/2021 2262/2262/968 2263/2263/967
f 1836/1836/1654 1868/1868/1676 2264/2264/2022
f 1836/1836/1654 2264/2264/2022 1837/1837/1655
f 1868/1868/1676 1867/1867/573 2265/2265/970
f 1868/1868/1676 2265/2265/970 2264/2264/2022
f 2264/2264/2022 2265/2265/970 1876/1876/587
f 2264/2264/2022 1876/1876/587 1873/1873/1681
f 1837/1837/1655 2264/2264/2022 1873/1873/1681
f 1837/1837/1655 1873/1873/1681 1636/1636/1486
f 2266/2266/2023 2267/2267/2024 2268/2268/2025
f 2266/2266/2023 2268/2268/2025 2269/2269/2026
f 2267/2267/2024 2108/2108/1896 2107/2107/1895
f 2267/2267/2024 2107/2107/1895 2268/2268/2025
f 2268/2268/2025 2107/2107/1895 2106/2106/1894
f 2268/2268/2025 2106/2106/1894 2257/2257/2017
f 2269/2269/2026 2268/2268/2025 2257/2257/2017
f 2269/2269/2026 2257/2257/2017 2256/2256/2016
f 906/906/842 1051/1051/976 2270/2270/2027
f 906/906/842 2270/2270/2027 2127/2127/1913
f 1051/1051/976 1055/1055/980 2271/2271/2028
f 1051/1051/976 2271/2271/2028 2270/2270/2027
f 2270/2270/2027 2271/2271/2028 2272/2272/2029
f 2270/2270/2027 2272/2272/2029 2273/2273/2030
f 2127/2127/1913 2270/2270/2027 2273/2273/2030
f 2127/2127/1913 2273/2273/2030 2128/2128/1914
f 1975/1975/1763 1972/1972/1760 2274/2274/2031
f 1975/1975/1763 2274/2274/2031 2097/2097/1885
f 1972/1972/1760 1971/1971/1759 2084/2084/1872
f 1972/1972/1760 2084/2084/1872 2274/2274/2031
f 2274/2274/2031 2084/2084/1872 2087/2087/1875
f 2274/2274/2031 2087/2087/1875 2275/2275/2032
f 2097/2097/1885 2274/2274/2031 2275/2275/2032
f 2097/2097/1885 2275/2275/2032 2098/2098/1886
f 2065/2065/1853 2276/2276/2033 2277/2277/2034
f 2065/2065/1853 2277/2277/2034 2066/2066/1854
f 2276/2276/2033 2069/2069/1857 2072/2072/1860
f 2276/2276/2033 2072/2072/1860 2277/2277/2034
f 2277/2277/2034 2072/2072/1860 2077/2077/1865
f 2277/2277/2034 2077/2077/1865 2278/2278/2035
f 2066/2066/1854 2277/2277/2034 2278/2278/2035
f 2066/2066/1854 2278/2278/2035 2067/2067/1855
f 2279/2279/2036 2280/2280/2037 2281/2281/2038
f 2279/2279/2036 2281/2281/2038 2282/2282/2039
f 2280/2280/2037 2283/2283/2040 2284/2284/2041
f 2280/2280/2037 2284/2284/2041 2281/2281/2038
f 2281/2281/2038 2284/2284/2041 2285/2285/2042
f 2281/2281/2038 2285/2285/2042 2286/2286/2043
f 2282/2282/2039 2281/2281/2038 2286/2286/2043
f 2282/2282/2039 2286/2286/2043 2287/2287/2044
f 2288/2288/2045 2289/2289/2046 2290/2290/2047
f 2288/2288/2045 2290/2290/2047 2291/2291/2048
f 2289/2289/2046 2292/2292/2049 2293/2293/2050
f 2289/2289/2046 2293/2293/2050 2290/2290/2047
f 2290/2290/2047 2293/2293/2050 2014/2014/1802
f 2290/2290/2047 2014/2014/1802 2011/2011/1799
f 2291/2291/2048 2290/2290/2047 2011/2011/1799
f 2291/2291/2048 2011/2011/1799 2010/2010/1798
f 1967/1967/1755 2082/2082/1870 2294/2294/2051
f 1967/1967/1755 2294/2294/2051 1968/1968/1756
f 2082/2082/1870 1971/1971/1759 1974/1974/1762
f 2082/2082/1870 1974/1974/1762 2294/2294/2051
f 2294/2294/2051 1974/1974/1762 1979/1979/1767
f 2294/2294/2051 1979/1979/1767 2295/2295/2052
f 1968/1968/1756 2294/2294/2051 2295/2295/2052
f 1968/1968/1756 2295/2295/2052 1969/1969/1757
f 2098/2098/1886 2275/2275/2032 2296/2296/2053
f 2098/2098/1886 2296/2296/2053 2161/2161/1945
f 2275/2275/2032 2087/2087/1875 2297/2297/2054
f 2275/2275/2032 2297/2297/2054 2296/2296/2053
f 2296/2296/2053 2297/2297/2054 2298/2298/1005
f 2296/2296/2053 2298/2298/1005 2299/2299/1004
f 2161/2161/1945 2296/2296/2053 2299/2299/1004
f 2161/2161/1945 2299/2299/1004 2162/2162/875
f 2087/2087/1875 2086/2086/1874 2300/2300/2055
f 2087/2087/1875 2300/2300/2055 2297/2297/2054
f 2086/2086/1874 1764/1764/1605 2301/2301/2056
f 2086/2086/1874 2301/2301/2056 2300/2300/2055
f 2300/2300/2055 2301/2301/2056 2302/2302/1009
f 2300/2300/2055 2302/2302/1009 2303/2303/1008
f 2297/2297/2054 2300/2300/2055 2303/2303/1008
f 2297/2297/2054 2303/2303/1008 2298/2298/1005
f 1764/1764/1605 1761/1761/1602 2304/2304/2057
f 1764/1764/1605 2304/2304/2057 2301/2301/2056
f 1761/1761/1602 1760/1760/1601 2305/2305/2058
f 1761/1761/1602 2305/2305/2058 2304/2304/2057
f 2304/2304/2057 2305/2305/2058 2306/2306/1013
f 2304/2304/2057 2306/2306/1013 2307/2307/1012
f 2301/2301/2056 2304/2304/2057 2307/2307/1012
f 2301/2301/2056 2307/2307/1012 2302/2302/1009
f 2241/2241/2001 2240/2240/2000 2308/2308/2059
f 2241/2241/2001 2308/2308/2059 2309/2309/2060
f 2240/2240/2000 2067/2067/1855 2278/2278/2035
f 2240/2240/2000 2278/2278/2035 2308/2308/2059
f 2308/2308/2059 2278/2278/2035 2077/2077/1865
f 2308/2308/2059 2077/2077/1865 2243/2243/2003
f 2309/2309/2060 2308/2308/2059 2243/2243/2003
f 2309/2309/2060 2243/2243/2003 2242/2242/2002
f 897/897/833 1093/1093/1018 2310/2310/2061
f 897/897/833 2310/2310/2061 2121/2121/1907
f 1093/1093/1018 1097/1097/1022 2311/2311/2062
f 1093/1093/1018 2311/2311/2062 2310/2310/2061
f 2310/2310/2061 2311/2311/2062 2312/2312/2063
f 2310/2310/2061 2312/2312/2063 2313/2313/2064
f 2121/2121/1907 2310/2310/2061 2313/2313/2064
f 2121/2121/1907 2313/2313/2064 2122/2122/1908
f 2314/2314/1023 2315/2315/2065 2316/2316/2066
f 2314/2314/1023 2316/2316/2066 2317/2317/1024
f 2315/2315/2065 2056/2056/1844 2104/2104/1892
f 2315/2315/2065 2104/2104/1892 2316/2316/2066
f 2316/2316/2066 2104/2104/1892 2108/2108/1896
f 2316/2316/2066 2108/2108/1896 2318/2318/2067
f 2317/2317/1024 2316/2316/2066 2318/2318/2067
f 2317/2317/1024 2318/2318/2067 2319/2319/1027
f 2320/2320/1029 2321/2321/2068 2322/2322/2069
f 2320/2320/1029 2322/2322/2069 2323/2323/1030
f 2321/2321/2068 2028/2028/1816 2052/2052/1840
f 2321/2321/2068 2052/2052/1840 2322/2322/2069
f 2322/2322/2069 2052/2052/1840 2056/2056/1844
f 2322/2322/2069 2056/2056/1844 2315/2315/2065
f 2323/2323/1030 2322/2322/2069 2315/2315/2065
f 2323/2323/1030 2315/2315/2065 2314/2314/1023
f 2324/2324/1033 2325/2325/2070 2326/2326/2071
f 2324/2324/1033 2326/2326/2071 2327/2327/1034
f 2325/2325/2070 1994/1994/1782 2024/2024/1812
f 2325/2325/2070 2024/2024/1812 2326/2326/2071
f 2326/2326/2071 2024/2024/1812 2028/2028/1816
f 2326/2326/2071 2028/2028/1816 2321/2321/2068
f 2327/2327/1034 2326/2326/2071 2321/2321/2068
f 2327/2327/1034 2321/2321/2068 2320/2320/1029
f 2328/2328/1037 2329/2329/2072 2330/2330/2073
f 2328/2328/1037 2330/2330/2073 2331/2331/1038
f 2329/2329/2072 1986/1986/1774 1989/1989/1777
f 2329/2329/2072 1989/1989/1777 2330/2330/2073
f 2330/2330/2073 1989/1989/1777 1994/1994/1782
f 2330/2330/2073 1994/1994/1782 2325/2325/2070
f 2331/2331/1038 2330/2330/2073 2325/2325/2070
f 2331/2331/1038 2325/2325/2070 2324/2324/1033
f 2218/2218/922 2217/2217/1980 2332/2332/2074
f 2218/2218/922 2332/2332/2074 2333/2333/1041
f 2217/2217/1980 2109/2109/1897 2112/2112/1900
f 2217/2217/1980 2112/2112/1900 2332/2332/2074
f 2332/2332/2074 2112/2112/1900 1986/1986/1774
f 2332/2332/2074 1986/1986/1774 2329/2329/2072
f 2333/2333/1041 2332/2332/2074 2329/2329/2072
f 2333/2333/1041 2329/2329/2072 2328/2328/1037
f 2334/2334/920 2335/2335/1044 2336/2336/2075
f 2334/2334/920 2336/2336/2075 2337/2337/1979
f 2335/2335/1044 1908/1908/614 1907/1907/1708
f 2335/2335/1044 1907/1907/1708 2336/2336/2075
f 2336/2336/2075 1907/1907/1708 1906/1906/1707
f 2336/2336/2075 1906/1906/1707 2338/2338/2076
f 2337/2337/1979 2336/2336/2075 2338/2338/2076
f 2337/2337/1979 2338/2338/2076 2339/2339/1976
f 2339/2339/1976 2338/2338/2076 2340/2340/2077
f 2339/2339/1976 2340/2340/2077 2341/2341/1984
f 2338/2338/2076 1906/1906/1707 1918/1918/1717
f 2338/2338/2076 1918/1918/1717 2340/2340/2077
f 2340/2340/2077 1918/1918/1717 1674/1674/1521
f 2340/2340/2077 1674/1674/1521 2342/2342/2078
f 2341/2341/1984 2340/2340/2077 2342/2342/2078
f 2341/2341/1984 2342/2342/2078 2343/2343/1981
f 2343/2343/1981 2342/2342/2078 2344/2344/2079
f 2343/2343/1981 2344/2344/2079 2345/2345/1986
f 2342/2342/2078 1674/1674/1521 1673/1673/1520
f 2342/2342/2078 1673/1673/1520 2344/2344/2079
f 2344/2344/2079 1673/1673/1520 1672/1672/1519
f 2344/2344/2079 1672/1672/1519 2346/2346/2080
f 2345/2345/1986 2344/2344/2079 2346/2346/2080
f 2345/2345/1986 2346/2346/2080 2347/2347/1615
f 2347/2347/1615 2346/2346/2080 2348/2348/2081
f 2347/2347/1615 2348/2348/2081 2349/2349/1611
f 2346/2346/2080 1672/1672/1519 1680/1680/1527
f 2346/2346/2080 1680/1680/1527 2348/2348/2081
f 2348/2348/2081 1680/1680/1527 1679/1679/1526
f 2348/2348/2081 1679/1679/1526 2350/2350/2082
f 2349/2349/1611 2348/2348/2081 2350/2350/2082
f 2349/2349/1611 2350/2350/2082 2351/2351/1609
f 2351/2351/1609 2350/2350/2082 2352/2352/2083
f 2351/2351/1609 2352/2352/2083 2353/2353/1604
f 2350/2350/2082 1679/1679/1526 1686/1686/1533
f 2350/2350/2082 1686/1686/1533 2352/2352/2083
f 2352/2352/2083 1686/1686/1533 1685/1685/1532
f 2352/2352/2083 1685/1685/1532 2354/2354/2084
f 2353/2353/1604 2352/2352/2083 2354/2354/2084
f 2353/2353/1604 2354/2354/2084 2355/2355/1601
f 2355/2355/1601 2354/2354/2084 2356/2356/2085
f 2355/2355/1601 2356/2356/2085 2357/2357/2058
f 2354/2354/2084 1685/1685/1532 1894/1894/1697
f 2354/2354/2084 1894/1894/1697 2356/2356/2085
f 2356/2356/2085 1894/1894/1697 1896/1896/602
f 2356/2356/2085 1896/1896/602 2358/2358/1055
f 2357/2357/2058 2356/2356/2085 2358/2358/1055
f 2357/2357/2058 2358/2358/1055 2359/2359/1013
f 2360/2360/1056 2361/2361/1059 2362/2362/2086
f 2360/2360/1056 2362/2362/2086 2363/2363/2087
f 2361/2361/1059 2319/2319/1027 2318/2318/2067
f 2361/2361/1059 2318/2318/2067 2362/2362/2086
f 2362/2362/2086 2318/2318/2067 2108/2108/1896
f 2362/2362/2086 2108/2108/1896 2267/2267/2024
f 2363/2363/2087 2362/2362/2086 2267/2267/2024
f 2363/2363/2087 2267/2267/2024 2266/2266/2023
f 2124/2124/1910 2364/2364/2088 2365/2365/2089
f 2124/2124/1910 2365/2365/2089 2230/2230/1990
f 2364/2364/2088 2366/2366/1992 2367/2367/1995
f 2364/2364/2088 2367/2367/1995 2365/2365/2089
f 2365/2365/2089 2367/2367/1995 2368/2368/1997
f 2365/2365/2089 2368/2368/1997 2369/2369/2090
f 2230/2230/1990 2365/2365/2089 2369/2369/2090
f 2230/2230/1990 2369/2369/2090 2231/2231/1991
f 2231/2231/1991 2369/2369/2090 2370/2370/2091
f 2231/2231/1991 2370/2370/2091 2371/2371/2092
f 2369/2369/2090 2368/2368/1997 2372/2372/1999
f 2369/2369/2090 2372/2372/1999 2370/2370/2091
f 2370/2370/2091 2372/2372/1999 2373/2373/2001
f 2370/2370/2091 2373/2373/2001 2374/2374/2093
f 2371/2371/2092 2370/2370/2091 2374/2374/2093
f 2371/2371/2092 2374/2374/2093 2375/2375/2094
f 2272/2272/2029 2376/2376/2095 2377/2377/2096
f 2272/2272/2029 2377/2377/2096 2273/2273/2030
f 2376/2376/2095 2378/2378/2002 2379/2379/2005
f 2376/2376/2095 2379/2379/2005 2377/2377/2096
f 2377/2377/2096 2379/2379/2005 2380/2380/2007
f 2377/2377/2096 2380/2380/2007 2381/2381/2097
f 2273/2273/2030 2377/2377/2096 2381/2381/2097
f 2273/2273/2030 2381/2381/2097 2128/2128/1914
f 2130/2130/1916 2382/2382/2098 2383/2383/2099
f 2130/2130/1916 2383/2383/2099 2155/2155/1941
f 2382/2382/2098 2384/2384/2008 2385/2385/2011
f 2382/2382/2098 2385/2385/2011 2383/2383/2099
f 2383/2383/2099 2385/2385/2011 2386/2386/2013
f 2383/2383/2099 2386/2386/2013 2387/2387/2100
f 2155/2155/1941 2383/2383/2099 2387/2387/2100
f 2155/2155/1941 2387/2387/2100 2156/2156/1942
f 2128/2128/1914 2381/2381/2097 2388/2388/2101
f 2128/2128/1914 2388/2388/2101 2129/2129/1915
f 2381/2381/2097 2380/2380/2007 2389/2389/2015
f 2381/2381/2097 2389/2389/2015 2388/2388/2101
f 2388/2388/2101 2389/2389/2015 2384/2384/2008
f 2388/2388/2101 2384/2384/2008 2382/2382/2098
f 2129/2129/1915 2388/2388/2101 2382/2382/2098
f 2129/2129/1915 2382/2382/2098 2130/2130/1916
f 2122/2122/1908 2390/2390/2102 2391/2391/2103
f 2122/2122/1908 2391/2391/2103 2123/2123/1909
f 2390/2390/2102 2392/2392/2016 2393/2393/2019
f 2390/2390/2102 2393/2393/2019 2391/2391/2103
f 2391/2391/2103 2393/2393/2019 2366/2366/1992
f 2391/2391/2103 2366/2366/1992 2364/2364/2088
f 2123/2123/1909 2391/2391/2103 2364/2364/2088
f 2123/2123/1909 2364/2364/2088 2124/2124/1910
f 2156/2156/1942 2387/2387/2100 2394/2394/2104
f 2156/2156/1942 2394/2394/2104 2154/2154/1940
f 2387/2387/2100 2386/2386/2013 2395/2395/2021
f 2387/2387/2100 2395/2395/2021 2394/2394/2104
f 2394/2394/2104 2395/2395/2021 1180/1180/967
f 2394/2394/2104 1180/1180/967 1179/1179/1077
f 2154/2154/1940 2394/2394/2104 1179/1179/1077
f 2154/2154/1940 1179/1179/1077 929/929/865
f 2312/2312/2063 2396/2396/2105 2397/2397/2106
f 2312/2312/2063 2397/2397/2106 2313/2313/2064
f 2396/2396/2105 2398/2398/2023 2399/2399/2026
f 2396/2396/2105 2399/2399/2026 2397/2397/2106
f 2397/2397/2106 2399/2399/2026 2392/2392/2016
f 2397/2397/2106 2392/2392/2016 2390/2390/2102
f 2313/2313/2064 2397/2397/2106 2390/2390/2102
f 2313/2313/2064 2390/2390/2102 2122/2122/1908
f 2375/2375/2094 2374/2374/2093 2400/2400/2107
f 2375/2375/2094 2400/2400/2107 2401/2401/2108
f 2374/2374/2093 2373/2373/2001 2402/2402/2060
f 2374/2374/2093 2402/2402/2060 2400/2400/2107
f 2400/2400/2107 2402/2402/2060 2378/2378/2002
f 2400/2400/2107 2378/2378/2002 2376/2376/2095
f 2401/2401/2108 2400/2400/2107 2376/2376/2095
f 2401/2401/2108 2376/2376/2095 2272/2272/2029
f 1097/1097/1022 1190/1190/1083 2403/2403/2109
f 1097/1097/1022 2403/2403/2109 2311/2311/2062
f 1190/1190/1083 1192/1192/1056 2404/2404/2087
f 1190/1190/1083 2404/2404/2087 2403/2403/2109
f 2403/2403/2109 2404/2404/2087 2398/2398/2023
f 2403/2403/2109 2398/2398/2023 2396/2396/2105
f 2311/2311/2062 2403/2403/2109 2396/2396/2105
f 2311/2311/2062 2396/2396/2105 2312/2312/2063
f 1006/1006/931 2229/2229/1989 2405/2405/2110
f 1006/1006/931 2405/2405/2110 1193/1193/1084
f 2229/2229/1989 2231/2231/1991 2371/2371/2092
f 2229/2229/1989 2371/2371/2092 2405/2405/2110
f 2405/2405/2110 2371/2371/2092 2375/2375/2094
f 2405/2405/2110 2375/2375/2094 2406/2406/2111
f 1193/1193/1084 2405/2405/2110 2406/2406/2111
f 1193/1193/1084 2406/2406/2111 1195/1195/1086
f 1195/1195/1086 2406/2406/2111 2407/2407/2112
f 1195/1195/1086 2407/2407/2112 1197/1197/1088
f 2406/2406/2111 2375/2375/2094 2401/2401/2108
f 2406/2406/2111 2401/2401/2108 2407/2407/2112
f 2407/2407/2112 2401/2401/2108 2272/2272/2029
f 2407/2407/2112 2272/2272/2029 2271/2271/2028
f 1197/1197/1088 2407/2407/2112 2271/2271/2028
f 1197/1197/1088 2271/2271/2028 1055/1055/980
f 2408/2408/1806 2409/2409/2113 2410/2410/2114
f 2408/2408/1806 2410/2410/2114 2411/2411/1801
f 2409/2409/2113 2065/2065/1853 2063/2063/1851
f 2409/2409/2113 2063/2063/1851 2410/2410/2114
f 2410/2410/2114 2063/2063/1851 2032/2032/1820
f 2410/2410/2114 2032/2032/1820 2412/2412/2115
f 2411/2411/1801 2410/2410/2114 2412/2412/2115
f 2411/2411/1801 2412/2412/2115 2413/2413/1798
f 2414/2414/1922 2415/2415/2116 2416/2416/2117
f 2414/2414/1922 2416/2416/2117 2417/2417/2118
f 2415/2415/2116 2073/2073/1861 2070/2070/1858
f 2415/2415/2116 2070/2070/1858 2416/2416/2117
f 2416/2416/2117 2070/2070/1858 2069/2069/1857
f 2416/2416/2117 2069/2069/1857 2418/2418/2119
f 2417/2417/2118 2416/2416/2117 2418/2418/2119
f 2417/2417/2118 2418/2418/2119 2419/2419/1828
f 2420/2420/2044 2421/2421/2120 2422/2422/2121
f 2420/2420/2044 2422/2422/2121 2423/2423/2039
f 2421/2421/2120 1962/1962/1750 1970/1970/1758
f 2421/2421/2120 1970/1970/1758 2422/2422/2121
f 2422/2422/2121 1970/1970/1758 1969/1969/1757
f 2422/2422/2121 1969/1969/1757 2424/2424/2122
f 2423/2423/2039 2422/2422/2121 2424/2424/2122
f 2423/2423/2039 2424/2424/2122 2425/2425/2036
f 2426/2426/1834 2427/2427/2123 2428/2428/2124
f 2426/2426/1834 2428/2428/2124 2429/2429/1830
f 2427/2427/2123 1979/1979/1767 1978/1978/1766
f 2427/2427/2123 1978/1978/1766 2428/2428/2124
f 2428/2428/2124 1978/1978/1766 1977/1977/1765
f 2428/2428/2124 1977/1977/1765 2430/2430/2125
f 2429/2429/1830 2428/2428/2124 2430/2430/2125
f 2429/2429/1830 2430/2430/2125 2431/2431/1797
f 2432/2432/2045 2433/2433/2126 2434/2434/2127
f 2432/2432/2045 2434/2434/2127 2435/2435/2128
f 2433/2433/2126 1998/1998/1786 1997/1997/1785
f 2433/2433/2126 1997/1997/1785 2434/2434/2127
f 2434/2434/2127 1997/1997/1785 1962/1962/1750
f 2434/2434/2127 1962/1962/1750 2421/2421/2120
f 2435/2435/2128 2434/2434/2127 2421/2421/2120
f 2435/2435/2128 2421/2421/2120 2420/2420/2044
f 2413/2413/1798 2412/2412/2115 2436/2436/2129
f 2413/2413/1798 2436/2436/2129 2437/2437/2048
f 2412/2412/2115 2032/2032/1820 2031/2031/1819
f 2412/2412/2115 2031/2031/1819 2436/2436/2129
f 2436/2436/2129 2031/2031/1819 1998/1998/1786
f 2436/2436/2129 1998/1998/1786 2433/2433/2126
f 2437/2437/2048 2436/2436/2129 2433/2433/2126
f 2437/2437/2048 2433/2433/2126 2432/2432/2045
f 2438/2438/1930 2439/2439/2130 2440/2440/2131
f 2438/2438/1930 2440/2440/2131 2441/2441/1925
f 2439/2439/2130 2050/2050/1838 2133/2133/1919
f 2439/2439/2130 2133/2133/1919 2440/2440/2131
f 2440/2440/2131 2133/2133/1919 2073/2073/1861
f 2440/2440/2131 2073/2073/1861 2415/2415/2116
f 2441/2441/1925 2440/2440/2131 2415/2415/2116
f 2441/2441/1925 2415/2415/2116 2414/2414/1922
f 2431/2431/1797 2430/2430/2125 2442/2442/2132
f 2431/2431/1797 2442/2442/2132 2443/2443/1792
f 2430/2430/2125 1977/1977/1765 2152/2152/1938
f 2430/2430/2125 2152/2152/1938 2442/2442/2132
f 2442/2442/2132 2152/2152/1938 1985/1985/1773
f 2442/2442/2132 1985/1985/1773 2444/2444/2133
f 2443/2443/1792 2442/2442/2132 2444/2444/2133
f 2443/2443/1792 2444/2444/2133 2445/2445/1789
f 2446/2446/1931 2447/2447/2134 2448/2448/2135
f 2446/2446/1931 2448/2448/2135 2449/2449/2136
f 2447/2447/2134 2022/2022/1810 2048/2048/1836
f 2447/2447/2134 2048/2048/1836 2448/2448/2135
f 2448/2448/2135 2048/2048/1836 2050/2050/1838
f 2448/2448/2135 2050/2050/1838 2439/2439/2130
f 2449/2449/2136 2448/2448/2135 2439/2439/2130
f 2449/2449/2136 2439/2439/2130 2438/2438/1930
f 2445/2445/1789 2444/2444/2133 2450/2450/2137
f 2445/2445/1789 2450/2450/2137 2451/2451/1934
f 2444/2444/2133 1985/1985/1773 2020/2020/1808
f 2444/2444/2133 2020/2020/1808 2450/2450/2137
f 2450/2450/2137 2020/2020/1808 2022/2022/1810
f 2450/2450/2137 2022/2022/1810 2447/2447/2134
f 2451/2451/1934 2450/2450/2137 2447/2447/2134
f 2451/2451/1934 2447/2447/2134 2446/2446/1931
f 2419/2419/1828 2418/2418/2119 2452/2452/2138
f 2419/2419/1828 2452/2452/2138 2453/2453/1824
f 2418/2418/2119 2069/2069/1857 2276/2276/2033
f 2418/2418/2119 2276/2276/2033 2452/2452/2138
f 2452/2452/2138 2276/2276/2033 2065/2065/1853
f 2452/2452/2138 2065/2065/1853 2409/2409/2113
f 2453/2453/1824 2452/2452/2138 2409/2409/2113
f 2453/2453/1824 2409/2409/2113 2408/2408/1806
f 2425/2425/2036 2424/2424/2122 2454/2454/2139
f 2425/2425/2036 2454/2454/2139 2455/2455/2140
f 2424/2424/2122 1969/1969/1757 2295/2295/2052
f 2424/2424/2122 2295/2295/2052 2454/2454/2139
f 2454/2454/2139 2295/2295/2052 1979/1979/1767
f 2454/2454/2139 1979/1979/1767 2427/2427/2123
f 2455/2455/2140 2454/2454/2139 2427/2427/2123
f 2455/2455/2140 2427/2427/2123 2426/2426/1834
f 2285/2285/2042 2284/2284/2041 2456/2456/2141
f 2285/2285/2042 2456/2456/2141 2457/2457/2142
f 2284/2284/2041 2283/2283/2040 2458/2458/2143
f 2284/2284/2041 2458/2458/2143 2456/2456/2141
f 2456/2456/2141 2458/2458/2143 2459/2459/2144
f 2456/2456/2141 2459/2459/2144 2460/2460/2145
f 2457/2457/2142 2456/2456/2141 2460/2460/2145
f 2457/2457/2142 2460/2460/2145 2292/2292/2049
f 2044/2044/1832 2043/2043/1831 2461/2461/2146
f 2044/2044/1832 2461/2461/2146 2462/2462/2147
f 2043/2043/1831 2007/2007/1795 2463/2463/2148
f 2043/2043/1831 2463/2463/2148 2461/2461/2146
f 2461/2461/2146 2463/2463/2148 2464/2464/2149
f 2461/2461/2146 2464/2464/2149 2465/2465/2150
f 2462/2462/2147 2461/2461/2146 2465/2465/2150
f 2462/2462/2147 2465/2465/2150 2466/2466/2151
f 2292/2292/2049 2460/2460/2145 2467/2467/2152
f 2292/2292/2049 2467/2467/2152 2293/2293/2050
f 2460/2460/2145 2459/2459/2144 2468/2468/2153
f 2460/2460/2145 2468/2468/2153 2467/2467/2152
f 2467/2467/2152 2468/2468/2153 2016/2016/1804
f 2467/2467/2152 2016/2016/1804 2015/2015/1803
f 2293/2293/2050 2467/2467/2152 2015/2015/1803
f 2293/2293/2050 2015/2015/1803 2014/2014/1802
f 2466/2466/2151 2465/2465/2150 2469/2469/2154
f 2466/2466/2151 2469/2469/2154 2470/2470/2155
f 2465/2465/2150 2464/2464/2149 2471/2471/2156
f 2465/2465/2150 2471/2471/2156 2469/2469/2154
f 2469/2469/2154 2471/2471/2156 2140/2140/1926
f 2469/2469/2154 2140/2140/1926 2472/2472/2157
f 2470/2470/2155 2469/2469/2154 2472/2472/2157
f 2470/2470/2155 2472/2472/2157 2038/2038/1826
f 2464/2464/2149 2473/2473/2158 2474/2474/2159
f 2464/2464/2149 2474/2474/2159 2471/2471/2156
f 2473/2473/2158 2149/2149/1935 2475/2475/2160
f 2473/2473/2158 2475/2475/2160 2474/2474/2159
f 2474/2474/2159 2475/2475/2160 2142/2142/1928
f 2474/2474/2159 2142/2142/1928 2141/2141/1927
f 2471/2471/2156 2474/2474/2159 2141/2141/1927
f 2471/2471/2156 2141/2141/1927 2140/2140/1926
f 2007/2007/1795 2006/2006/1794 2476/2476/2161
f 2007/2007/1795 2476/2476/2161 2463/2463/2148
f 2006/2006/1794 2005/2005/1793 2150/2150/1936
f 2006/2006/1794 2150/2150/1936 2476/2476/2161
f 2476/2476/2161 2150/2150/1936 2149/2149/1935
f 2476/2476/2161 2149/2149/1935 2473/2473/2158
f 2463/2463/2148 2476/2476/2161 2473/2473/2158
f 2463/2463/2148 2473/2473/2158 2464/2464/2149
f 2459/2459/2144 2477/2477/2162 2478/2478/2163
f 2459/2459/2144 2478/2478/2163 2468/2468/2153
f 2477/2477/2162 2466/2466/2151 2470/2470/2155
f 2477/2477/2162 2470/2470/2155 2478/2478/2163
f 2478/2478/2163 2470/2470/2155 2038/2038/1826
f 2478/2478/2163 2038/2038/1826 2037/2037/1825
f 2468/2468/2153 2478/2478/2163 2037/2037/1825
f 2468/2468/2153 2037/2037/1825 2016/2016/1804
f 2283/2283/2040 2479/2479/2164 2480/2480/2165
f 2283/2283/2040 2480/2480/2165 2458/2458/2143
f 2479/2479/2164 2044/2044/1832 2462/2462/2147
f 2479/2479/2164 2462/2462/2147 2480/2480/2165
f 2480/2480/2165 2462/2462/2147 2466/2466/2151
f 2480/2480/2165 2466/2466/2151 2477/2477/2162
f 2458/2458/2143 2480/2480/2165 2477/2477/2162
f 2458/2458/2143 2477/2477/2162 2459/2459/2144
f 2287/2287/2044 2286/2286/2043 2481/2481/2166
f 2287/2287/2044 2481/2481/2166 2482/2482/2128
f 2286/2286/2043 2285/2285/2042 2457/2457/2142
f 2286/2286/2043 2457/2457/2142 2481/2481/2166
f 2481/2481/2166 2457/2457/2142 2292/2292/2049
f 2481/2481/2166 2292/2292/2049 2289/2289/2046
f 2482/2482/2128 2481/2481/2166 2289/2289/2046
f 2482/2482/2128 2289/2289/2046 2288/2288/2045
f 2046/2046/1834 2045/2045/1833 2483/2483/2167
f 2046/2046/1834 2483/2483/2167 2484/2484/2140
f 2045/2045/1833 2044/2044/1832 2479/2479/2164
f 2045/2045/1833 2479/2479/2164 2483/2483/2167
f 2483/2483/2167 2479/2479/2164 2283/2283/2040
f 2483/2483/2167 2283/2283/2040 2280/2280/2037
f 2484/2484/2140 2483/2483/2167 2280/2280/2037
f 2484/2484/2140 2280/2280/2037 2279/2279/2036
f 2040/2040/1828 2039/2039/1827 2485/2485/2168
f 2040/2040/1828 2485/2485/2168 2486/2486/2118
f 2039/2039/1827 2038/2038/1826 2472/2472/2157
f 2039/2039/1827 2472/2472/2157 2485/2485/2168
f 2485/2485/2168 2472/2472/2157 2140/2140/1926
f 2485/2485/2168 2140/2140/1926 2137/2137/1923
f 2486/2486/2118 2485/2485/2168 2137/2137/1923
f 2486/2486/2118 2137/2137/1923 2136/2136/1922
f 2144/2144/1930 2143/2143/1929 2487/2487/2169
f 2144/2144/1930 2487/2487/2169 2488/2488/2136
f 2143/2143/1929 2142/2142/1928 2475/2475/2160
f 2143/2143/1929 2475/2475/2160 2487/2487/2169
f 2487/2487/2169 2475/2475/2160 2149/2149/1935
f 2487/2487/2169 2149/2149/1935 2146/2146/1932
f 2488/2488/2136 2487/2487/2169 2146/2146/1932
f 2488/2488/2136 2146/2146/1932 2145/2145/1931
f 1631/1631/1481 1887/1887/1692 2489/2489/2170
f 1631/1631/1481 2489/2489/2170 1632/1632/1482
f 1887/1887/1692 1838/1838/1656 1860/1860/1671
f 1887/1887/1692 1860/1860/1671 2489/2489/2170
f 2489/2489/2170 1860/1860/1671 1862/1862/1673
f 2489/2489/2170 1862/1862/1673 1884/1884/1689
f 1632/1632/1482 2489/2489/2170 1884/1884/1689
f 1632/1632/1482 1884/1884/1689 1633/1633/1483
# Vertices: 2489, normals: 2170, texture coordinates: 2489, faces: 4288

